publish_date,headline_category,headline_text
20010102,unknown,Status quo will not be disturbed at Ayodhya; says Vajpayee
20010102,unknown,Fissures in Hurriyat over Pak visit
20010102,unknown,America's unwanted heading for India?
20010102,unknown,For bigwigs; it is destination Goa
20010102,unknown,Extra buses to clear tourist traffic
20010102,unknown,Dilute the power of transfers; says Riberio
20010102,unknown,Focus shifts to teaching of Hindi
20010102,unknown,IT will become compulsory in schools
20010102,unknown,Move to stop freedom fighters' pension flayed
20010102,unknown,Gilani claims he applied for passport 2 years ago
20010102,unknown,Parivar dismisses PM's warning
20010102,unknown,India; Pak exchange lists of N-plants
20010102,unknown,Will Qureshi's return really help the govt?
20010102,unknown,PM's tacit message: Put Ram tample on hold
20010102,unknown,Text of the Prime Minister's article
20010102,unknown,NCW to focus on violence against women
20010102,unknown,BBC's reality TV will focus on AIIMS
20010102,unknown,Jaitley firm on legal reforms
20010102,unknown,Hoshangabad farmers have enough water
20010102,unknown,BJP jumps into rail track conversion issue
20010102,unknown,America's unwanted heading for India?
20010102,unknown,State may take AP to court over Krishna
20010102,unknown,This official has sued the briber
20010102,unknown,Park turns temple compound as residents watch
20010102,unknown,Moves afoot to evict squatters in Urban dist
20010102,unknown,Mafia calls the shots in Gandhinagar too
20010102,unknown,Status quo will not be disturbed at Ayodhya; says Vajpayee
20010102,unknown,Fissures in Hurriyat over Pak visit
20010102,unknown,America's unwanted heading for India?
20010102,unknown,For bigwigs; it is destination Goa
20010102,unknown,Extra buses to clear tourist traffic
20010102,unknown,Dilute the power of transfers; says Riberio
20010102,unknown,Focus shifts to teaching of Hindi
20010102,unknown,IT will become compulsory in schools
20010102,unknown,Move to stop freedom fighters' pension flayed
20010102,unknown,Gilani claims he applied for passport 2 years ago
20010102,unknown,Parivar dismisses PM's warning
20010102,unknown,India; Pak exchange lists of N-plants
20010102,unknown,Will Qureshi's return really help the govt?
20010102,unknown,PM's tacit message: Put Ram tample on hold
20010102,unknown,Text of the Prime Minister's article
20010102,unknown,NCW to focus on violence against women
20010102,unknown,BBC's reality TV will focus on AIIMS
20010102,unknown,Jaitley firm on legal reforms
20010102,unknown,Hoshangabad farmers have enough water
20010102,unknown,BJP jumps into rail track conversion issue
20010102,unknown,America's unwanted heading for India?
20010102,unknown,State may take AP to court over Krishna
20010102,unknown,This official has sued the briber
20010102,unknown,Park turns temple compound as residents watch
20010102,unknown,Moves afoot to evict squatters in Urban dist
20010102,unknown,Mafia calls the shots in Gandhinagar too
20010102,unknown,Come to Nandi Hills...and you can fly
20010102,unknown,HAL approached for super jumbo project
20010102,unknown,Nagathihalli returns with Preethiya Hudugi
20010102,unknown,Fashion in the future
20010102,unknown,Promises to keep
20010102,unknown,Home is where the holistic science is
20010102,unknown,A noisy effort to spruce up Commercial Street
20010102,unknown,The best music of the year
20010102,unknown,Redemption night; amid some rock
20010102,unknown,Consul is back from month-long leave
20010102,unknown,Bomb hoax triggers panic in Canara Bank
20010102,unknown,Petition over ministers' assets dismissed
20010102,unknown,He beat polio; but a truck driver's is no life
20010102,unknown,Destroying myths and doubts on sexuality
20010102,unknown,Planning Dept seeks Rs 350 crore more
20010102,unknown,More engg colleges if needed in state: Govt
20010102,unknown,Auto driver's murder: 4 held
20010102,unknown,Meet held on cashew crop forecasting
20010102,unknown,Awareness rally on AIDS today
20010102,unknown,Record power generation at RTPS
20010102,unknown,Move to stop freedom fighters' pension flayed
20010102,unknown,Snags delay digital maps of city
20010102,unknown,Making education a people's movement
20010102,unknown,Murder spoils 2001 party in Dharwad
20010102,unknown,Now a website on a seer
20010102,unknown,Akki-Alur and Ranebennur peaceful
20010102,unknown,Weekly editor resorts to hunger strike
20010102,unknown,Bickering cost Dal(S) seats; admits Gowda
20010102,unknown,BJP to block traffic statewide on Jan 6
20010102,unknown,Dr Patwardhan to be felicitated
20010102,unknown,Lingambudhi will be turned into bird sanctuary
20010102,unknown,Cactus which made it to Guinness is dying
20010102,unknown,VIPs suffer as power supply is stopped to govt guest houses
20010102,entertainment.hindi.bollywood,Raju Chacha
20010103,unknown,Powerless north India gropes in the dark
20010103,unknown,Think again; Laxman tells Sangh Parivar
20010103,unknown,Hurriyat undecided over team to Pakistan
20010103,unknown,Vajpayee wants to put reforms on fast track
20010103,unknown,Stephen Hawking keeps date with Mumbai
20010103,unknown,Anti-Hrithik or anti-hopelessness
20010103,unknown,Govt plans stadium near Panaji
20010103,unknown,BJP doing a volte face on casinos: Cong
20010103,unknown,3 watershed projects on the anvil
20010103,unknown,No report yet on fire in Udyog Bhavan
20010103,unknown,He is the king of 'five star' industry
20010103,unknown,Petrol pump sealed for selling adulterated fuel
20010103,unknown,Milk price up by Rs 1 per litre
20010103,unknown,Congress House is no-smoking zone
20010103,unknown,Rural weightage: Govt reassures Governor
20010103,unknown,Bride gets honeymoon surprise: Chopper ride
20010103,unknown,Is hangover a sign of alcoholicism?
20010103,unknown,Almatti: AP to wait and watch
20010103,unknown,10-year-old girl missing
20010103,unknown,Hear his messages from the heart
20010103,unknown,Dance like no one's watching
20010103,unknown,From reel love to real love
20010103,unknown,Power row: Bribe attempt charge denied
20010103,unknown,Lakshamma's cry for help heard
20010103,unknown,It's shopping time for your newborn
20010103,unknown,Con games on the catwalk
20010103,unknown,They are here to help us
20010103,unknown,These noisy spots are hurting your ears
20010103,unknown,Flat tyres; flat music and a few famous faces
20010103,unknown,Yogananda birth anniversary fete on Dec 5
20010103,unknown,Tumkur gets 243 borewells
20010103,unknown,Over 2000 workers hit by lockout
20010103,unknown,Child project officer held for fraud
20010103,unknown,BCC holds talks on budget
20010103,unknown,Skybus metro trains on agenda
20010103,unknown,A disciple awaits a miracle from his Goddess
20010103,unknown,TOI scribe among Press Academy awardees
20010103,unknown,Talent Search exams on April 29
20010103,unknown,Ban orders extended in Ranebennur
20010103,unknown,Army turns to HAL for Lancer supply
20010103,entertainment.hindi.bollywood,'Devdas': Jinxed?
20010104,unknown,The string that pulled Stephen Hawking to India
20010104,unknown,Vajpayee gives big push to tech education; R&D
20010104,unknown,Norms for private role in banking tightened
20010104,unknown,A Maha Kumbh of media players
20010104,unknown,Net lottery: A winner or a sucker?
20010104,unknown,Us and the PM's Musings
20010104,unknown,Milosevic to be charged with 'abuse of office'
20010104,unknown,Tabu: Bar Bar Dekho
20010104,unknown,Anupam Kher: Sliver Spoon!
20010104,unknown,Aftab Shivdasani: Career Cares!
20010104,unknown,Court reserves judgment on custody of Ilyasi's daughter
20010104,unknown,A museum far from the madding crowds
20010104,unknown,Bangla Oppn leader issues 'fatwa' against judges
20010104,unknown,Hawking set to inspire science glitterati
20010104,unknown,Mission for technology education; more funds for R&D
20010104,unknown,Mental illness can pass from parent to child
20010104,unknown,Cholera outbreak source traced
20010104,unknown,Mathematics permeates human civilisation
20010104,unknown,Bangla Oppn leader issues 'fatwa' against judges
20010104,unknown,Bangladesh govt asks for Hamoodur Rahman report
20010104,unknown,Bangladesh 'scrutinising' citizen's death in US embassy
20010104,unknown,Claire Danes inks to star in 'It's About Love'
20010104,unknown,Hollywood posts record 9th year of box office gains
20010104,unknown,Akashdeep: Ghaath Ka Saath!
20010104,unknown,Great loss to Indian racing
20010104,unknown,The saga of Usha Stud Farm
20010104,unknown,Red Radior wins Victory Zone Cup
20010104,unknown,Race put off
20010104,unknown,Cyril sends Byron Black packing
20010104,unknown,Dent has the fastest serve in Chennai meet
20010104,unknown,Basu gives call to stop infighting
20010104,unknown,Violence mar Mamata's meeting in Midnapore
20010104,unknown,The string that pulled Stephen Hawking to India
20010104,unknown,Norms for private role in banking tightened
20010104,unknown,Net lottery: A winner or a sucker?
20010104,unknown,Us and the PM's Musings
20010104,unknown,Milosevic to be charged with 'abuse of office'
20010104,unknown,Tabu: Bar Bar Dekho
20010104,unknown,Anupam Kher: Sliver Spoon!
20010104,unknown,Court reserves judgment on custody of Ilyasi's daughter
20010104,unknown,A museum far from the madding crowds
20010104,unknown,Bangla Oppn leader issues 'fatwa' against judges
20010104,unknown,Court reserves judgment on custody of Ilyasi's daughter
20010104,unknown,String theory set to become one of hottest pieces of physics
20010104,unknown,Hawking set to inspire science glitterati
20010104,unknown,Mission for technology education; more funds for R&D
20010104,unknown,Mission for technology education; more funds for R&D
20010104,unknown,Mental illness can pass from parent to child
20010104,unknown,Cholera outbreak source traced
20010104,unknown,Mathematics permeates human civilisation
20010104,unknown,The string that pulled Stephen Hawking to India
20010104,unknown,Vajpayee gives big push to tech education; R&D
20010104,unknown,Norms for private role in banking tightened
20010104,unknown,A Maha Kumbh of media players
20010104,unknown,Net lottery: A winner or a sucker?
20010104,unknown,Us and the PM's Musings
20010104,unknown,Milosevic to be charged with 'abuse of office'
20010104,unknown,Tabu: Bar Bar Dekho
20010104,unknown,Anupam Kher: Sliver Spoon!
20010104,unknown,Aftab Shivdasani: Career Cares!
20010104,unknown,Court reserves judgment on custody of Ilyasi's daughter
20010104,unknown,A museum far from the madding crowds
20010104,unknown,Four more Iranians admit to role in serial murders
20010104,unknown,Bangla Oppn leader issues 'fatwa' against judges
20010104,unknown,String theory set to become one of hottest pieces of physics
20010104,unknown,Hawking set to inspire science glitterati
20010104,unknown,Mission for technology education; more funds for R&D
20010104,unknown,Mental illness can pass from parent to child
20010104,unknown,Cholera outbreak source traced
20010104,unknown,Mathematics permeates human civilisation
20010104,unknown,Bangla Oppn leader issues 'fatwa' against judges
20010104,unknown,Bangladesh govt asks for Hamoodur Rahman report
20010104,unknown,Bangladesh 'scrutinising' citizen's death in US embassy
20010104,unknown,Hollywood posts record 9th year of box office gains
20010104,unknown,Great loss to Indian racing
20010104,unknown,The saga of Usha Stud Farm
20010104,unknown,Red Radior wins Victory Zone Cup
20010104,unknown,Race put off
20010104,unknown,Basu gives call to stop infighting
20010104,unknown,Violence mar Mamata's meeting in Midnapore
20010104,unknown,CPT to have new pilot system by Jan 15
20010104,unknown,Film industry concerned about piracy
20010104,unknown,City drainage system being modernised
20010104,unknown,Keeping the Gandhian dream alive
20010104,unknown,An archaeologist par excellence
20010104,unknown,Education body overshoots self-imposed deadline
20010104,unknown,PIL urges to seek flood relief from UN
20010104,unknown,Sen urges country to exploit its tourism potential
20010104,unknown,CMC to issue notice to builder
20010104,unknown,World govt touted as solution to crises
20010104,unknown,ASI team digs up part of Fatehpur Sikri
20010104,unknown,Lara joins elite club
20010104,unknown,Cullinan hits fourth Newlands hundred
20010104,unknown,Cronje case behind low cricket match attendance
20010104,unknown,Indian refusal cost PCB 2.4 cr
20010104,unknown,Das ready to face the short-pitch stuff
20010104,unknown,Haldipur; Lahiri in good stand
20010104,unknown,DU North Zone inter-varsity cricket champions
20010104,unknown,Kolkata gears up for Millennium Cup
20010104,unknown,Right choice is the key; says Iranian coach
20010104,unknown,Rajasthan lose lead and match
20010104,unknown,Hockey hopes rest on flowerin talent
20010104,unknown,Anand may get Padmabhushan
20010104,unknown,Emotion-choked Chennai showers love on Anand
20010104,unknown,Close battle for Mahindra Golfer; 2001
20010104,unknown,Indian Blues off to a good start
20010104,unknown,Ramgarh beat Royal Kashmir in Hanut Cup polo
20010104,unknown,Anand may get Padmabhushan
20010104,unknown,Cullinan hits fourth Newlands hundred
20010104,unknown,Ex-mayor takes up cudgels against Kothrud garbage depot
20010104,unknown,India is no IT superpower
20010104,unknown,A clean sweep
20010104,unknown,The Sphinx can act too
20010104,unknown,Giving audio-video education a cutting edge
20010104,unknown,Govt orders study of river diversion
20010104,unknown,Govt bears burden as VIPs throng Goa
20010104,unknown,Goa told to start quick-growth coconut project
20010104,unknown,Experts discuss horticulture development
20010104,unknown,5 acquitted in trespassing case
20010104,unknown,Development of horticulture stressed
20010104,unknown,New office-bearers for ICSI
20010104,unknown,CM to review security for Premji; Murthy
20010104,unknown,Govt allots UKP project to KPC
20010104,unknown,Star hotels in city get tech-savvy
20010104,unknown,When principals wed
20010104,unknown,Misbehaving conductors face action
20010104,unknown,Pubs are on the watch for violence
20010104,unknown,Celestial show awaits aircraft lovers
20010104,unknown,Kannada organisations oppose felicitating Nedumaran
20010104,unknown,Civic polls: Minister refutes BJP charges
20010104,unknown,Oh; for that black & white magic!
20010104,unknown,No clue about kidnapped boy
20010104,unknown,New year hash: They paid Rs 18;000; went hungry
20010104,unknown,5;000 anganwadis to get buildings
20010104,unknown,Cops shoot at sandalwood smugglers; nab one
20010104,unknown,Tribute-paying ritual for Patel today
20010104,unknown,A life snuffed out needlessly
20010104,unknown,PM arriving on a 2-day visit
20010104,unknown,Make mysterious kidnap drama secret public
20010104,unknown,Pollution makes these residents see red
20010104,unknown,Behind the walls; it's celebration time
20010104,unknown,Corporate cricket has lot of scope
20010104,unknown,An art gallery for the underprivileged
20010104,unknown,Annual Infant Jesus feast from Jan 14
20010104,unknown,Ex-Karnataka HC judge visits Bahrain
20010104,india,Dudhwa tiger died of starvation; not poisoning
20010104,city.bengaluru,Three in race for chief secy's post
20010104,city.patna,Druggists' stir leads to shortage of medicines
20010104,business.india-business,Car dealers caught in Bihar sales tax ruling
20010104,entertainment.english.hollywood,Space Cowboys
20010104,city.bengaluru,He's not so inscrutable
20010104,city.delhi,DPCC stages Nyay rally
20010104,entertainment.english.hollywood,Unbreakable
20010105,unknown,Light combat craft takes India into club class
20010105,unknown,Hawkings' day out
20010105,unknown,Light combat craft takes India into club class
20010105,unknown,Easy drugs at raves keep Goa hot on tourist circuit
20010105,unknown,CM defends grant to Chaturang
20010105,unknown,Faleiro vows to fight common cadre proposal
20010105,unknown,Sawant questions casino licences
20010105,unknown,MPT posts good show in 2000
20010105,unknown,Ex-GPCC chief against separate cadre
20010105,unknown,Meeting to review anti-defection law
20010105,unknown,Telecom team win play contest
20010105,unknown,Guala Closures bags ISO 9002 certificate
20010105,unknown,Bush names Lindsey top economic aide
20010105,unknown,Bush names Lindsey top economic aide
20010105,unknown,Indian American boy confesses to parents' murder
20010105,unknown,Anti-immigration think-tank berates Clinton regime
20010105,unknown,Sikh teacher guilty of assaulting student
20010105,unknown,Australia; New Zealand urged to accept Indo-Fijian refugees
20010105,unknown,If Rabuka can go free; why not us: Speight partner
20010105,unknown,Tailor Sam's famous clientele
20010105,unknown,Malaysian medics testify about demonstrators' injuries
20010105,unknown,Philippine soldiers arrest bombing suspects
20010105,unknown,Chinese stranded in Dhaka repatriated
20010105,unknown,It's long haul yet for the LCA
20010105,unknown,Captain Courageous says dream has come true
20010105,unknown,LCA to be good enough for next 45 yrs
20010105,unknown,LCA to be top in avionics; strike capability
20010105,unknown,Light combat craft takes India into club class
20010105,unknown,Hawkings' day out
20010105,unknown,Easy drugs at raves keep Goa hot on tourist circuit
20010105,unknown,CM defends grant to Chaturang
20010105,unknown,Faleiro vows to fight common cadre proposal
20010105,unknown,Sawant questions casino licences
20010105,unknown,MPT posts good show in 2000
20010105,unknown,Ex-GPCC chief against separate cadre
20010105,unknown,Meeting to review anti-defection law
20010105,unknown,Telecom team win play contest
20010105,unknown,Guala Closures bags ISO 9002 certificate
20010105,unknown,Bush names Lindsey top economic aide
20010105,unknown,Bush names Lindsey top economic aide
20010105,unknown,Indian American boy confesses to parents' murder
20010105,unknown,Indian American boy confesses to parents' murder
20010105,unknown,Anti-immigration think-tank berates Clinton regime
20010105,unknown,Sikh teacher guilty of assaulting student
20010105,unknown,Australia; New Zealand urged to accept Indo-Fijian refugees
20010105,unknown,If Rabuka can go free; why not us: Speight partner
20010105,unknown,Tailor Sam's famous clientele
20010105,unknown,Malaysian medics testify about demonstrators' injuries
20010105,unknown,Philippine soldiers arrest bombing suspects
20010105,unknown,Chinese stranded in Dhaka repatriated
20010105,unknown,Light combat craft takes India into club class
20010105,unknown,It's long haul yet for the LCA
20010105,unknown,Captain Courageous says dream has come true
20010105,unknown,LCA to be good enough for next 45 yrs
20010105,unknown,LCA to be top in avionics; strike capability
20010105,unknown,CM asks KPTC to keep power tariff hike in abeyance
20010105,unknown,Gowda and Hegde share dais; but fail to talk
20010105,unknown,This cactus is all set to break records
20010105,unknown,Function can't be stopped: Kharge
20010105,unknown,Think twice before you make a wish
20010105,unknown,LCA: Best weapon system for close combat
20010105,unknown,LCA test flight puts India in exclusive club
20010105,unknown,A dream-come-true for LCA pilot
20010105,unknown,Avionics provides multi-role capability to LCA
20010105,unknown,Hoax bomb call sends family into a tizzy
20010105,unknown,Govt order on dismantling Hampi bridge stayed
20010105,unknown,Principals of PU colleges to meet on Jan. 7
20010105,unknown,CM meets Sonia at airport
20010105,unknown,Tributes paid to Patel
20010105,unknown,I am a great fan of Sridevi: Prema
20010105,unknown,This chef knows his yin from yang
20010105,unknown,Wait; wait... for the bus that never comes
20010105,unknown,Taal se taal mila
20010105,unknown,Light combat craft takes India into club class
20010105,unknown,Hawkings' day out
20010105,unknown,Easy drugs at raves keep Goa hot on tourist circuit
20010105,unknown,CM defends grant to Chaturang
20010105,unknown,Sawant questions casino licences
20010105,unknown,MPT posts good show in 2000
20010105,unknown,Ex-GPCC chief against separate cadre
20010105,unknown,Meeting to review anti-defection law
20010105,unknown,Guala Closures bags ISO 9002 certificate
20010105,unknown,Bush names Lindsey top economic aide
20010105,unknown,Bush names Lindsey top economic aide
20010105,unknown,Indian American boy confesses to parents' murder
20010105,unknown,Anti-immigration think-tank berates Clinton regime
20010105,unknown,Sikh teacher guilty of assaulting student
20010105,unknown,Australia; New Zealand urged to accept Indo-Fijian refugees
20010105,unknown,If Rabuka can go free; why not us: Speight partner
20010105,unknown,Tailor Sam's famous clientele
20010105,unknown,Malaysian medics testify about demonstrators' injuries
20010105,unknown,Philippine soldiers arrest bombing suspects
20010105,unknown,Chinese stranded in Dhaka repatriated
20010105,unknown,Light combat craft takes India into club class
20010105,unknown,It's long haul yet for the LCA
20010105,unknown,Captain Courageous says dream has come true
20010105,unknown,LCA to be good enough for next 45 yrs
20010105,unknown,LCA to be top in avionics; strike capability
20010105,unknown,CM asks KPTC to keep power tariff hike in abeyance
20010105,unknown,Gowda and Hegde share dais; but fail to talk
20010105,unknown,This cactus is all set to break records
20010105,unknown,Function can't be stopped: Kharge
20010105,unknown,Think twice before you make a wish
20010105,unknown,LCA: Best weapon system for close combat
20010105,unknown,LCA will be aircraft for next 45 years
20010105,unknown,LCA test flight puts India in exclusive club
20010105,unknown,A dream-come-true for LCA pilot
20010105,unknown,Avionics provides multi-role capability to LCA
20010105,unknown,Hoax bomb call sends family into a tizzy
20010105,unknown,Govt order on dismantling Hampi bridge stayed
20010105,unknown,Principals of PU colleges to meet on Jan. 7
20010105,unknown,CM meets Sonia at airport
20010105,unknown,Tributes paid to Patel
20010105,unknown,I am a great fan of Sridevi: Prema
20010105,unknown,This chef knows his yin from yang
20010105,unknown,Wait; wait... for the bus that never comes
20010105,unknown,Taal se taal mila
20010105,unknown,Mahalakshmi Layout: Crumbling past; rapid growth
20010105,unknown,'We're waiting for people with money'
20010105,unknown,An actress and many other things besides
20010105,unknown,Mobile isn't a phone but a fun machine now
20010105,unknown,Time to bow out for 14 top bureaucrats
20010105,unknown,Silk is sexy this year
20010105,unknown,Seeds firm condemns hooliganism
20010105,edit-page,Nepal won't allow anti-India activities: Envoy
20010105,india,MP best in forest development: Centre
20010106,unknown,Light combat craft takes India into club class
20010106,unknown,Hawkings' day out
20010106,unknown,Ex-GPCC chief against separate cadre
20010106,unknown,Meeting to review anti-defection law
20010106,unknown,Telecom team win play contest
20010106,unknown,Guala Closures bags ISO 9002 certificate
20010106,unknown,Bush names Lindsey top economic aide
20010106,unknown,Bush names Lindsey top economic aide
20010106,unknown,Indian American boy confesses to parents' murder
20010106,unknown,Anti-immigration think-tank berates Clinton regime
20010106,unknown,Sikh teacher guilty of assaulting student
20010106,unknown,Australia; New Zealand urged to accept Indo-Fijian refugees
20010107,unknown,Muslim body rules out talks on Ayodhya
20010107,unknown,Bajrang Dal blows hot; cold
20010107,unknown,Vajpayee rejects Nitish's resignation
20010107,unknown,PM taps diaspora to realise Indian ambition
20010107,unknown,India cagey about food imports
20010107,unknown,US leggy chicks to come in hordes
20010107,unknown,Microsoft; Intel line up top-end products for electronics show
20010107,unknown,Khosla among Upside's 25 people to watch in 2001
20010107,unknown,Spending on Net projects may be hit
20010107,unknown,British doctor may be worst mass murderer in modern history
20010107,unknown,British judge reveals threats from racists
20010107,unknown,Clinton urges US Congress to ratify CTBT
20010107,unknown,Blind climber to scale Mt. Everest
20010107,unknown,Does American TV have a realism overdose?
20010107,unknown,Banking community must chalk out new system: Jalan
20010107,unknown,Delhi to host India-EU working group meeting on IT
20010107,unknown,PNB raises rates
20010107,unknown,Are green activists the new imperialists
20010107,unknown,Muslim body rules out talks on Ayodhya
20010107,unknown,Bajrang Dal blows hot; cold
20010107,unknown,Vajpayee rejects Nitish's resignation
20010107,unknown,PM taps diaspora to realise Indian ambition
20010107,unknown,India cagey about food imports
20010107,unknown,US leggy chicks to come in hordes
20010107,unknown,Microsoft; Intel line up top-end products for electronics show
20010107,unknown,Khosla among Upside's 25 people to watch in 2001
20010107,unknown,Spending on Net projects may be hit
20010107,unknown,British doctor may be worst mass murderer in modern history
20010107,unknown,British judge reveals threats from racists
20010107,unknown,Clinton urges US Congress to ratify CTBT
20010107,unknown,Blind climber to scale Mt. Everest
20010107,unknown,Does American TV have a realism overdose?
20010107,unknown,Banking community must chalk out new system: Jalan
20010107,unknown,Delhi to host India-EU working group meeting on IT
20010107,unknown,Are green activists the new imperialists
20010107,unknown,Asian auto firms bullish on US market
20010107,unknown,Clinton urges US Congress to ratify CTBT
20010107,unknown,US gets its first multicultural cabinet
20010107,unknown,Indian American couple sentenced for injuries to child
20010107,unknown,Mumbai firm to be sentenced in US
20010107,unknown,Parsi men have failed their women
20010107,unknown,Does American TV have a realism overdose?
20010107,unknown,Transit; port use to top talks during Nepal minister's visit
20010107,unknown,Kuldip Sharma's exit will lead to sea change in policing
20010107,unknown,WREB warns SEBs of north-like tripping
20010107,unknown,Chaotic traffic in Mehsana: Authorities have washed hands
20010107,unknown,MSU gears up for NAAC visit; expects a five-star rating
20010107,unknown,Residents here have invested in bore-wells
20010107,unknown,Need for farmers to become professionals: Expert
20010107,unknown,Aamir Khan: 'Lagaan' ko zabaan do
20010107,unknown,Rajkumar Santoshi: Khan pe khan
20010107,unknown,Kamal Haasan: Hey (Thenali) Ram
20010107,unknown,Darshans show Bollywood a way out of financial woes
20010107,unknown,Latest Hrithik movie could make Canberra a hit
20010107,unknown,The Bali beat goes beyond bhangra
20010107,unknown,Tops to trousers; they're going for gold!
20010107,unknown,Aamir Khan: 'Lagaan' ko zabaan do
20010107,unknown,Rajkumar Santoshi: Khan pe khan
20010107,unknown,Kamal Haasan: Hey (Thenali) Ram
20010107,unknown,Darshans show Bollywood a way out of financial woes
20010107,unknown,German TV admits millionaire show was a sham
20010107,unknown,Parliament suggests resignation of TV official
20010107,unknown,Traffic lights
20010107,unknown,Just one of those faces
20010107,unknown,Steve Waugh looks forward to Indian summer
20010107,unknown,Strong comeback by Shane Warne
20010107,unknown,Cricket board chief means business
20010108,unknown,Sangh Parivar; Babri panel up the ante
20010108,unknown,Frontrunner for key US post seen having Pak tilt
20010108,unknown,Muslims see red over Coke logo
20010108,unknown,Move over Nepal; Casino Goa is here
20010108,unknown,Merit Calling
20010108,unknown,Closures putting financial strain on Delhi Govt
20010108,unknown,42 units to be sealed in phase-II of operation closure
20010108,unknown,Special trains for Kumbh Mela
20010108,unknown,CPM for survey of units
20010108,unknown,NIEPA meet to discuss issue of re-employing retired teachers
20010108,unknown,Such a long journey to the green dispenser
20010108,unknown,Woman fighting for life as 'quack' performed MTP
20010108,unknown,Cold weather puts strain on people with weak hearts
20010108,unknown,Secrecy has no place in democracy; says Sorabjee
20010108,unknown,On the hitlist are the polluting units
20010108,unknown,Driver makes of with cash in employer's Zen
20010108,unknown,Rs 25;000 compensation for 10-yr-old domestic help
20010108,unknown,What can one do about the backache 'epidemic'
20010108,unknown,Criminals beat up family with iron rods
20010108,unknown,Three held for stealing power
20010108,unknown,Road accident toll in Noida was 130 last year
20010108,unknown,Blood donation camp organised
20010108,unknown,The policemen find a new excuse: Television in slums
20010108,unknown,Paramour; accomplice get life term for killing woman
20010108,unknown,Policing the metro: Year-end musings
20010108,unknown,Sangh Parivar; Babri panel up the ante
20010108,unknown,Frontrunner for key US post seen having Pak tilt
20010108,unknown,Muslims see red over Coke logo
20010108,unknown,Move over Nepal; Casino Goa is here
20010108,unknown,Merit Calling
20010108,unknown,Closures putting financial strain on Delhi Govt
20010108,unknown,42 units to be sealed in phase-II of operation closure
20010108,unknown,Special trains for Kumbh Mela
20010108,unknown,CPM for survey of units
20010108,unknown,NIEPA meet to discuss issue of re-employing retired teachers
20010108,unknown,Such a long journey to the green dispenser
20010108,unknown,Woman fighting for life as 'quack' performed MTP
20010108,unknown,Cold weather puts strain on people with weak hearts
20010108,unknown,Secrecy has no place in democracy; says Sorabjee
20010108,unknown,On the hitlist are the polluting units
20010108,unknown,Driver makes of with cash in employer's Zen
20010108,unknown,Rs 25;000 compensation for 10-yr-old domestic help
20010108,unknown,What can one do about the backache 'epidemic'
20010108,unknown,Criminals beat up family with iron rods
20010108,unknown,Three held for stealing power
20010108,unknown,Road accident toll in Noida was 130 last year
20010108,unknown,Blood donation camp organised
20010108,unknown,The policemen find a new excuse: Television in slums
20010108,unknown,Paramour; accomplice get life term for killing woman
20010108,unknown,Policing the metro: Year-end musings
20010108,unknown,Sullied Symbol
20010108,unknown,Sullied Symbol
20010108,unknown,Temple Tactics
20010108,unknown,Conflict Diamonds
20010108,unknown,Vajpayee's Musings
20010108,unknown,Sabarimala; Abode Of Lord Ayyappa
20010108,unknown,Pleasure Principle
20010108,unknown,Concept of Creation
20010108,unknown,I'm just a supporter of LTTE: Nedumaran
20010108,unknown,HAL will showcase its pride at Aero-2001
20010108,unknown,I will prove charges against Mishra: J K Jain
20010108,unknown,Samata faces split over JD merger
20010108,unknown,Cellphone is proving a curse for the mafia
20010108,unknown,The Kamasutra girl is real cool
20010108,unknown,Ayurveda is more than oil massage
20010108,unknown,Balle Balle Boys hit the charts
20010109,unknown,Financier Bharat Shah held for alleged links with Chotta Shakeel
20010109,unknown,Officials brace for millennium's first Mahakumbh
20010109,unknown,Material souls to seek salvation by the Ganga
20010109,unknown,Vajpayee woos Vietnam with infotech
20010109,unknown,All party meet on joint cadre issue soon: CM
20010109,unknown,One more advocate general for Goa soon
20010109,unknown,Order on plastic ban soon
20010109,unknown,Campaign to educate vendors selling cigarette; gutka
20010109,unknown,Hike in water tariff from March
20010109,unknown,Construction of Swatantra Veer Chowk mooted
20010109,unknown,Lunar eclipse on Jan. 9 and 10
20010109,unknown,Hefty phone bill shocks officials
20010109,unknown,50 handicaps to get artificial limbs
20010109,unknown,ABVP organises reception for students
20010109,unknown,Infrastructure development corporation to be constituted
20010109,unknown,Seminar on industrial gases from Jan. 19
20010109,unknown,New molecule to fight malaria found
20010109,unknown,Brain's sensory filter smaller in schizophrenics
20010109,unknown,Mice to blame for childhood asthma?
20010109,unknown,Controlled drinking may be answer for alcoholics
20010109,unknown,No radiation sickness among Bulgarian troops
20010109,unknown,STF is working without sleep; food: Sangliana
20010109,unknown,Danger lurks at most city pubs
20010109,unknown,Centre's ditherings dangerous: Chandra Shekhar
20010109,unknown,New tariffs bad news for cellphone operators
20010109,unknown,Jaya Jaitly unanimously elected Samata chief
20010109,unknown,Bus station at Shivajinagar set to open
20010109,unknown,CM gets a 'majority darshan'
20010109,unknown,CET Cell returns Rs 13 cr to govt
20010109,unknown,Ranebennur tense; bandh successful
20010109,unknown,Britisher found dead
20010109,unknown,Take citizens into your confidence; CM tells police
20010109,unknown,State to crack down on illegal plastic production
20010109,unknown,Krishna reviews matters of his constituency
20010109,unknown,Now JD(S) gives clearance for merger with JD(U)
20010109,unknown,Shoulder injury sends Kumble into a spin
20010109,unknown,Treasury dept to be computerised in year
20010109,unknown,Art exhibition to raise funds for music school
20010109,unknown,Cotton row: Govt open to talks
20010109,unknown,TADA judge issues notices to 10 witnesses
20010109,unknown,Grid problems hits power supply
20010109,unknown,Probe ordered into chick colouring
20010109,unknown,Has it; doesn't flaunt it
20010109,unknown,Falun Gong is free because we can't sell spiritualism
20010109,unknown,Erosion in value system in civil society
20010109,unknown,Contempt notice for disobeying HC order
20010109,unknown,Medical evidences should corroborate charges levelled by victim
20010109,unknown,BCC submits memo in HC
20010109,unknown,The best things in life
20010109,unknown,Superstition; poverty increasing AIDS cases
20010109,unknown,Financier Bharat Shah held for alleged links with Chotta Shakeel
20010109,unknown,Officials brace for millennium's first Mahakumbh
20010109,unknown,Material souls to seek salvation by the Ganga
20010109,unknown,Vajpayee woos Vietnam with infotech
20010109,unknown,All party meet on joint cadre issue soon: CM
20010109,unknown,One more advocate general for Goa soon
20010109,unknown,Order on plastic ban soon
20010109,unknown,Campaign to educate vendors selling cigarette; gutka
20010109,unknown,Hike in water tariff from March
20010109,unknown,Construction of Swatantra Veer Chowk mooted
20010109,unknown,Lunar eclipse on Jan. 9 and 10
20010109,unknown,Hefty phone bill shocks officials
20010109,unknown,50 handicaps to get artificial limbs
20010109,unknown,ABVP organises reception for students
20010109,unknown,Infrastructure development corporation to be constituted
20010109,unknown,Seminar on industrial gases from Jan. 19
20010109,unknown,New molecule to fight malaria found
20010109,unknown,Brain's sensory filter smaller in schizophrenics
20010109,unknown,Mice to blame for childhood asthma?
20010109,unknown,Controlled drinking may be answer for alcoholics
20010109,unknown,No radiation sickness among Bulgarian troops
20010109,unknown,STF is working without sleep; food: Sangliana
20010109,unknown,Danger lurks at most city pubs
20010109,unknown,Centre's ditherings dangerous: Chandra Shekhar
20010109,unknown,New tariffs bad news for cellphone operators
20010109,unknown,Jaya Jaitly unanimously elected Samata chief
20010109,unknown,Bus station at Shivajinagar set to open
20010109,unknown,CM gets a 'majority darshan'
20010109,unknown,CET Cell returns Rs 13 cr to govt
20010109,unknown,Ranebennur tense; bandh successful
20010109,unknown,Britisher found dead
20010109,unknown,Take citizens into your confidence; CM tells police
20010109,unknown,State to crack down on illegal plastic production
20010109,unknown,Krishna reviews matters of his constituency
20010109,unknown,Now JD(S) gives clearance for merger with JD(U)
20010109,unknown,Shoulder injury sends Kumble into a spin
20010109,unknown,Treasury dept to be computerised in year
20010109,unknown,Art exhibition to raise funds for music school
20010109,unknown,Cotton row: Govt open to talks
20010109,unknown,TADA judge issues notices to 10 witnesses
20010109,unknown,Officials brace for millennium's first Mahakumbh
20010110,city.patna,Fend for yourselves; Pande tells doctors
20010110,city.patna,Bureaucracy undermining legislature's 'existence'
20010110,city.patna,State police collapses under pressure
20010110,city.patna,Court declares Pappu Yadav an absconder
20010123,unknown,Sonia takes on the Hindutva brigade
20010123,unknown,Congress hopes soar; BJP cries foul
20010123,unknown,Ceasefire decision likely today
20010123,unknown,Ceasefire blues: To end or extend truce
20010123,unknown,So Young; So Successful
20010123,unknown,Straight Answers
20010123,unknown,Kumbh Karma
20010123,unknown,Greenmail & White Knights
20010123,unknown,Child of Fortune
20010123,unknown,One-way Street
20010123,unknown,Towards a Theory of Everything - II
20010123,unknown,Seeing is Believing
20010123,unknown,Meditation
20010123,unknown,Wockhardt plans another cardiac centre
20010123,unknown,Inside Track
20010123,unknown,CM for action against officials depositing funds in non-scheduled banks
20010123,unknown,Blood donation no more safe in hospitals
20010123,unknown,BJP asks govt to learn lessons from 'failed MoUs'
20010123,unknown,Surveillance along coastal belt stepped up
20010123,unknown,Cong opposes Vaze as GPSC chief
20010123,unknown,Minister to verify info on Goans in star hotels
20010123,unknown,Tillari: Rehabilitation first; says Oppn
20010123,unknown,Rape accused acquitted
20010123,unknown,Milk price hike: Govt to do a rethink
20010123,unknown,Career information fair from Feb 17
20010123,unknown,Assembly congratulates Anil Kakodkar
20010123,unknown,Multi-religious meet held
20010123,unknown,Kirti is Reddy for 'Pyaar Ishq Aur Mohabbat'!
20010123,unknown,Nasir Khan: Small to big!
20010123,unknown,Pooja Batra: Curry on Pooja!
20010123,unknown,Shamita Shetty: 'Mohabbat' all the way
20010123,unknown,Pankaj Udhas: Technological voices!
20010123,unknown,Kirti is Reddy for 'Pyaar Ishq Aur Mohabbat'!
20010123,unknown,Pankaj Udhas: Technological voices!
20010123,unknown,Pooja Batra: Curry on Pooja!
20010123,unknown,Shamita Shetty: 'Mohabbat' all the way
20010123,unknown,Nasir Khan: Small to big!
20010123,unknown,Bajaj Auto to sell 26% in tempo arm; withdraw name
20010123,unknown,Timex to create new image with 180 models
20010123,unknown,Kawasaki to re-negotiate stake purchase
20010123,unknown,NIIT net seen up 50 per cent at Rs 27 crore
20010123,unknown,Now; imported products need to meet Indian standard
20010123,unknown,Branded jewellery set to dazzle some more
20010123,unknown,Net familiarity will drive e-commerce
20010123,unknown,Net familiarity will drive e-commerce
20010123,unknown,Digitalising consultancy at Orbit-e
20010123,unknown,Way2Wealth positions as one-stop financial shop
20010123,unknown,Govt to table 13 bills in ongoing assembly session
20010123,unknown,Cong leaders asked to decide on tie with Trinamul
20010123,unknown,CPM interference in agriculture varsity
20010123,unknown,Nation-wide red alert regarding toxic tea
20010123,unknown,Viren Shah 'out-walks' the Opposition
20010123,unknown,Highlights of Viren J. Shah's speech
20010123,unknown,Sramik Union supports Baranagar mill violence
20010123,unknown,CMC seeks police help to protect statues
20010123,unknown,Increase in Haj pilgrims from state
20010123,unknown,'Withholding teachers' salaries was collective decision'
20010123,unknown,Ceasefire camouflages factional strife in Nagaland
20010123,unknown,NHRC issues notice to WB home secy
20010123,unknown,Protest against port in Kulpi
20010123,unknown,Mamata to attend police body meet today
20010123,unknown,'Empowered' women of Kochpukur impress Lara
20010123,unknown,Medical college for Sikkim by July
20010124,unknown,Govt extends J&K ceasefire by a month
20010124,unknown,Peace hinges on human rights
20010124,unknown,Two crore at Mahakumbh for the big bath
20010124,unknown,Minister inquired about Hinduja passport; admits UK
20010124,unknown,First R&D; then food for all
20010124,unknown,Globo God
20010124,unknown,Pilgrim's Process
20010124,unknown,Sustainable Ceasefire
20010124,unknown,Beauty and the Beast
20010124,unknown,Urban Apartheid
20010124,unknown,Spiritual Quotient Leverages IQ & EQ
20010124,unknown,The Veggie Abroad
20010124,unknown,Purifying Ourselves
20010124,unknown,Labour of Law
20010124,unknown,Straight Answers
20010124,unknown,Boby's fight for love
20010124,unknown,Dharmendra: Suicide Suicide!
20010124,unknown,Sunny Deol: Lessons Learned!
20010124,unknown,British Indian to present Kama Sutra series
20010124,unknown,Farouq Rattonsey: Third Time Lucky?
20010124,unknown,Welfare fund for film artistes
20010124,unknown,Our department is life
20010124,unknown,Bitter reality bared
20010124,unknown,Keep danbruff at an arms distance
20010124,unknown,Awareness is essential
20010124,unknown,A Fashion excuse
20010124,unknown,Plane mishap averted at Patna
20010124,unknown,Two CPI(ML) activists die in Gaya police firing
20010124,unknown,Gold gifts to Misa may trouble their presenters
20010124,unknown,Police hesitant in lodging case against Sadhu; Modi
20010124,unknown,CPI decides to continue agitation
20010124,unknown,Jharkhand govt to set up own power grid
20010124,unknown,Minister warns banks of economic non-cooperation
20010124,unknown,Dalit outfits to hold rally before HC
20010124,unknown,Court asks DG to travel on highways in Bihar
20010124,unknown,3 cellphones recovered from Muzaffarpur jail
20010124,unknown,Trader was freed on payment of Rs 2.5 crore
20010124,unknown,Samata's Kurmi card on test in Asthawa
20010124,unknown,Govt to seek fresh cadre option from staff
20010124,unknown,LNMU V-C cancels teachers' deputation to town colleges
20010124,unknown,Shamiana replaces exam halls
20010124,unknown,Cellphone services at loggerheads in Patna
20010124,unknown,Concentrate on developmental activities: Naidu
20010124,unknown,TDP will not rock NDA boat: Naidu
20010124,unknown,Noose tightens for those causing noise pollution
20010124,unknown,Centre to give big push to herbal sector
20010125,unknown,Big bath passes without a hitch
20010125,unknown,Security bandobast: The one that got away
20010125,unknown,Enron allowed to enhance stake in Dhabol project
20010125,unknown,Govt has discretionary powers to deny passports
20010125,unknown,A view from far and near
20010125,unknown,'Temptation Island' beats 'The Mole'
20010125,unknown,Kasparov drubs Shirov; takes joint lead
20010125,unknown,Dino Morrea: Bhatt; seriously!
20010125,unknown,Kabhi Insured Kabhi Nahi!
20010125,unknown,'Samosa Queen' among richest UK businesswomen
20010125,unknown,Ustad Zakir Hussain: Drumming high
20010125,unknown,Priyadarshan: Angrezi Babu?
20010125,unknown,Dino Morrea: Bhatt; seriously!
20010125,unknown,Ministers under threat
20010125,unknown,A wait in vain for our young neighbours?
20010125,unknown,No tableaux yet from brand-new states
20010125,unknown,Birds pecking at meatshop waste may disrupt flypast
20010125,unknown,DDA take responsibility for power; water in its properties: Court
20010125,unknown,How much longer; SC asks govt
20010125,unknown,The court has faith in us: Jagmohan
20010125,unknown,MCD begins the clean-up act
20010125,unknown,Illegal arms flood Delhi
20010125,unknown,Killer roads claim more; 7 dead in 24 hrs
20010125,unknown,Link between Noida-South Delhi slashes distances
20010125,unknown,Tax doubles Noida schoolbus fee; parents upset
20010125,unknown,Dancing is a pleasure; but give us hot food and water; say artistes
20010125,unknown,IPI world congress comes back to India
20010125,unknown,No monkey business this: A sarkari simian safari
20010125,unknown,Cough's not good; it could damage your heart
20010125,unknown,Keep the dress code light-coloured
20010125,unknown,Man gets life term for burning mother to death
20010125,unknown,Of long hours and short fuses...
20010125,unknown,Steve Waugh yet to speak to brother on matchfixing
20010125,unknown,Aussies play Mumbai at Brabourne; Cammie Smith match referee
20010125,unknown,Kumble's absence may encourage youngsters: Dravid
20010125,unknown,Chris Cairns to undergo surgery
20010125,unknown,Aussies play Mumbai at Brabourne; Cammie Smith match referee
20010125,unknown,Stage set for France's first final in 63 years
20010125,unknown,Stage set for France's first final in 63 years
20010125,unknown,Agassi prepares to face Rafter in semifinal
20010125,unknown,Gift to a bride
20010125,unknown,Will the Chinese kill us ?
20010125,unknown,The sound of Alabina
20010125,unknown,Municipal staff storm Commissioner's office
20010125,unknown,Cong to come out with 'black papers'
20010125,unknown,Strategy papers are far fetched: Cong; CPI
20010125,unknown,Organised Crime Act as good as TADA
20010125,unknown,Austech plans mini IT university in Punjab
20010125,unknown,Police bust 3 member gang of burglars
20010125,unknown,Surjewala blames govt for inflation
20010125,unknown,Congress hopeful of winning Majitha seat
20010125,unknown,SGPC appoints new in charge of its sub office
20010125,unknown,Displaced Slum-dwellers force HUDA to allot alternative site
20010125,unknown,Haryana to sell surplus land; buildings for capital fund
20010125,unknown,No breakthrough in Panchkula double murder
20010125,unknown,Chautala lays stone of Sinchai Bhawan
20010125,unknown,Congress seeks to upset SAD applecart in Majitha by-poll
20010125,unknown,Suspected infiltration; PU hostel raided
20010125,unknown,A night of terror at Saketri
20010125,unknown,UBS faculty wants financial autonomy
20010125,unknown,AIDS assuming epidemic proportions
20010125,unknown,New life styles; food habits to blame for heart disease
20010125,unknown,Complaint against hospital dismissed
20010125,unknown,Ashadeep lends IGMC a helping hand
20010125,unknown,Haryana gets ready for PM's visit
20010125,unknown,CBSE evinces interest in UT weekly tests programme
20010125,unknown,The life-style disease leads to blindness
20010125,unknown,'Wireless data networks necessary for reliable connectivity in inaccessible areas
20010125,unknown,Road to Rly station from highway to be closed for city traffic
20010125,unknown,Rice miller nabbed
20010125,unknown,New Article'Inside or outside; two-wheeler are unsafe'
20010125,unknown,Zero Slum Game
20010125,unknown,Exit Estrada
20010125,unknown,Kabhi Cushy; Kabhi Grim
20010126,unknown,President against pitch for indirect polls
20010126,unknown,TRAI orders refund of crores to cellphone users
20010126,unknown,Soccer helps heal the wounds of war
20010126,unknown,Settlur grilled over affair with Becker
20010126,unknown,'KBC': nothing compares to you!
20010126,unknown,Raveena Tandon in Noorani's 'Dreamcatcher'
20010126,unknown,Sunny Deol: his 'dillagi' towards 'Indian'!
20010126,unknown,Recipe from Anil Kapoor's cook book!
20010126,unknown,Yash Pathak: Wonder boy!
20010126,unknown,Chandrasekhar comedy; a Sundance festival hit
20010126,unknown,Kiran Bedi dons a new role to promote love
20010126,unknown,Inquiry net on Hinduja citizenship widens
20010126,unknown,Mendonca's powers curtailed
20010126,unknown,SP; JD (S) Muslim members are set to join NCP
20010126,unknown,Navi Mumbai witnessed fall in crime in 2000
20010126,unknown,Miss India pageant showcases mermaids in wonderworld
20010126,unknown,Mumbai's youth is gung-ho about India
20010126,unknown,Straight Answers
20010126,unknown,New car pool portal to solve traffic chaos
20010126,unknown,Competition spurs LIC to market-linked policy
20010126,unknown,HC wants rules framed for appointment of trustees
20010126,unknown,AI undecided over installing new TV sets
20010126,unknown,Hawking's disabilities were the focus of publicity
20010126,unknown,Sahitya sammelans conveyed opposite ideologies
20010126,unknown,UN report warns of global warming
20010126,unknown,Tea can protect you from heart ailments; diabetes
20010126,unknown,Indian fashion will continue
20010126,unknown,Is Movie Tower haunted?
20010126,unknown,Imprisonment taking toll of Speight
20010126,unknown,Bush inaugural evokes strong feelings among Indians
20010126,unknown,Physicist's endowment funds Indo-US nuclear talks
20010126,unknown,Human rights beyond legal framework: Amartya Sen
20010126,unknown,US citizens in Nepal may be targeted by Maoists
20010126,unknown,Nepali minister resigns over airline lease scam
20010126,unknown,Indo-Bangla passenger train service soon
20010126,unknown,Pressure to continue on Tigers: Wickremanayake
20010126,unknown,Muslim minister strikes deal with Kumaratunga
20010126,unknown,Monster quake kills over 15;000
20010126,unknown,Daddy see; the balcony is shaking...
20010126,unknown,Forces to the rescue
20010127,unknown,Monster quake kills 4;000
20010127,unknown,Forces to the rescue
20010127,unknown,Centre promises all aid
20010127,unknown,PM appeals for help
20010127,unknown,Daddy see; the balcony is shaking...
20010127,unknown,The unpredictable calamity
20010127,unknown,British promoter Jonathan King faces sex charges
20010127,unknown,Shah Rukh Khan: Sporting a spirit
20010127,unknown,Rani Mukherjee: Chi chi fancies
20010127,unknown,Keerthi Reddy: Still more jadoo to do?
20010127,unknown,Let's Cell-eberate
20010127,unknown,A True Republican
20010127,unknown,Mamata Express
20010127,unknown,Stoking Sentiment
20010127,unknown,St Francis; Patron Saint of Ecology
20010127,unknown,The Learning Curve
20010127,unknown,Songs of Freedom
20010127,unknown,Another Duleep double for Mongia
20010127,unknown,France; India to hold strategic talks
20010127,unknown,Acceptances for Delhi races
20010127,unknown,Canadian airline to sponsor Mumbai Marathon of Hope
20010127,unknown,US Congressmen urged to join India caucus
20010127,unknown,Pak brothers arrested in US sting operation
20010127,unknown,Indian; Pakistani delegates clash at Disarmament Conference
20010127,unknown,Indians; Pakistanis con S African women into marriages
20010127,unknown,Millennium Cup promoters are a wiser lot now
20010127,unknown,Footballers do Bangalore proud
20010127,unknown,Pak welcomes train accord extension with India
20010127,unknown,Insurance firm to compensate accident victim
20010127,unknown,Rallyists; tremor-hit keep cops busy
20010127,unknown,Police put feet up
20010127,unknown,Of crimes in the times of dotcons
20010127,unknown,An excise exercise in the line of duty
20010127,unknown,If you are caught; stick to the sturdy
20010127,unknown,Govt dispensaries to be open at night
20010127,unknown,Panel flays DDA's Manhattan mania on Yamuna
20010127,unknown,Rural sector to get top priority: L-G
20010127,unknown,History datelist to help in census
20010127,unknown,HC asks Centre for ATR on naval missile battery case
20010127,unknown,Builders don't spend on safety: Experts
20010127,unknown,This is not the end; predict astrologers
20010127,unknown,Is the clock ticking for Delhi?
20010127,unknown,Party potboiler: Man; can he cook!
20010127,unknown,Tremors fail to jolt Govts to action: PIL
20010127,unknown,Relative kills 9-year-old
20010127,unknown,Bovine Biotech: Milking microbes dry
20010127,unknown,The unpredictable calamity
20010127,unknown,Centre promises all aid
20010128,unknown,Death; distress; destruction...and it's not over yet
20010128,unknown,The town that was once Bhuj
20010128,unknown,Massive rescue to save Gujarat
20010128,unknown,300 children trapped
20010128,unknown,Jnanpith awarded to Nirmal Verma; Gurdial Singh
20010128,unknown,Lata overwhelmed by Bharat Ratna
20010128,unknown,Guess Neha's 'Ehsaas'
20010128,unknown,Mahesh Manjrekar: Primary colours
20010128,unknown,Damle acts non-stop for 15 hours
20010128,unknown,DoCoMo eyeing US market
20010128,unknown,NexTone to partner Cognitronics
20010128,unknown,Quake affects telecom; power
20010128,unknown,Autolite India exonerated by French court
20010128,unknown,Titan Q3 sales up 8.3 per cent
20010128,unknown,India woos US oil industry
20010128,unknown,JCPK is about what to do with money
20010128,unknown,Nature is the cruellest killer
20010128,unknown,Quakeffect: Investors need not worry
20010128,unknown,It's online: Travel is on a roll
20010128,unknown,Over 150 exporters to participate in garment fair
20010128,unknown,NexTone to partner Cognitronics
20010128,unknown,DoCoMo eyeing US market
20010128,unknown,The Word Factory
20010128,unknown,She could have danced all night
20010128,unknown,We are unable to face reality
20010128,unknown,The Kiteman cometh
20010128,unknown,Hyphenating cinema
20010128,unknown,At home with the Minister
20010128,unknown,He was the sexiest man in India
20010128,unknown,Of fortune & Feng Shui
20010128,unknown,Can an RSS man become an ISI agent
20010128,unknown,She levitates up the social ladder
20010128,unknown,Is the Republic Day parade out of step with the times?
20010128,unknown,Our Secular Brew
20010128,unknown,Unholy Smokes
20010128,unknown,Don't rob Prashant's future
20010128,unknown,Shilanayas was allowed to avoid a bloodbath
20010128,unknown,Constable arrested for shooting at AIIMS employee
20010128,unknown,Another example of police high-handedness
20010128,unknown,How sound is the ground beneath Delhi's feet?
20010128,unknown,Can Delhi deal with disasters?
20010128,unknown,Hospitals are far from equipped
20010128,unknown,Ill-prepared for disaster
20010128,unknown,28-yr-old found dead in bathroom
20010128,unknown,Cops gearing up to face new threats
20010128,unknown,Don't Rob Prashant's Future
20010129,unknown,More tremors forecast for the next 48 hours
20010129,unknown,The town that lay forgotten for 36 hours
20010129,unknown,Gujarat finds hope in army of good Samaritans
20010129,unknown,Too much; too late
20010129,unknown,Govt opens purse-strings; seeks $1.5 bn loan
20010129,unknown,Hrithik Roshan: Organised chaos
20010129,unknown,Twinkle Khanna: Dramabaazi! This time on stage!
20010129,unknown,Mahesh; Satnam: Best buddies
20010129,unknown,Wide acclaim for Indian films in US festival
20010129,unknown,'Kuch Kuch Hota Hai' craze in SE Asia
20010129,unknown,Hrithik Roshan: Organised chaos
20010129,unknown,Hey Ram; Karunam; Hum Dil... big draw in US fest
20010129,unknown,Gun Culture
20010129,unknown,BJP whisks Cong MLA to further its plans
20010129,unknown,Assistant bank manager held in arms scandal
20010129,unknown,59-year-old widow murdered
20010129,unknown,Fiji Hindus protest religious curbs
20010129,unknown,Australia pledges $1 m for quake victims
20010129,unknown,Taiwan activists plan sit-in over nuclear project
20010129,unknown,Angolan president arrives in Japan
20010129,unknown,After the Shock
20010129,unknown,Honours Even
20010129,unknown,Step by Step
20010129,unknown,Processing Peace
20010129,unknown,Basant : Festival of Renewal and Hope
20010129,unknown,Night Bus to Ajmer
20010129,unknown,Maha Saraswati
20010129,unknown,The Enchanted Forester
20010129,unknown,Straight Answers
20010129,unknown,The question that started the Hinduja affair
20010129,unknown,Tigers refuse to sign Norwegian peace deal
20010129,unknown,Kuwait Red Cross donates $250;000 for quake victims
20010129,unknown,UAE NRIs mobilise relief for quake victims
20010129,unknown,Tigers refuse to sign Norwegian peace deal
20010129,unknown,Fiji Hindus protest religious curbs
20010129,unknown,Students back home safe after trauma in Gujarat
20010129,unknown,No aftershock here: Bangalorean safe
20010129,unknown,State sends para-medical staff to quake-hit areas
20010129,unknown,Get your brooms out ... Harry Potter's coming to town
20010129,unknown,One in spirit; one in mind
20010129,unknown,Man falls 30 feet down __ and survives
20010129,unknown,Spunky 60-year-old woman prevents burglary
20010129,unknown,Lawyers want more women judges on High Court bench
20010129,unknown,Chuck your vote into the corner garbage bin
20010129,unknown,Doesn't get batter than this
20010129,unknown,Hams rush to Gujarat to help connect people
20010129,unknown,Krishna for regulatory regime in IT sector
20010129,unknown,Let them soar; don't clip their freedom
20010129,unknown,Karnataka plans one-stop export shop
20010130,unknown,Hrithik: Miss Indias' delight!
20010130,unknown,Manoj Bajpai: Friends & foes!
20010130,unknown,Apoorva Agnihotri: On a roll!
20010130,unknown,Kalpana Lajmi: We 'daman'd an explanation!
20010130,unknown,Hrithik: Miss Indias' delight!
20010130,unknown,Manoj Bajpai: Friends & foes!
20010130,unknown,Kalpana Lajmi: We 'daman'd an explanation!
20010130,unknown,Apoorva Agnihotri: On a roll!
20010130,unknown,Quake spares Bangalore; rumours shake city
20010130,unknown,Fear rocks hospital beds in Bangalore
20010130,unknown,Karnataka relatively safe; assert experts
20010130,unknown,Rumours give kids a holiday
20010130,unknown,Swalpa Kannada speak maadtheera?
20010130,unknown,I thought they were doing black magic; recalls survivor
20010130,unknown,Civic agencies say they're ready to take on a quake
20010130,unknown,City buildings quake-proof: architects
20010130,unknown,Animals knew it all
20010130,unknown,Krishna's Kannada-stance may mess up CET
20010130,unknown,Tell them no stories; it's non-fiction they want
20010130,unknown,Industries; railways to get recycled water
20010130,unknown,New software helps police keep track of accidents
20010130,unknown,Phase II of Swachha Bangalore project is on
20010130,unknown,Survivor still in shock
20010130,unknown,Kannada film crew safe in Rajasthan
20010130,unknown,State to have disaster management group soon
20010130,unknown,Dacoits loot Dharwad guest house
20010130,unknown,Joshi wants permanent disaster system
20010130,unknown,HC issues notice to BCC on labourers' safety
20010130,unknown,Preventing AIDS is a man's job; too
20010130,unknown,Gang robs advocate
20010130,unknown,Poets to raise funds for quake victims
20010130,unknown,Parents against Kendriya Vidyalaya's new schedule
20010130,unknown,Joshi calls for decentralised communities
20010130,unknown,Shimoga must promote agriculture: Ramesh
20010130,unknown,MLA donates salary for quake victims
20010130,unknown,Water testing campaign from Feb 1
20010130,unknown,Ten held for stealing coal
20010130,unknown,Christians protest over inaction
20010130,unknown,Railway zone registers 10.8 per cent rise in freight transport
20010130,unknown,BSNL sets 6 lakh connections as target for 2000-01
20010130,unknown,Money meant for road repairs goes down the drain
20010130,unknown,SUCI urges hospital withdraw extra fees
20010130,unknown,After Rajangana; Pejawar seer has other plans
20010131,unknown,Relief operations take back seat in Bhuj
20010131,unknown,Fernandes pegs quake toll at 100;000
20010131,unknown,Killer quake grounds Kandla port
20010131,unknown,Centre gets Rs 13;500 cr quake bill from Gujarat
20010131,unknown,India Inc chips in with money; men
20010131,unknown,After Shock
20010131,unknown,Building from Scratch
20010131,unknown,Existential Choice
20010131,unknown,Time after Time
20010131,unknown,Taming the Tremors
20010131,unknown,Jiddu Krishnamurti's Holistic Approach
20010131,unknown,Rumble in the Jungle
20010131,unknown,A Helping Hand
20010131,unknown,Boxed in by the Budget
20010131,unknown,Straight Answers
20010131,unknown,India to launch two more IRS
20010131,unknown,Officials booked for man's death
20010131,unknown,Remote sensing cannot predict quakes
20010131,unknown,Team to Gujarat will leave today
20010131,unknown,Beware against bogus quake relief agencies
20010131,unknown,Fatorda residents demand closure of bar
20010131,unknown,Akshay Kumar: Work is worship!
20010131,unknown,Pune prone to transmitive quake waves; says expert
20010131,unknown,Engineer's flay PMC for not ensuring safe constructions
20010131,unknown,Kathak in a kimono
20010131,unknown,Developing the consciousness
20010131,unknown,City astrologer had predicted quake
20010131,unknown,Life in the time of quake
20010131,unknown,Stranger saves a family from death
20010131,unknown,Why cops are scared to catch big fish
20010131,unknown,Sandhya Chib's a model mom now
20010131,unknown,City docs; organisations rush aid to Gujarat
20010131,unknown,Vaastu expert blames it on Pokhran tests
20010131,unknown,Senior officers to coordinate quake relief work
20010131,unknown,LCA test-flown again
20010131,unknown,Air Race to have 20 participants
20010131,unknown,Once cheated; public shy away from donations
20010131,unknown,From childhood to maturity sans adolescence
20010131,unknown,Pacemaker Bank at Manipal Heart Foundation
20010131,unknown,Rumours jammed STD lines in Bangalore
20010201,unknown,Army cordons off Anjar; says it's a mass grave
20010201,unknown,After the quake; the confusion...over toll; losses
20010201,unknown,Quake remarks cost Karnataka minister his job
20010201,unknown,Budget has cushion to absorb quake impact
20010201,unknown,Diya Mirza: Om jai Bollywood!
20010201,unknown,Tabu: Boney; Boney; yes papa!
20010201,unknown,Mithun Chakravarty: Helping the son rise!
20010201,unknown,Shah Rukh: Risky tricks of the trade!
20010201,unknown,Diya Mirza: Om jai Bollywood!
20010201,unknown,Tabu: Boney; Boney; yes papa!
20010201,unknown,Mithun Chakravarty: Helping the son rise!
20010201,unknown,Shah Rukh: Risky tricks of the trade!
20010201,unknown,Pune opens its heart; purse-strings to Gujarat
20010201,unknown,Flying colours
20010201,unknown,Night special
20010201,unknown,Straight Answers
20010201,unknown,Time to get wet'n'wild
20010201,unknown,Will the Chinese kill us?
20010201,unknown,The sound of Alabina
20010201,unknown,Rane has no plans to try for CM gaddi
20010201,unknown,Panchayats told to hold special gramsabhas
20010201,unknown,Not many takers for catering course
20010201,unknown,Hema's ballet on Feb. 3 for quake relief
20010201,unknown,Quake: MLAs urged to give a day's salary
20010201,unknown,IDC created jobs for 1;000 people
20010201,unknown,Bonding for a Cause
20010201,unknown,Dealing with Disaster
20010201,unknown,Army cordons off Anjar; says it's a mass grave
20010201,unknown,After the quake; the confusion...over toll; losses
20010201,unknown,Quake remarks cost Karnataka minister his job
20010201,unknown,It's been a hard day's night for Ahmedabadis
20010201,unknown,Diya Mirza: Om jai Bollywood!
20010201,unknown,Tabu: Boney; Boney; yes papa!
20010201,unknown,Mithun Chakravarty: Helping the son rise!
20010201,unknown,Shah Rukh: Risky tricks of the trade!
20010201,unknown,Pune opens its heart; purse-strings to Gujarat
20010201,unknown,Flying colours
20010201,unknown,Night special
20010201,unknown,Straight Answers
20010201,unknown,Time to get wet'n'wild
20010201,unknown,Will the Chinese kill us?
20010201,unknown,The sound of Alabina
20010201,unknown,Rane has no plans to try for CM gaddi
20010201,unknown,Panchayats told to hold special gramsabhas
20010201,unknown,Not many takers for catering course
20010201,unknown,Hema's ballet on Feb. 3 for quake relief
20010201,unknown,Quake: MLAs urged to give a day's salary
20010201,unknown,IDC created jobs for 1;000 people
20010201,unknown,Bonding for a Cause
20010201,unknown,Dealing with Disaster
20010201,unknown,Speak Easy
20010201,unknown,Other Side of Truth
20010201,unknown,Faith; the Factor That Heals; Sustains
20010201,unknown,Tales of the Road
20010201,unknown,Covetousness
20010201,unknown,The Bhuj Quake: FAQs
20010201,unknown,Straight Answers
20010201,unknown,The Enemy Within
20010201,unknown,Islam Ganj kidnappings: Accused nabbed
20010201,unknown,Court allows the sale of hijackedAirbus
20010201,unknown,Food and supplies dept to donate day's salary
20010201,unknown,Another hoax call paralyses courts for 3 hours
20010201,unknown,Haryana to adopt quake ravaged village
20010201,unknown,Law students to spread legal awareness in remote areas
20010201,unknown,Organic farming need of the day
20010201,unknown,Methods to conserve petrol discussed
20010201,unknown,PU magazine looks at Chandigarh's electoral space
20010202,unknown,Gujarat govt yet to get its act together
20010202,unknown,Pak relief team goes on sari trail
20010202,unknown,Cabinet clears VSNL; CMC selloff
20010202,unknown,Court denies Hindujas permission to leave India
20010202,unknown,Annu Kapoor: Naach gaana!
20010202,unknown,Sikander: The son also rises!
20010202,unknown,Raj Babbar: Condolences!
20010202,unknown,Aditya Pancholi: Into political games!
20010202,unknown,Annu Kapoor: Naach gaana!
20010202,unknown,Sikander: The son also rises!
20010202,unknown,Blair admits Hindujas' attempt to involve him
20010202,unknown,Goans reach out to Gujarat quake victims
20010202,unknown,Carnival should be put off; says D'Souza
20010202,unknown,Konkani drama festival begins on Friday
20010202,unknown,One year after death; baby's body to be buried
20010202,unknown,Govt to boost cultural tourism: CM
20010202,unknown,College fest on Feb 8
20010202,unknown,Solheim visit brightens prospect of Lanka-LTTE talks
20010202,unknown,Jaswant's Cairo visit seeks to revive old ties
20010202,unknown,India; Syria to boost economic; IT cooperation
20010202,unknown,Buddhadeb promises peace in Midnapore
20010202,unknown,Haldia port built over seismic zone: Report
20010202,unknown,Tripartite talks on Darjeeling Gorkha Hill Council
20010202,unknown,Basu; Surjeet ask Chakraborty not to leave CPM
20010202,unknown,Rs 1.6 crore worth of book trade lost due to piracy
20010202,unknown,Book Fair note book
20010202,unknown,About 2;500 medical students yet to receive admit cards
20010203,unknown,First the quake; then the flood
20010203,unknown,Vajpayee; Musharraf break ice; talk Gujarat
20010203,unknown,There will be more taxes; says Vajpayee
20010203,unknown,Govt may clear Sharjah cricket tour on Monday
20010203,unknown,Numbed by tragedy; Bhuj picks up the pieces
20010203,unknown,Subhash Ghai: Snapshots from the past!
20010203,unknown,Govinda: A duplicate matter!
20010203,unknown,Sridevi: Jhanvi ka 'kya kehna'!
20010203,unknown,M F Hussain: Point brushing!
20010203,unknown,Subhash Ghai: Snapshots from the past!
20010203,unknown,Sridevi: Jhanvi ka 'kya kehna'!
20010203,unknown,Govinda: A duplicate matter!
20010203,unknown,Britain's Vaz made exceptional use of office
20010203,unknown,France putting appropriate pressure on Pak: India
20010203,unknown,Greek premier to arrive in India for 5-day visit
20010203,unknown,CM urges Centre to open up tourism sector
20010203,unknown,Govt plans to start more schools for SCs; STs
20010203,unknown,Cong leader files for 'liberty' to pursue cases against CM
20010203,unknown,Train from Gujarat comes packed with hope
20010203,unknown,BJP urges people to donate for quake victims
20010203,unknown,Bush's 'faith-based' initiative draws fire
20010203,unknown,US must accept India's nuclear status: Experts
20010203,unknown,Canada to give another $2 mn for quake relief
20010203,unknown,Bush's abortion fund ban will not impact on India: USAID
20010203,unknown,Ashcroft confirmed as US attorney general
20010203,unknown,Kennedys invited to movie in the White House
20010203,unknown,Jaswant Singh reiterates support for Palestinian homeland
20010203,unknown,Anybody monitoring Delhi's buildings?
20010203,unknown,First the quake; then the flood
20010203,unknown,Vajpayee; Musharraf break ice; talk Gujarat
20010203,unknown,There will be more taxes; says Vajpayee
20010203,unknown,Govt may clear Sharjah cricket tour on Monday
20010203,unknown,Numbed by tragedy; Bhuj picks up the pieces
20010203,unknown,Subhash Ghai: Snapshots from the past!
20010203,unknown,Govinda: A duplicate matter!
20010203,unknown,Sridevi: Jhanvi ka 'kya kehna'!
20010203,unknown,M F Hussain: Point brushing!
20010203,unknown,Subhash Ghai: Snapshots from the past!
20010203,unknown,Sridevi: Jhanvi ka 'kya kehna'!
20010203,unknown,Govinda: A duplicate matter!
20010203,unknown,Britain's Vaz made exceptional use of office
20010203,unknown,France putting appropriate pressure on Pak: India
20010203,unknown,Greek premier to arrive in India for 5-day visit
20010203,unknown,CM urges Centre to open up tourism sector
20010203,unknown,Govt plans to start more schools for SCs; STs
20010203,unknown,Cong leader files for 'liberty' to pursue cases against CM
20010203,unknown,Train from Gujarat comes packed with hope
20010203,unknown,BJP urges people to donate for quake victims
20010203,unknown,Bush's 'faith-based' initiative draws fire
20010203,unknown,US must accept India's nuclear status: Experts
20010203,unknown,Canada to give another $2 mn for quake relief
20010203,unknown,Bush's abortion fund ban will not impact on India: USAID
20010203,unknown,Ashcroft confirmed as US attorney general
20010203,unknown,Kennedys invited to movie in the White House
20010203,unknown,Jaswant Singh reiterates support for Palestinian homeland
20010203,unknown,Anybody monitoring Delhi's buildings?
20010203,unknown,Bhuj-type quake could spare only Supreme Court
20010203,unknown,The Dalai Lama: A Man With A Mission
20010203,unknown,Old man robbed twice by same goons; same day
20010203,unknown,New flyovers can withstand quakes upto 8.5 on the Richter
20010204,unknown,Govt to set up national disaster management panel
20010204,unknown,We can build N-bombs; why not safe houses?
20010204,unknown,Quake effect: Ties with Pak 'thawing'; PM's Japan trip off
20010204,unknown,Unprepared govt undermines relief mobilisation
20010204,unknown,The final verdict: It touched 8.1 on Richter
20010204,unknown,Would the Taj; Qutab withstand a quake?
20010204,unknown,Fab Five: Britain's newest pop sensation
20010204,unknown,Aftab Shivdasani: Bollywood's bachcha on a roll!
20010204,unknown,Govinda elated after street gets folks' names
20010204,unknown,Kareena Kapoor sticks out acerbic tongue!
20010204,unknown,Neetu Singh finds 'housewifery' boring!
20010204,unknown,Images speak for Indo-Russian friendship
20010204,unknown,Delhi hosts festival of short films
20010204,unknown,UTI to launch Infotech company
20010204,unknown,Has the President transgressed constitutional propriety by attacking the PM?
20010204,unknown,Ode to an Asian Vaz
20010204,unknown,The Ground beneath their feet
20010204,unknown,Life and death in Kutch Mandvi
20010204,unknown,Earthquakes; Taliban & the Parsis
20010204,unknown,Everyone was working for a common humanitarian cause
20010204,unknown,Dams as environment saviours
20010204,unknown,The Ground beneath their feet
20010204,unknown,Caught in a cleft stick
20010204,unknown,Life and death in Kutch Mandvi
20010204,unknown,Time to go for equity-linked savings
20010204,unknown,Lessons from Latur and Uttarkashi
20010204,unknown,Tenants living in extensions to the main building are at the greatest risk
20010204,unknown,Penny pinching cost them their lives
20010204,unknown,Science in our daily lives is a political orphan
20010204,unknown,Chappar Phad Ke
20010204,unknown,We never learn lessons
20010204,unknown,What is meant by the term Track-II diplomacy?
20010204,unknown,Ghamanda; Ravina win
20010205,unknown,Official toll put at 16;435; Kutch's share 14;909
20010205,unknown,Relief gets bogged down in politics
20010205,unknown,ACF calls off Sharjah tri-series
20010205,unknown,Just a phone call set the ball rolling
20010205,unknown,The well-oiled machinery of civil society
20010205,unknown,India; France to cooperate in energy sector
20010205,unknown,Rivalry between Indian; Pakistani workers in UK
20010205,unknown,India's prized jewels in foreign capitals
20010205,unknown,Bhutto hails India's role in peace process
20010205,unknown,Kumaratunga ready to open peace talks with LTTE
20010205,unknown,Chaudhry retained as party caucus leader
20010205,unknown,India; Egypt hold talks; to double trade
20010205,unknown,Taliban has legitimised state terrorism: Jaswant
20010205,unknown,Benazir hails India's 'proactive' role in Kashmir
20010205,unknown,Kumaratunga ready to open peace talks with LTTE
20010205,unknown,US Congressional team to visit India; Pakistan
20010205,unknown,PML to challenge arrest of Sharif's nephew
20010205,unknown,Sharif's friend released from detention
20010205,unknown,Goa no longer a safe haven for women
20010205,unknown,Govt has two new schemes for jobless youth
20010205,unknown,WISL sweats it out to get shipshape
20010205,unknown,Company told to tow grounded ship seaward
20010205,unknown,Helmets a must from April
20010205,unknown,Govt encouraging corruption; says Cong leader
20010205,unknown,Man and horse prove their mettle
20010205,unknown,Jumaanji pleases
20010205,unknown,Hearts flutter; pulses soar at Air Race-2001
20010205,unknown,It's payback time for this scientist
20010205,unknown,Now; state will keep an eye on orphanages
20010205,unknown,Bus station a boon for commuters; curse for traders
20010205,unknown,STF has another brush with Veerappan's gang
20010205,unknown,A star before the camera and behind the mike
20010205,unknown,These criminals must get their due
20010205,unknown,How about some Popcorn with a sizzle?
20010205,unknown,IT institute at Hubli soon
20010205,unknown,Say cheese; please
20010205,unknown,Valuables go missing from courier consignments
20010205,unknown,Gujarat badly needs money; medicines
20010205,unknown,His verses are a lament on materialism
20010205,unknown,Hi jil pooney; you're one cool cat; da
20010205,unknown,Cong dismisses BJP demand to expel John
20010205,unknown,Tiny tots adopt grandparents
20010205,unknown,No dearth of chemist shops in city
20010205,unknown,Tale of Two States
20010206,unknown,PMK withdraws support; but govt safe
20010206,unknown,Economic growth may dip below last year's level
20010206,unknown,Bold proposals by advisory panel
20010206,unknown,Raising Gujarat from the rubble
20010206,unknown,Ahmedabad gets back to business; by day
20010206,unknown,They 'bought' enough gelatin to blow up Karnataka
20010206,unknown,B'lore to flex its aviation muscle at Aero India
20010206,unknown,Pesticide plays villain with her dreams
20010206,unknown,City college asked to refund development fee
20010206,unknown,Revised school textbooks from next year
20010206,unknown,Operation Veerappan: Police find mystery car
20010206,unknown,He's been skipping around for a sponsor
20010206,unknown,Wary witnesses let hit-and-run drivers get away
20010206,unknown,Meet the Green Man
20010206,unknown,BCC engineers knock at HC doors against KPCL deputation
20010206,unknown,You can nail that faulty carpenter
20010206,unknown,Painting for a cause
20010206,unknown,Confusion over govt circular deepens
20010206,unknown,Govt to submit report to HC
20010206,unknown,Shadow cabinet: BJP legislators asked to submit choices
20010206,unknown,Aero show to display India's regional power
20010206,unknown,Quake memories keep haunting him
20010206,unknown,Not a care in the world
20010206,unknown,Legislative Council by-poll on Feb 22
20010206,unknown,Census takes off in Mysore from Feb 9
20010206,unknown,Chamarajnagar farmers stage protest
20010206,unknown,Association plans new engg college in M'lore
20010206,entertainment.english.hollywood,Men Of Honour
20010207,unknown,Tobacco firms ordered off the field
20010207,unknown,Consumer caught in the crossfire of channel wars
20010207,unknown,Musharraf keen on India visit
20010207,unknown,Triumph of the never-say-die spirit
20010207,unknown,Cricket can lower the pitch
20010207,unknown,Orissa sets 2003 to be non-endemic leprosy state
20010207,unknown,Study indicates higher survival rates for blacks
20010207,unknown,Aamir Khan: Providing relief!
20010207,unknown,Helen: Acting comes naturally!
20010207,unknown,Lisa Ray : Show cause or else!
20010207,unknown,Star struck: Fund-raising drives drive public crazy!
20010207,unknown,Aamir Khan: Providing relief!
20010207,unknown,Helen: Acting comes naturally!
20010207,unknown,Lisa Ray : Show cause or else!
20010207,unknown,Star struck: Fund-raising drives drive public crazy!
20010207,unknown,Iran welcomes Vajpayee-Musharraf phone talk
20010207,unknown,Egypt to open doors to more Indian professionals
20010207,unknown,Putin sacks minister over Siberian energy crisis
20010207,unknown,Poland keen on defence joint ventures with India
20010207,unknown,France to send nuclear sub; frigate for fleet review
20010207,unknown,MiG Corporation keen on enhancing ties with India
20010207,unknown,Quake diplomacy could work for India; Pakistan
20010207,unknown,Cong for imposition of financial emergency in AP
20010207,unknown,Fake currency racked busted
20010207,unknown,President Arroyo chooses veep
20010207,unknown,Bush names Wolfowitz deputy defence secretary
20010207,unknown,President Arroyo chooses veep
20010207,unknown,New Zealand PM supports protest against Fijian team
20010207,unknown,Bush names Wolfowitz deputy defence secretary
20010207,unknown,Clinton's lucrative plan under fire
20010207,unknown,Ronald Reagan turns 90
20010208,unknown,Clear debris; start rebuilding: Centre to Gujarat
20010208,unknown,Royal feud out in the open: Madhavrao disinherited
20010208,unknown,Mumbai blasts accused shot dead
20010208,unknown,A fragile ceasefire frays more
20010208,unknown,MRO-TEK in pact for device to ease network traffic
20010208,unknown,Rohtas' team wins Pro-Am
20010208,unknown,Hero's Best shines
20010208,unknown,Just Puffery
20010208,unknown,Bulldozer Win
20010208,unknown,Comedy of Terrors
20010208,unknown,South of the Order
20010208,unknown,A Science Kumbh & Universal Religion?
20010208,unknown,The Match Factor
20010208,unknown,Divine Support
20010208,unknown,Back to Basics
20010208,unknown,Straight Answers
20010208,unknown,Reality Bites
20010208,unknown,American Cricket Council in the offing
20010208,unknown,Chandigarh school sponsors state team
20010208,unknown,Surya Kiran; Tornado steal the thunder
20010208,unknown,George apologises to Krishna
20010208,unknown,Love's in the air for sky-diving couple
20010208,unknown,India not looking at purchase of Mirage 2000-5
20010208,unknown,Hawk gets in at last; will be on static display
20010208,unknown,A mere fracture and yet the boy is dead
20010208,unknown,A Valentine; a near miss
20010208,unknown,CM buys his own garland
20010208,unknown,No more luxury cars for top cops
20010208,unknown,Smooth riding at the new bus stand
20010208,unknown,Did a Dandupalya goon escape from custody?
20010208,unknown,Mysore Lamps to float global tenders for revival
20010208,unknown,John shouldn't have been dropped: Nanje Gowda
20010208,unknown,'Consultant' dupes MBBS aspirants of crores
20010208,unknown,Veerappan is a pro at escaping: Gopal
20010208,unknown,Gowda goes back to Hassan
20010209,unknown,Copter crash brings VIP sorties under fire
20010209,unknown,CAT quashes CBI director's appointment
20010209,unknown,Dying mother should have forgiven Scindia
20010209,unknown,Sole survivor says Allah saved him
20010209,unknown,Becker's girlfriend has roots in south India
20010209,unknown,Catholic RSS
20010209,unknown,Spliced Rice
20010209,unknown,Innocent Blood
20010209,unknown,Dogged does it
20010209,unknown,Davos Divide
20010209,unknown,Spiritual Values In Everyday Life
20010209,unknown,The Kachchi Sprint
20010209,unknown,Great Compassion
20010209,unknown,Shock Market
20010209,unknown,Straight Answers
20010209,unknown,Will gold-diggers strike it rich in India?
20010209,unknown,Tillari Irrigation Project a ray of hope for Goa
20010209,unknown,Log on for medical advice
20010209,unknown,Profits of Handicraft Co-op Society soars
20010209,unknown,Police tow away vehicles outside telecom office
20010209,unknown,Tribunal quashes CBI chief's appointment
20010209,unknown,Becker's girlfriend has her roots in B'lore
20010209,unknown,Thundering Tornado steals the show
20010209,unknown,After Russia; BAE eyes LCA programme
20010209,unknown,Ducking the enemy with camouflage
20010209,unknown,Sukhoi to arrive on time: Russia
20010209,unknown,Arianespace's claim to fame
20010209,unknown,Torture on ground to see ecstasy in sky
20010209,unknown,Getting set to balle balle
20010209,unknown,Experts from state to examine buildings in Gujarat
20010209,unknown,Cable-laying mess forces BCC to size up act
20010209,unknown,Govt scraps quota-less recruitment
20010209,unknown,No salary for 15;000 teachers in Jan
20010209,unknown,I can fit into any character: Bhavana
20010209,unknown,Dance to my lady
20010209,unknown,Easy riders on an Indian adventure
20010209,unknown,Writ petition against govt 'largesse'
20010209,unknown,Water from Harangi dam to be released from Feb. 15
20010209,unknown,George calls for joint funding of technologies
20010209,unknown,Can Beauty Kings be far behind?
20010209,unknown,Clean streets: Residents show the way
20010209,unknown,Rajajinagar: Contradictions coexist here
20010209,unknown,Anganwadis to get free potatoes
20010209,unknown,Relief work in full swing: George
20010209,unknown,Manuscripts will be digitalised: Minister
20010210,unknown,A new river runs through Gujarat
20010210,unknown,Is there a second will?
20010210,unknown,Largest count ever an arduous task
20010210,unknown,Govt to challenge CAT order on Raghavan
20010210,unknown,Battle royal brewing in ICSSR
20010210,unknown,Residents see enumerators as salesgirls
20010210,unknown,Aamir Khan's musical 'Lagaan'
20010210,unknown,Amitabh gets Remo to sing along
20010210,unknown,'Noori' becomes a nerd
20010210,unknown,Raman Kumar: New kid on the block!
20010210,unknown,Power Play
20010210,unknown,See-through Politics
20010210,unknown,Road to RAMA
20010210,unknown,The Art of Healing
20010210,unknown,Do Not Waste the Gift of Human Life
20010210,unknown,Horny Locomotion
20010210,unknown,The Real and the Unreal
20010210,unknown,Play it Again; Sam
20010210,unknown,Straight Answers
20010210,unknown,Surprising Call
20010210,unknown,Forget beaches; peek into Goan history
20010210,unknown,Budget session from March 19
20010210,unknown,RSS workers don't deserve pension; says Cong MP
20010210,unknown,Centre ignores Rubber Board's efforts to make honey
20010210,unknown,Govt tightens rules for renewing mining lease
20010210,unknown,Outdated laws in Goa may go
20010210,unknown,Retd Bangalore judge on consumer panel
20010210,unknown,LCA flies in public view for first time
20010210,unknown,Sukhoi to be produced at HAL's Nasik division
20010210,unknown,Eurocopter keen on deal with HAL
20010210,unknown,Surya Kiran team shines in blazing glory
20010210,unknown,Tipnis takes a ride on Sukhoi
20010210,unknown,RAF ready to train Indian pilots on Hawk
20010210,unknown,This Air Marshal from England has an Indian link
20010210,unknown,AJT loss not to dent Dassault hopes
20010210,unknown,Man with a mission
20010210,unknown,E-governance in state begins with CM's constituency
20010210,unknown,HC upholds decision on sewage plant
20010210,unknown,Kimani wins Beach to Beacon race
20010211,unknown,Militants massacre 15 villagers in Rajouri
20010211,unknown,Is Clinton coming for Kashmir mediation?
20010211,unknown,High command adamant; crisis in WB Congress deepens
20010211,unknown,Don't treat people only as numbers
20010211,unknown,Federal officials check documents at US SBI branch
20010211,unknown,Pepsico's Indra Nooyi honoured
20010211,unknown,All they want is Hrithik
20010211,unknown,I have to pay a price for stardom
20010211,unknown,Model-Survivor
20010211,unknown,The other Rajeev
20010211,unknown,Tinker; tailor; singer; spy
20010211,unknown,Health; breakthroughs; research; fitness; fads
20010211,unknown,The inimitable Mamata
20010211,unknown,The Page Three Politician
20010211,unknown,Reaching out to another world
20010211,unknown,The art of science
20010211,unknown,The three Sunitas
20010211,unknown,My father; my genie
20010211,unknown,The many avataars Subbirami Reddy
20010211,unknown,'Babasaheb's memories dont come free'
20010211,unknown,Land of promise faces exodus of skills
20010211,unknown,Andhra Bank launches publicity blitz for IPO
20010211,unknown,Ashok; teri Ganga maili ho gayee
20010211,unknown,Small investors to pay the price
20010211,unknown,Indian IT firms could face decline in growth
20010211,unknown,Tanning merges subsidiaries to face US slowdown
20010211,unknown,West Bengal to set up gem export park
20010211,unknown,Govt to invite bids for methane exploration
20010211,unknown,Dairy sector seeks special support in Budget
20010211,unknown,Interactive TV will be a reality this year
20010211,unknown,IT major doling out big bucks for college kids
20010211,unknown,Indian IT firms could face decline in growth
20010211,unknown,Tanning merges subsidiaries to face US slowdown
20010211,unknown,New CEO for Allegro
20010211,unknown,India to get upgraded Sukhoi
20010211,unknown,Surya Kirans steal the thunder
20010211,unknown,UK agency keen to work with HAL; DRDO
20010211,unknown,Seeds of Godlike Power
20010212,unknown,J&K militants step up heat; use ceasefire to regroup
20010212,unknown,Mela melee: 3 swing to their death in Surajkund
20010212,unknown,Mob scare keeps Advani at bay in Gandhinagar
20010212,unknown,Budget push for export zones likely
20010212,unknown,Aishwarya: Here one moment; gone the next!
20010212,unknown,Dimple Kapadia: Waiting for star to Twinkle!
20010212,unknown,Nandita: 'Bawandar' caught in rough weather!
20010212,unknown,Reena Khan: From production to 'pareshaan'!
20010212,unknown,Aishwarya: Here one moment; gone the next!
20010212,unknown,Reena Khan: From production to 'pareshaan'!
20010212,unknown,Dimple Kapadia: Waiting for star to Twinkle!
20010212,unknown,Nandita: 'Bawandar' caught in rough weather!
20010212,unknown,Hyderabad most corrupt city; says ex-DGP
20010212,unknown,CPI critical of govt ban on rallies
20010212,unknown,Chaitanya college director seeks CID probe into suicides
20010212,unknown,Probe urged into functioning of private colleges
20010212,unknown,Film actress Roja to campaign for TDP
20010212,unknown,11 IAS officers promoted
20010212,unknown,Govt flayed for neglecting social sciences
20010212,unknown,Aero show: India's flag flutters high
20010212,unknown,Poland eyes India for promoting Sky Truck
20010212,unknown,Aero India concludes with a bang
20010212,unknown,Son of Star Wars
20010212,entertainment.english.hollywood,Remember The Titans
20010213,unknown,Court gives saffron brigade a breather...
20010213,unknown,...but govt has another headache coming
20010213,unknown,Enron Saga: Load-shedding ahead
20010213,unknown,Rush for adoption; but where are the orphans?
20010213,unknown,FII funds in print media under I&B lens
20010213,unknown,Forced Busing
20010213,unknown,Patient Rights
20010213,unknown,Put to Test
20010213,unknown,Smiling Villains
20010213,unknown,Uncivil Conduct
20010213,unknown,St Valentine's Day Is not Un-Hindu
20010213,unknown,Pony Tale
20010213,unknown,God's Boxes
20010213,unknown,Like Seshan; Like Gill
20010213,unknown,Straight Answers
20010213,unknown,Becker's mother not keen on meeting Setlur
20010213,unknown,3rd woman in Becker's life worries Sabrina's family
20010213,unknown,Indo-Fijian Hindus observe festival with fervour
20010213,unknown,Govt tried to conceal vital documents
20010213,unknown,Panaji savours the flavour of Arabian Nights
20010213,unknown,Marathi Bhavan issue comes to the fore
20010213,unknown,Officials clueless over chairman's resignation
20010213,unknown,Council polls from March 25
20010213,unknown,Beheaded Amitabh in wax arrives in India!
20010213,unknown,Raveena Tandon: Sound mind in sick body?
20010213,unknown,Sunil Shetty: Into 'Popcorn' entertainment!
20010213,unknown,Threat to Valentine's Day celebrations
20010213,unknown,Alva: a leader leaders could bank upon
20010213,unknown,Fear of quakes brings flat sales crashing down
20010213,unknown,When Jaya thumbed her nose at Kannada activists
20010213,unknown,Future wars will be won through media: RAF
20010213,unknown,From Brunei to Belgium; they'll say it with Indian roses
20010213,unknown,V day woes: loadsa love and empty wallets
20010214,unknown,Equity dilution; not divestment in Maruti
20010214,unknown,Love in the times of marching Sainiks
20010214,unknown,BJP pipes down; Cong upbeat over Babri case
20010214,unknown,Govt fashions confusion over channel ban
20010214,unknown,Enron saga: Powered by govt generosity
20010214,unknown,If television goes on talent hunt
20010214,unknown,Hrithik Roshan: Counting thought!
20010214,unknown,Ajay Devgan: Thinning wheel!
20010214,unknown,Salman Khan & Aishwarya Rai: Chori Chori Chupke Chupke!
20010214,unknown,Kamal Haasan: Calling in sick?
20010214,unknown,Will Goa become the nerve-centre of economy?
20010214,unknown,Case against ex-minister will be reopened: CM
20010214,unknown,Info on mother tongue to be recorded during census
20010214,unknown,German trio wow Goan music buffs
20010214,unknown,Cong to file petition against ex-MLAs
20010214,unknown,No patronage for carnival; says Parrikar
20010214,unknown,Helmet rule: Minister in two minds
20010214,unknown,CM concerned over depletion of marine life
20010214,unknown,CM hints at harsh state budget
20010214,unknown,Centre moves HC against CAT order on Raghavan
20010214,unknown,Postal dept to launch database project
20010214,unknown,Pollution is robbing blooms of their colour
20010214,unknown,Jeevaraj Alva buried with state honours
20010214,unknown,Govt moots revival of toddy tapping
20010214,unknown,'Govt won't succumb to statehood demands'
20010214,unknown,Get ready for a new safari at Bannerghatta Park
20010214,unknown,It's sudden exit; entry for Karnataka AICC in-charge
20010214,unknown,A cop and his brush with art
20010214,unknown,India emerges as an aero power
20010214,unknown,Overloading cases on a rise in Bangalore
20010214,unknown,70 groups are involved in Bangalore Response
20010214,unknown,These young citizens are voicing their concern
20010214,unknown,Bad roads break this family's backbone
20010214,unknown,Colleges to remain closed tomorrow
20010214,unknown,Traders unanimously say 'no' to selling birds
20010214,unknown,Price cut has no impact on sale of flats
20010214,unknown,Increase in telephone traffic during day time
20010214,unknown,Panel accuses govt of adopting fast track methods
20010214,unknown,The old man in his labyrinth
20010214,unknown,Mysoreans set to celebrate Valentine's Day
20010214,unknown,BJP to protest over power tariff hike
20010214,unknown,According autonomy to medical colleges need of the hour
20010214,unknown,One for the heart: Turn veggie this Valentine's Day
20010214,unknown,KCCI wants single-point cess for farmers
20010214,unknown,Hubli-Dharwad mayor ends term
20010214,unknown,Federation to provide artificial limbs to quake victims
20010214,unknown,Bellary bandh total
20010214,unknown,Open varsity convocation on March 3
20010214,unknown,Hrithik Roshan: Counting thought!
20010214,unknown,Ajay Devgan: Thinning wheel!
20010214,unknown,Salman Khan & Aishwarya Rai: Chori Chori Chupke Chupke!
20010214,unknown,Kamal Haasan: Calling in sick?
20010214,unknown,An art plaza on Mumbai street?
20010214,unknown,Orissa latest claimant to Kohinoor
20010214,unknown,Experimental cartoon film on anvil
20010214,unknown,'Gajagamini' a tribute to my mother: Hussain
20010215,unknown,Sinha promises industry a breather on taxes
20010215,unknown,Valentines get a taste of swadeshi ire
20010215,unknown,From fault lines to political battle lines
20010215,unknown,Star cast to script end to filmdom's mob marriage
20010215,unknown,Enron saga: Power of political will on test
20010215,unknown,Acts of God
20010215,unknown,Roundabout Route
20010215,unknown,Law & Disorder
20010215,unknown,Bed of Ignorance
20010215,unknown,Revitalise Reforms
20010215,unknown,The Purpose of Our Life is to 'Know'
20010215,unknown,Damning the Narbada
20010215,unknown,Community Welfare
20010215,unknown,Bhuj's Tremors in London
20010215,unknown,Straight Answers
20010215,unknown,Paris dedicates garden to Diana
20010215,unknown,No community can live in isolation
20010215,unknown,Former Goa speaker cremated
20010215,unknown,No community can live in isolation
20010215,unknown,Former Goa speaker cremated
20010215,unknown,Artiste's death condoled
20010215,unknown,Gold chains worth Rs 70;000 robbed
20010215,unknown,Sunjay Dutt: Life begins at 40!
20010215,unknown,New breed on the block!
20010215,unknown,Madhuri Dixit: Very much in competition!
20010215,unknown,Juhi Chawla: 'Made' for diaper days!
20010215,unknown,Film director Dulal Guha dead
20010215,unknown,Sunjay Dutt: Life begins at 40!
20010215,unknown,New breed on the block!
20010215,unknown,Madhuri Dixit: Very much in competition!
20010215,unknown,Juhi Chawla: 'Made' for diaper days!
20010215,unknown,Chakraborty not invited to CPM function
20010215,unknown,Babughat to get a face lift
20010215,unknown,Normal life paralysed in Darjeeling
20010215,unknown,Truth about Creation
20010216,unknown,Govt promises Bill to curb unfair imports
20010216,unknown,4 killed in police firing on J&K protesters
20010216,unknown,Lawmakers blush but fight shy of FTV ban
20010216,unknown,Niche market for big cars revving up
20010216,unknown,'Don't blame us; BCCL is the culprit'
20010216,unknown,The killing mines of Dhanbad
20010216,unknown,Standing committee on safety is down in the pits
20010216,unknown,An unsafe journey
20010216,unknown,Still coping with tragedy; 25 years on
20010216,unknown,Mine safety was the reason why coal was nationalised
20010216,unknown,A Sangh mela; supported by GoI
20010216,unknown,RSS front with a missionary goal
20010216,unknown,Confessions of a census enumerator
20010216,unknown,No more luxury cars for top cops' kin
20010216,unknown,UP police caught Web-footed
20010216,unknown,UPPCL turns a blind eye to pvt sector arrears
20010216,unknown,It's not just Bihar that's 'bimar'
20010216,unknown,Right to life must govern employee compensation
20010216,unknown,NTPC not to disrupt power supply to Bihar
20010216,unknown,KPT entrusted with rehabilitation work
20010216,unknown,Civil-military coordination must for disaster management
20010216,unknown,IAS officers' SoS to Centre for security
20010216,unknown,All at sea with Vishnu Bhagwat
20010216,unknown,IAS-Sadhu tussle scuttles Bihar's 'good governance' symposium
20010216,unknown,A and B list
20010216,unknown,Customs officials in smuggling dragnet
20010216,unknown,Metro Yamuna Bridge ready
20010216,unknown,Movements
20010216,unknown,Lessons in Apathy
20010216,unknown,Vision Ceasefire
20010216,unknown,Taxman Goeth
20010216,unknown,For the Birds
20010216,unknown,Invigorate Industry
20010216,unknown,Sex and Census
20010216,unknown,Fouling our Nest
20010216,unknown,Poison in the Air
20010216,unknown,Straight Answers
20010217,unknown,Two killed in Srinagar firing; curfew clamped
20010217,unknown,SC clears decks for trial of JMM MPs
20010217,unknown,Setback to Jaya as SC orders trial
20010217,unknown,Armada of warships to greet Presidential review
20010217,unknown,MC Hammer offers to rap for Gujarat victims
20010217,unknown,'American Chai' draws huge crowd
20010217,unknown,Need to involve men in women's issues stressed
20010217,unknown,Gender equality still a dream in Asian; Pacific countries
20010217,unknown,MC Hammer offers to rap for Gujarat victims
20010217,unknown,Raveena Tandon signs Hollywood film
20010217,unknown,Rani Mukherjee: Bollywood's busiest babe?
20010217,unknown,Naseeruddin Shah's dreams come true!
20010217,unknown,Kids have field day with Aamir Khan
20010217,unknown,Raveena Tandon signs Hollywood film
20010217,unknown,Naseeruddin Shah's dreams come true!
20010217,unknown,Rani Mukherjee: Bollywood's busiest babe?
20010217,unknown,Kids have field day with Aamir Khan
20010217,unknown,PMK tried to bring AIADMK into NDA: Venkaiah
20010217,unknown,Pondy BJP report made PMK quit NDA
20010217,unknown,PM arrives in Coimbatore today
20010217,unknown,Opposition boycotts governor's address
20010217,unknown,Ban on smoking: The Kerala experience
20010217,unknown,Census: Sex workers want to be counted
20010217,unknown,Panther keeps forest officials on toes
20010217,unknown,Motorcycle pilots challenge order on helmet
20010217,unknown,Cop exonerated from corruption charges
20010217,unknown,Defence services exam results declared
20010217,unknown,Involve marginal farmers in co-op sector: CM
20010217,unknown,Law college students win quiz contest
20010217,unknown,Goodnight Napster
20010217,unknown,Trial by Numbers
20010217,unknown,Fame for Sale
20010217,unknown,Sri Lanka Today
20010217,unknown,A Resort Within the Mind; All Your Own
20010217,unknown,Tea at Aler
20010217,unknown,You Can Win
20010217,unknown,Transparent Defects
20010217,unknown,Straight Answers
20010217,unknown,Counting Heads
20010217,unknown,Census map is behind the times
20010217,unknown,Sabrina Setlur ready to sing in India; says father
20010218,unknown,Militancy and ceasefire cannot go together: PM
20010218,unknown,A fleeting view of the grand maritime show
20010218,unknown,Roshans; Bachchans steal the show
20010218,unknown,Hrithik will play Hamlet; Hollywood style
20010218,unknown,Promote FDI; tighten purse strings
20010218,unknown,Global warming portends disaster for subcontinent
20010218,unknown,Prof accuses Roman Catholic church for women neglect
20010218,unknown,Filmfare Awards: Starry; starry nights!
20010218,unknown,Govinda in Big B steps!
20010218,unknown,Feroze Khan has kicked 'butts'!
20010218,unknown,Rahul Roy has a Maharashtrian wife!
20010218,unknown,Filmfare Awards: Starry; starry nights!
20010218,unknown,Govinda in Big B steps!
20010218,unknown,Feroze Khan has kicked 'butts'!
20010218,unknown,Rahul Roy has a Maharashtrian wife!
20010218,unknown,Rushdie abandons New York for 'uninspiring' London
20010218,unknown,700 govt employees to retire this year
20010218,unknown,90 Arrested for playing matka
20010218,unknown,Motorists protest against helmet rule
20010218,unknown,Indo-Pak ties on upswing; says Pak ex-minister
20010218,unknown,Panther keeps forest officials on their toes
20010218,unknown,Govt abused law to harm me; says ex-minister
20010218,unknown,Tourism association frowns at canal officer's appointment
20010219,unknown,Fresh gunfire in Srinagar as Army regrets earlier firings
20010219,unknown,A divided govt leaves truce decision for another day
20010219,unknown,Quake after-shock: More committees; more task forces
20010219,unknown,Military's air prowess on 'Shockwave' show
20010219,unknown,Poll plank or prudence? Mamata at a crossing
20010219,unknown,Mrichchhakatika-II: Raja's 'saala' lords it over again
20010219,unknown,Electric Blues
20010219,unknown,An Interesting Cut
20010219,unknown,High Stock Value
20010219,unknown,Smiley's People
20010219,unknown,Guns and Butter
20010219,unknown,Human Evolution and The Ten Avatars
20010219,unknown,Magic Years
20010219,unknown,HAM to the Rescue
20010219,unknown,Straight Answers
20010219,unknown,Hanif Kureishi charms audiences at American univ
20010219,unknown,Cancer fatigue: When they just don't have energy
20010219,unknown,Global resolve to fight cancer
20010219,unknown,Hrithik Roshan saves drowning director
20010219,unknown,Madhuri Dixit: Pati badgered for KBC!
20010219,unknown,Sushmita Sen: Engaged to Sanjay?
20010219,unknown,Will 'Grahan' emerge from shadows at box-office?
20010219,unknown,Patiala gharana and an ear for pop music
20010219,unknown,Dharmendra: Terrorist attack!
20010219,unknown,Lata Mangeshkar: Legendary aides!
20010219,unknown,'Yeh Raaste Hain Pyaar Ke' makes new 'inroads'
20010219,unknown,Faizal Khan: Down but Not out!
20010219,unknown,Hrithik Roshan saves drowning director
20010219,unknown,Sushmita Sen: Engaged to Sanjay?
20010219,unknown,Dharmendra: Terrorist attack!
20010221,unknown,PM calls all-party meet on ceasefire today
20010221,unknown,Second will compounds Rajmata's legacy
20010221,unknown,Veteran Communist leader Indrajit Gupta dead
20010221,unknown,Worli-Bandra sea link enters crucial stage
20010221,unknown,PIL challenging ACB bifurcation filed in HC
20010221,unknown,MSEB pegs monthly Enron billing at Rs 500 crore from June
20010221,unknown,'All-aware' Mumbaikars feel strongly about issues
20010221,unknown,How can they impose their views on us?
20010221,unknown,Tracking HIV in 10 minutes!
20010221,unknown,Interative games are just child's play
20010221,unknown,Microsoft faces new Antitrust probe over Corel deal
20010221,unknown,Out-of-work wisdom; and a question of ethics
20010221,unknown,Rana's success and its divine origins
20010221,unknown,Napster stirs...ever so silently
20010221,unknown,Child Power
20010221,unknown,Bollywood bash for 'Gujarat'
20010221,unknown,Salman Khan turns negative
20010221,unknown,Abhishek Bachchan: Quite a prankster!
20010221,unknown,Hrithik Roshan: Close-up and personal!
20010221,unknown,Smita Patil's retrospective draws crowds at Moscow
20010221,unknown,Bollywood bash for 'Gujarat'
20010221,unknown,Hrithik Roshan: Close-up and personal!
20010221,unknown,Abhishek Bachchan: Quite a prankster!
20010221,unknown,Salman Khan turns negative
20010221,unknown,Nepal Parliament adjourned again
20010221,unknown,Fiji commander rules out commitment to court ruling
20010221,unknown,Canadian PM to attend vigil for quake victims
20010221,unknown,Rights watchdog asks UN to probe Taliban 'massacre'
20010221,unknown,Probe ordered into remarks against S.African Indians
20010221,unknown,Talks resumption cannot be conditional: Mubarak
20010221,unknown,British racism and the tale of two Lords
20010221,unknown,UB in talks with bottlers for picking up equity
20010221,unknown,Maruti ropes in Hrithik to promote WagonR
20010221,unknown,Super Cassettes to shut down mineral water business
20010221,unknown,Reserve Bank cuts repo rate to 7.5%
20010221,unknown,BPL focusses on the lower end; creates sub-brands
20010221,unknown,Gujarat Positra Port project seeks Rs 3;200 cr FI loan
20010221,unknown,Postal department plans new services to up revenue
20010221,unknown,Foreign brands may cheer you as import curbs fade away
20010221,unknown,No good news for movie buffs expected from Budget
20010221,unknown,For Australian brothel; its business of pleasure
20010222,unknown,Doves have their way; truce prevails
20010222,unknown,Amanullah; 87 others to apply for Indian visas
20010222,unknown,It's back to the days of protest
20010222,unknown,India Caucus to work for lifting of sanctions
20010222,unknown,Govt makes cut-rate sale of BALCO
20010222,unknown,Mahima Chaudhary: Angry damsel!
20010222,unknown,Sunjay Dutt: Fringe benefits!
20010222,unknown,Rahul: Cutefully yours!
20010222,unknown,Panini Raj Kumar: A new kinda stepping stone!
20010222,unknown,Grammy nominee Scott overwhelmed
20010222,unknown,EVM controversy: EC unfazed by Jaya's petition
20010222,unknown,Bloated bureaucracy empties coffers; stops development
20010222,unknown,Census: Tough task for enumerators
20010222,unknown,Taxation or no? Goa public are anxious
20010222,unknown,There's no use shying away from shyness
20010222,unknown,Govt decision on wards stayed
20010222,unknown,Rs 3 crore for road construction
20010222,unknown,Festival of plays from Feb 26
20010222,unknown,Russia to continue N-fuel supply despite US protest
20010222,unknown,A Billion Mutinies
20010222,unknown,Guarding the Oceans
20010222,unknown,Poem Ahoy
20010222,unknown,The Golden Genome
20010222,unknown,Nirvana is Within Reach of Everyone
20010222,unknown,Double Trouble
20010222,unknown,Sense of Humour
20010222,unknown,Indecent Exposure
20010222,unknown,Straight Answers
20010222,unknown,Active Peace
20010222,unknown,Fiji PMO denies disinterest in charges against Speight
20010222,unknown,Canada to let in 235;000 immigrants in 2002
20010222,unknown,Asia Foundation favors US role in Kashmir dispute
20010222,unknown,US IP worth $300 mn stolen in India: Report
20010222,unknown,Mother Teresa monument near Seattle
20010222,unknown,FBI agent's arrest ends major security breach
20010222,unknown,S.African Indian heads Uruguay mission
20010222,unknown,Russia to continue N-fuel supply despite US protest
20010222,unknown,I-T department looking to widen scope of PAN
20010222,unknown,US IP worth $300 mn stolen in India: Report
20010222,unknown,Will the stock market get a shot in arm?
20010222,unknown,Reebok eyes fitness segment
20010222,unknown,Govt makes cut-rate sale of BALCO
20010222,unknown,Cellphone market abuzz with rising subscriber base
20010222,unknown,Aksh to invest Rs90cr for hiking capacity
20010222,unknown,Bharti Mobile served Rs 477 cr demand notice
20010222,unknown,Ranbaxy; Dade to convert pact into JV
20010223,unknown,Truce to be tried out for 3 more months
20010223,unknown,Enough elbow room for all sides
20010223,unknown,Oppn wants govt to come clean on BALCO deal
20010223,unknown,I-T; UTI spat over interest tax
20010223,unknown,Only 26% Indians are poor; claims plan panel
20010223,unknown,Bengal doctors struggle with killer disease
20010223,unknown,NRI-headed company develops low-cost AIDS test
20010223,unknown,Shed excess weight in a week
20010223,unknown,Mamooty best actor in the Asianet Lux Film Awards
20010223,unknown,Hrithik to enthral capital denizens Friday night
20010223,unknown,Lata Mangeshkar to sing at quake fund raiser
20010223,unknown,Ashutosh Rana: Shiva-ling-ling-ling!
20010223,unknown,Flawed Diplomacy
20010223,unknown,Govt wakes up to keep House promises
20010223,unknown,Bihar headed for a flat budget
20010223,unknown,Cong erred by joining RJD govt; says Rama Pilot
20010223,unknown,Chaitudih mine closed after gas leak
20010223,unknown,Munna's men continue seige on Muzaffarpur hospital
20010223,unknown,Bandh hits life in Bhagalpur
20010223,unknown,Whose mother tongue is Hindi; anyway?
20010223,unknown,Awaiting promotion; top I-T official shifted
20010223,unknown,No arms licence to be issued till panchayat poll
20010223,unknown,Medical Re-registration Bill on the cards
20010223,unknown,Traders feel unsafe at Muzaffarpur
20010223,unknown,12 injured as villagers clash with police
20010223,unknown,State distributors' body stops lifting HLL products
20010223,unknown,Trust to 'give up' leprosy home
20010223,unknown,All that dough
20010223,unknown,Mamooty best actor in the Asianet Lux Film Awards
20010223,unknown,Hrithik to enthral capital denizens Friday night
20010223,unknown,Lata Mangeshkar to sing at quake fund raiser
20010223,unknown,Ashutosh Rana: Shiva-ling-ling-ling!
20010223,unknown,Anupama Verma: The grahan has been wiped off
20010223,unknown,Govinda: All dressed up and nowhere to go?
20010223,unknown,Sunil Shetty: Kyunki saas hee saas hai!
20010223,unknown,Sri Hari's big talks
20010223,unknown,Karnataka officials take to the silver screen
20010223,unknown,Berlin award for Kerala film director praised
20010223,unknown,Cease Fire
20010223,unknown,Transparency Please
20010223,unknown,Age of Art
20010223,unknown,Hard Times; Soft Budget
20010223,unknown,The Many Benefits Of Daily Prayer
20010223,unknown,Coat of Arms
20010223,unknown,Beautiful People
20010223,unknown,Low Rates; High Returns
20010223,unknown,Straight Answers
20010223,unknown,Judicial probe ordered into attack on Gowda's wife
20010223,unknown,Family feud suspected behind acid attack
20010223,unknown,Leave it to God: Deve Gowda
20010223,unknown,Bandh total; Cong worker attacked
20010223,unknown,Alert Sub-Inspector turns saviour
20010223,unknown,Chennamma's surgery today
20010223,unknown,SPG looking into 'lapse'
20010223,unknown,Wildlife as work and passion
20010223,unknown,Govt derives formula to improve SSLC results
20010223,unknown,Bill for unorganised sector on the anvil
20010223,unknown,Maharashtra minister injured in accident
20010223,unknown,Students ask CM to revoke decision on grants cut
20010223,unknown,The salsa was superb; and who's your caterer?
20010223,unknown,Fish out of fresh water
20010223,unknown,The healing touch
20010223,unknown,Let's switch to LPG. It's safe
20010223,unknown,Their bamboo music is hard to beat
20010223,unknown,Just ignore the fine print
20010223,unknown,Vrishabhavathinagar: A village woken up
20010223,unknown,Drug abuse cases on a rise in Bangalore
20010223,entertainment.english.hollywood,Bootmen
20010224,unknown,Survey signals bold steps in Budget
20010224,unknown,Govt may beat a retreat on BALCO
20010224,unknown,Boost for BJP; allies; shock for Congress
20010224,unknown,Six policemen killed in ambush
20010224,unknown,Cricket board clips Bindra's wings by banning him
20010224,unknown,Sushma clamps down on Close-Up ad
20010224,unknown,Karunanidhi rules out tie-up with TMC
20010224,unknown,No official order on prize for tip-offs on Veerappan
20010224,unknown,Residents step up stir for road
20010224,unknown,Big-time dealers set a trap for drug peddlers
20010224,unknown,Sparks fly after Cong leaders dropped from GPC
20010224,unknown,Goa govt bails out coconut farmers
20010224,unknown,Goa in debt by Rs 1;414 cr
20010224,unknown,South Korea woos Goa with big plans
20010224,unknown,Decision is shocking: Sequeira
20010224,unknown,Kerala gets a dream budget that won't work
20010224,unknown,Kerala'll get tipsy if Left returns
20010224,unknown,Darkness in Karnataka as power grid trips
20010224,unknown,Govt withdraws order on cut in college grants
20010224,unknown,Govt revokes suspension of officers
20010224,unknown,Chennamma operated; under intensive care
20010224,unknown,Lokesh confesses; but has no regrets
20010224,unknown,Attack: Nature of inquiry yet to be decided
20010224,unknown,When you nail down MC Hammer
20010224,unknown,Virtual bridge from B'lore to Hollywood is heavy with traffic
20010224,unknown,5-yr-old fights for life after drinking arrack
20010224,unknown,BATF will soldier on for better civic life
20010224,unknown,Is Bangalore moving forward?
20010224,unknown,A different ball game for Nagma now
20010224,unknown,Is Brindavan Gardens losing its charm?
20010224,unknown,Something to smile about
20010224,unknown,The city on a school wall
20010224,unknown,Sudden hot spell won't last long
20010224,unknown,ELRTS plays spoilsport; delays flyover work
20010224,unknown,Industrial unit raided for meter tampering
20010224,unknown,Stress on free; compulsory education for children
20010224,unknown,They help women overcome barrier; achieve success
20010224,unknown,HC admits petition seeking tank's maintainance
20010224,unknown,Lok Ayukta probe into irregularities
20010224,unknown,Kannada film bags award
20010224,unknown,Adventure unlimited at Palace Grounds
20010224,unknown,Yellow line violators make traffic cops see red
20010224,unknown,Animal sacrifice: Maneka wants minister punished
20010224,unknown,'US shouldn't take its advantage for granted'
20010224,unknown,KPTC disrupts power supply for CM's sake
20010224,unknown,Lift block on road; orders minister
20010224,unknown,Centre misusing quake issue to impose tax
20010224,unknown,Rs 995 cr WB aid for developing tanks
20010224,unknown,CM hitch-hikes on bullock-cart
20010224,unknown,'Minister suppressing evacuees' voice'
20010224,unknown,Coop society turns 75
20010224,unknown,Janasabha: The catalyst between people; departments
20010224,unknown,Panel to study pesticide ill-effects
20010224,unknown,JVSL lends sympathetic ear to villagers' woes
20010224,unknown,JD(S) postpones protest convention
20010224,unknown,Secrets of the Sect
20010225,unknown,Pink slips herald nightmare for Indian nerds in US
20010225,unknown,'Swadeshi' Vajpayee role model of modern hunks
20010225,unknown,Govt fails to assist quake-hit industries
20010225,unknown,Surat police arrests eight for killings; robberies
20010225,unknown,Western railway announce special train to clear rush
20010225,unknown,Woman stakes claim to world's smallest Gita
20010225,unknown,Mysterious gas may be hydrogen sulphide
20010225,unknown,Law faculty agitation turns violent
20010225,unknown,Padra investors duped of Rs 1.5 lakh
20010225,unknown,SAIL quarters are on sale
20010225,unknown,Alliances fail to influence voting in by polls
20010225,unknown,Confused Tibetan Buddhists await Karmapa's visit
20010225,unknown,20 Naxalites held in Garhwa in two months
20010225,unknown,Salaries not paid to Sanskrit teachers; staff
20010225,unknown,Cosmopolitanism rooted in community discussed
20010225,unknown,Hooper back to reclaim place in Windies team
20010225,unknown,Govt double-talk gives Veerappan the edge
20010225,unknown,STF nabs close aide of Veerappan
20010225,unknown,Thief throws baby into well
20010225,unknown,17.5 crore phone connections in India by 2010
20010225,unknown,NABARD to loan Rs 1600 cr to Haryana
20010225,unknown,Jacob pays surprise visits to schools; hospital
20010225,unknown,Bibi files fresh application
20010225,unknown,Fuel cell engines to replace petrol and diesel ones
20010225,unknown,The emperor of cricket is dead
20010225,unknown,A Hero for Our Time
20010226,unknown,Civilian deaths swelling J&K militant ranks
20010226,unknown,Sonia harps on a new mantra: Farmanomics
20010226,unknown,Tuition for Sonia
20010226,unknown,IT Crash Course
20010226,unknown,Committee Calamity
20010226,unknown,Coffee or Pot?
20010226,unknown,Retirement Investing
20010226,unknown,Why We Listen to Lies; not to Truth
20010226,unknown,Speed of Life
20010226,unknown,True Love
20010226,unknown,Drugs for Development
20010226,unknown,Straight Answers
20010226,unknown,Roshan Seth throws light on his celluloid career
20010226,unknown,Salman Khan turns negative
20010226,unknown,Anupama Verma: 'Grahan' wiped off!
20010226,unknown,4 held for murder of Malad housewife
20010226,unknown,Accused in gold watch scam given clean chit
20010226,unknown,Chembur-Trombay residents oppose LNG plant
20010226,unknown,Govt figures on AIDS doctored; says Countess
20010226,unknown,Three in race to pick up equity in Leela group
20010226,unknown,HC will hear UTI petition today
20010226,unknown,Why the failure to privatise Balco is harmful?
20010226,unknown,NTPC may curtail supply to BSEB
20010226,unknown,Health dept grapples with irregular appointments
20010226,unknown,Paddy sale; not panchayat poll; bothers them
20010226,unknown,Aap mobile hain; hum confined hain: Laloo to scholars
20010226,unknown,Samata uses by-election result to flay Paswan
20010226,unknown,Govt may privatise closed sugar mills
20010226,unknown,Move to evict people from embankments opposed
20010226,unknown,Breeding of leopard cat in captivity in zoo
20010226,unknown,BIT students on hunger strike
20010226,unknown,Spurt in crime worries Bhagalpur residents
20010226,unknown,Bihar Red Cross to adopt village
20010226,unknown,PU staff stage dharna seeking central pay scales
20010226,unknown,CISF sub-inspector shot dead
20010226,unknown,BRABU Senate okays Rs 195-crore budget
20010226,unknown,AIPWA to take up cudgels on behalf of women
20010226,unknown,Australian plane remains stranded
20010226,unknown,Retirement Investing
20010227,unknown,Mamata chugs along beaten track; spares passengers
20010227,unknown,The Don misses another century
20010227,unknown,Court says Bangla migrants a security threat
20010227,unknown,Delhi; Chennai worst cities to live in: UK survey
20010227,unknown,MPs protest Mamata's frugality with trains
20010227,unknown,Mamata ignores experts at Railways' peril
20010227,unknown,Mamata gives few sops to Bengal
20010227,unknown,Trinamul to make Mamata's gifts a poll plank
20010227,unknown,Reform II gets a jolt with populist Rail budget
20010227,unknown,Pvt role sought in Railways info system
20010227,unknown,Rail budget regressive: Congress
20010227,unknown,Didi has her way
20010227,unknown,Train to Nowhere
20010227,unknown,Phoenix Rising
20010227,unknown,Don of An Era
20010227,unknown,Government by 'Schemes'
20010227,unknown,Get Rid of Desires; Realise Your Self
20010227,unknown,Sense and Census
20010227,unknown,The Planet's Plight
20010227,unknown,Language Problems
20010227,unknown,Tiruvarur set for cyber sufficiency
20010227,unknown,A rare surgery; yet a success story
20010227,unknown,Budget for Growth
20010227,unknown,Straight Answers
20010227,unknown,Cong set to challenge BJP govt in Goa
20010227,unknown,IT to propel tourism to greater heights
20010227,unknown,Implement policy to keep beaches tidy; govt told
20010227,unknown,Panaji DD doors shut on Lata Mangeshkar
20010228,unknown,A common man's Budget
20010228,unknown,Taliban decree may punch gaps in Indian history
20010228,unknown,Blackwill likely US envoy to India
20010228,unknown,Command Performance
20010228,unknown,Toxic Transfer
20010228,unknown,Damned to Fame
20010228,unknown,Economic Slowdown
20010228,unknown,Lent: A Time for Prayer & Good Works
20010228,unknown,Bond with the Bard
20010228,unknown,Human Initiative
20010228,unknown,Straight Answers
20010228,unknown,Cops lied; I was arrested from a house; says Maran
20010228,unknown,Hesistant TMC may join AIADMK alliance
20010228,unknown,PIL against poor transport service in Nilgiris
20010228,unknown,Politicians get ready for party-hopping
20010228,unknown,Spitting in a public place may cost you Rs 5;000
20010228,unknown,Police fail to nab gang of thieves
20010228,unknown,Stolen vehicles recovered; two held
20010228,unknown,New traffic system in Margao hailed
20010228,unknown,In Kannur; 180 killed in five years of Left rule
20010228,unknown,Veerappan may be back in TN or Karnataka
20010228,unknown,A common man's Budget
20010228,unknown,Ayes & Nays
20010228,unknown,Uncommon budgets for the common man
20010228,unknown,Don't use your mobile; traffic cops are watching
20010228,unknown,Govt staff may face retirement before 58
20010228,unknown,18 more ill with gastroenteritis
20010228,unknown,Costs increase pain for kidney patients
20010228,unknown,AIDS wracks her body; but the spirit lives on
20010228,unknown,150 huts gutted in slum fire
20010228,unknown,Patel had tears in his eyes: Krishna
20010228,unknown,A common man's Budget
20010228,unknown,Taliban decree may punch gaps in Indian history
20010228,unknown,Blackwill likely US envoy to India
20010228,unknown,Universal View
20010228,unknown,Command Performance
20010228,unknown,Toxic Transfer
20010228,unknown,Damned to Fame
20010228,unknown,Economic Slowdown
20010228,unknown,Lent: A Time for Prayer & Good Works
20010228,unknown,Bond with the Bard
20010228,unknown,Human Initiative
20010228,unknown,Simpler; Shorter; Smarter
20010228,unknown,Straight Answers
20010228,unknown,Cops lied; I was arrested from a house; says Maran
20010228,unknown,Hesistant TMC may join AIADMK alliance
20010228,unknown,PIL against poor transport service in Nilgiris
20010228,unknown,Politicians get ready for party-hopping
20010228,unknown,Spitting in a public place may cost you Rs 5;000
20010228,unknown,Police fail to nab gang of thieves
20010228,unknown,Stolen vehicles recovered; two held
20010228,unknown,New traffic system in Margao hailed
20010228,unknown,Bishop's prayer for train goes unanswered
20010301,unknown,Savvy Sinha cuts a new deal
20010301,unknown,Markets cheer reform measures
20010301,unknown,Proposals major boost for Corporates
20010301,unknown,Drastic changes proposed in labour laws
20010301,unknown,Defence allocations go up by 13.8%
20010301,unknown,Valuable Lessons
20010301,unknown,Big Pluses; Small Minuses
20010301,unknown,Bearded Thoughts
20010301,unknown,Command Performance
20010301,unknown,Involve the Islamists
20010301,unknown,The Kingdom of God Is Within Each of Us
20010301,unknown,Corn & Porn
20010301,unknown,The Arthashastra
20010301,unknown,A Cocktail that Cures
20010301,unknown,Straight Answers
20010301,unknown,Police in a tizzy over burglaries
20010301,unknown,Positive Budget; says CM
20010301,unknown,Edegra is here to enhance sexual activity
20010301,unknown,HC order to CBI in paedophile case
20010301,unknown,Goan artisans to get more prominence
20010301,unknown,Faleiro seeks Parrikar's resignation
20010301,unknown,Planning board to finalise approach to 10th Plan
20010301,unknown,Pak to start serial production of short-range missiles
20010301,unknown,Pak to start serial production of short-range missiles
20010301,unknown,US asks Taliban to halt desecration of statues
20010301,unknown,Sharifs lose Lahore family house
20010301,unknown,STF nabs one more Veerappan associate
20010301,unknown,SPIC case trial from March 19
20010301,unknown,Onset of lower interest rate regime to boost Co sentiment
20010301,unknown,IT sector is happy; except for the hardware folks
20010301,unknown,Realty sees light at the end of tunnel
20010301,unknown,Bangalore corporates are a happy lot
20010301,unknown,Small investors to be hit hard
20010301,unknown,Human Base pegs on early bird advantage in Japan
20010301,unknown,Network is the business
20010302,entertainment.english.hollywood,Such A Long Journey
20010305,unknown,The Buddha Smiles
20010309,city.delhi,Maneka asks govt to take back land for cow shelter
20010311,unknown,TDP men hack 7 Congress workers to death
20010311,unknown,Azhar fashions second innings in aid of charity
20010311,unknown,In five years; I can turn Mumbai into Gotham city
20010311,unknown,The Power of One
20010311,unknown,Far from the madding crowd
20010311,unknown,Chan and the art of Bonsai
20010311,unknown,Anjolie's World
20010311,unknown,Marriage is my stress buster
20010311,unknown,Five-year Wonder
20010311,unknown,I wish I was'nt attractive
20010311,unknown,We were very much in love and nothing else really mattered
20010311,unknown,The man behind the hot seat
20010311,unknown,Romancing the stone
20010311,unknown,Trick or Treat
20010311,unknown,AIDS should be talked about openly
20010311,unknown,Diva Immaculate
20010311,unknown,What a witch
20010311,unknown,Recycle Jackson
20010311,unknown,Caste Away
20010311,unknown,Straight Answers
20010311,unknown,Brain Gain
20010311,unknown,Deshmukh Triumphs
20010311,unknown,A Prison Primer
20010311,unknown,Bombarding at Bamiyan
20010311,unknown,Joyous Holla Moholla: Celebration of Life
20010311,unknown,Twilight Zone
20010311,unknown,Colours of Spring
20010311,unknown,Priyanka: Setting her sights on the entertainment galaxy!
20010311,unknown,Anupama Verma: No titles for me!
20010311,unknown,Poonam Dhillon: Of 'Holi'days and other fests!
20010311,unknown,Sunil Shetty: Sweet things are made of these!
20010311,unknown,Land value to shoot up in and around city
20010311,unknown,7 Cong workers hacked to death in Guntur dist
20010311,unknown,Corporate hospitals' price war hots up
20010311,unknown,Hail; a new dawn!
20010313,unknown,Expose rocks nation
20010314,unknown,Fernandes offers to quit
20010314,unknown,'It's all in national interest'
20010314,unknown,Market drops; steadies; then gets knocked out again
20010314,unknown,End Of History
20010314,unknown,Vehicle population is soaring in Kerala
20010314,unknown,Grizzly Season
20010314,unknown,Lonely Champions
20010314,unknown,One-track Democracy
20010314,unknown,Strategy for Stability
20010314,unknown,De-Islamizing Islam: The Taliban Project
20010314,unknown,Spring Thoughts
20010314,unknown,Trial of Strength
20010314,unknown,Driven by Sentiment
20010314,unknown,Straight Answers
20010314,unknown,New schemes to boost Goa's culture
20010314,unknown,Official status for Marathi in Goa demanded
20010314,unknown,Preserve ecological balance: Rane
20010314,unknown,Live concert in Panaji on March 19
20010314,unknown,Tourism information centre inaugurated
20010314,unknown,Opportunism guides alliance politics in TN
20010314,unknown,AIADMK to contest 141 seats
20010314,unknown,Tekriwal's resignation causes tremors in Assembly
20010314,unknown,Opposition bid to grill Bihar government foiled
20010314,unknown,Death sentence for killer couple
20010314,unknown,Hotel bill inflated; claim Jharkhand ministers
20010314,unknown,Resignation accepted
20010314,unknown,IIT; IIM in Jharkhand soon; says minister
20010314,unknown,Fresh clashes feared inside Hajipur jail
20010314,unknown,Primary teachers to stage dharna outside Assembly
20010314,unknown,Assembly passes budget allocations for agriculture dept
20010314,unknown,Looted police rifle recovered
20010314,unknown,Seven mukhiyas elected unopposed in Purnia
20010314,unknown,Two leopards die in Patna zoo
20010314,unknown,Tense times for young minds
20010314,unknown,SC bench: Will Bangalore clinch the berth?
20010314,unknown,Cong red-faced as its MLCs take on minister
20010314,unknown,Can we have some water; please
20010314,unknown,Utility Building will be fire-proof in 2 months
20010314,unknown,Sonia to unveil Rajiv's statue
20010314,unknown,Cases against lecturers to be withdrawn
20010314,unknown,We knew Gopi would do it
20010314,unknown,Doing business in Bangalore? Here's the lowdown
20010314,unknown,Raichur; Gulbarga districts lead in school-dropouts
20010315,unknown,PM sticks to guns; allies unhappy
20010315,unknown,Fernandes stays; but suspends sullied officers
20010315,unknown,NDA closes ranks but Mamata wants George out
20010315,unknown,More big names in the web?
20010315,unknown,In Laxman; India has middle-order stability
20010315,unknown,UN sanctions may prolong Afghan civil war
20010315,unknown,MK reposes faith in PM
20010315,unknown,Will Jayalalitha contest polls?
20010315,unknown,Karunanidhi misusing power: Jaya
20010315,unknown,Karunanidhi misusing power: Jaya
20010315,unknown,PMK asks for more seats in Pondy
20010315,unknown,Indefensible Charge
20010315,unknown,Surviving Scams
20010315,unknown,Bottle Songs
20010315,unknown,Defence Disclosures
20010315,unknown,Sri Eknath Swami: Above Caste & Creed
20010315,unknown,Open University
20010315,unknown,Who's Bad?
20010315,unknown,Harvesting the Genome
20010315,unknown,Villagers growl at cops for letting culprit free
20010315,unknown,Fake currency racket thrives in Goa
20010315,unknown,This book unravels mystery surrounding corals
20010315,unknown,Police outposts mooted for south Goa
20010315,unknown,PWD; PFC in tussle over office space
20010315,unknown,CM to inaugurate military meet tomorrow
20010315,unknown,Govinda: Back with a vengeance and how!
20010315,unknown,Vikas Bhalla: Bhang daud?
20010315,unknown,One two ka four: Hum hai rahi pyar ke?
20010315,unknown,Stock market bounces back
20010315,unknown,Daewoo sheds weight for GM
20010315,unknown,What's new in corruption; says India Inc
20010315,unknown,Good reputation must be earned
20010315,unknown,Madhavpura Mercantile's woes may hit coop banks
20010315,unknown,AC Neilsen to close RMS division
20010315,unknown,Air France still says oui to Air-India
20010315,unknown,Air travel to become costlier from Apr
20010315,unknown,Things go better for Coke with IT
20010315,unknown,CNN to expand S. Asia network
20010315,unknown,India Inc bullish on retail ventures
20010315,unknown,Dabur eyes flavoured milk
20010315,unknown,Most indigenous coupe projects run into a wall
20010315,unknown,Tatra to invest Rs 125 cr in engine facility
20010315,unknown,Bharti-Spectranet deal off; fail to agree on valuation
20010315,unknown,MTNL to bid for Malawi Telecomm
20010315,unknown,RealNames plans keyword search technique
20010315,unknown,Indiatimes ties up with AutoClub Asia
20010315,unknown,GIV portfolio to include biotech firms
20010315,unknown,India.com shows door to 100 employees
20010315,unknown,Things go better for Coke with IT
20010315,unknown,E-com weaves its way into India
20010315,unknown,Air France still says oui to Air-India
20010315,unknown,Tehelka expose a boon for Laloo
20010315,unknown,Tehelka zindabad; but what is dot com
20010315,unknown,Laloo on the offensive; again
20010316,unknown,Tape and Tell
20010317,entertainment.english.hollywood,Crouching Tiger; Hidden Dragon
20010318,unknown,Congress ready for coalition
20010318,unknown,BJP begins to rehabilitate Bangaru
20010318,unknown,Toll in Kanpur violence rises to 7
20010318,unknown,Taliban kaun? Hum nahin jante
20010318,unknown,'FRANK' BIOGRAPHY UNCOVERS THE MANY FACES OF INDIRA GANDHI
20010318,unknown,Historic Win
20010318,unknown,The Lady's not for Turning
20010318,unknown,Straight Answers
20010318,unknown,Tale of Two Crises
20010318,unknown,National Insecurity
20010318,unknown,Animal Instinct
20010318,unknown,Confucian Wisdom
20010318,unknown,Religion is a Bond Between Man & Nature
20010318,unknown,Milky Way
20010318,unknown,Sharing Knowledge
20010318,unknown,Urmila Matondkar: Glam wham; thank you ma'am!
20010318,unknown,Releases line up for Hrithik Roshan
20010318,unknown,Bickerings in DMK front over seat sharing
20010318,unknown,A flame from a familiar fire
20010318,unknown,Sonia's right hand
20010318,unknown,In retrospect...
20010318,unknown,I was exposed to politics from my childhood
20010318,unknown,Living in the snake room
20010318,unknown,Bhasker never sleeps
20010318,unknown,Dancing in the twilight
20010318,unknown,The power broker
20010318,unknown,Even my parents have not accepted my transsexual identity
20010318,unknown,The restless style guru
20010318,unknown,Reel life ambitions
20010318,unknown,He 'frames' criminals
20010318,unknown,Goa may clamp ban on private tuitions
20010318,unknown,A string of foreign moods and a solitary 'desi'
20010318,unknown,Banks called upon to have positive approach
20010318,unknown,A flavour of youth for municipal council polls
20010318,unknown,NGOs; greens protest over Ground Water Bill
20010318,unknown,Governor visits historic British cemetery
20010318,unknown,Has Bollywood made unwed motherhood more acceptable?
20010318,unknown,Hyderabad boys
20010318,unknown,Stuffed ghoos
20010318,unknown,Bery bery bad
20010318,unknown,Consuls; judicial bias & Bradman
20010318,unknown,Instead of complaining about being toothless; wear your dentures
20010318,unknown,Cong will not pull down govt now
20010318,unknown,Govt drowned in corruption: Sonia
20010318,unknown,Firms arm-twisted to book stalls at Cong meet
20010318,unknown,Expose proves my point on Balco: Jogi
20010318,unknown,PVN back at centrestage
20010318,unknown,Black sheep of AICC flock
20010318,unknown,Cong economic resolution too soft: Dasmunshi
20010318,unknown,BJP borrowed our agricultural policy: Cong
20010319,unknown,Sonia declares war on Vajpayee govt
20010319,unknown,PMO in line of Sangh fire over Armsgate
20010319,unknown,Jaswant gets charge of defence; for now
20010319,unknown,Want to learn English? Keep ears to the ground
20010319,unknown,Explosive Expose
20010319,unknown,Bitter Pill for Pharmas
20010319,unknown,Straight Answers
20010319,unknown,Flunking the Test
20010319,unknown,So Long; Mir
20010319,unknown,Sleeping Aids
20010319,unknown,Culture as Diplomacy
20010319,unknown,In Search of Rama
20010319,unknown,It's a Wonderful Life
20010319,unknown,Cong front hopes to return to power in state
20010319,unknown,Minister assesses railway work in Thiruvananthapuram
20010319,unknown,Forget surrogate mothers; eat a 'durian' instead
20010319,unknown,More Filipino women resort to abortion
20010319,unknown,E-com plays positive role in tourism sector
20010319,unknown,Goa budget session begins today
20010319,unknown,BJP govt may face a rough budget session
20010319,unknown,Notice to shopkeeper over tri-colour issue
20010319,unknown,Police officials to leave for Karnataka
20010319,unknown,Efforts on to provide support price for coconut
20010319,unknown,Delhi races
20010319,unknown,Congress the right choice; say Sonia; Krishna
20010319,unknown,The Sonia magic hasn't quite faded
20010319,unknown,Souvenir captures united colours of Congress
20010319,unknown,Madam breaks cordon to meet the hoi polloi
20010319,unknown,State will amend disinvestment policy of PSUs
20010319,unknown,Congress makes an ecological point
20010319,unknown,It's Congress all the way
20010319,unknown,Sonia borrows Mahatma's tenet
20010319,unknown,Destination South Block: CM
20010319,unknown,Bleak economic future; predicts Manmohan
20010319,unknown,A week in the life of Roshan Baig
20010319,unknown,Cong will not stall vote-on-account
20010319,unknown,Govt declares war against plastic
20010319,unknown,Exposed! Sonia's letter to Jaya on playing a Thehelka trick
20010319,unknown,What use a raid if the guilty don't spend time in jail?
20010319,unknown,Bad skin? Catch a radio wave
20010319,unknown,Rash driving is at top gear
20010320,unknown,The PMO strikes back
20010320,unknown,CJI refuses to spare sitting judge
20010320,unknown,Harbhajan strikes; India nose ahead
20010320,unknown,Patriot Games
20010320,unknown,DMK breathes easy as BJP satisfies MDMK
20010320,unknown,Chor Machayein Shor
20010320,unknown,An Ariel View
20010320,unknown,His Master's Choice
20010320,unknown,Offence as Defence
20010320,unknown,Focusing: To connect With Oneself; Others
20010320,unknown,Friends & Enemies
20010320,unknown,Science with Direction
20010320,unknown,Swayam ka Sewak
20010320,unknown,Straight Answers
20010320,unknown,Govt plans to put Goa on IT map
20010320,unknown,Opposition nails govt on catamaran deal
20010320,unknown,E-com plays positive role in tourism sector
20010320,unknown,Ministers have their hands full
20010320,unknown,Cong to burn effigy of BJP leader
20010320,unknown,Torture makes domestic elephants go wild
20010320,unknown,Panel recommends slash in sales tax slabs
20010320,unknown,DataPost database will ensure closer ties between households; corporates
20010320,unknown,Reshuffle of police officers on cards
20010320,unknown,She has made road her home
20010320,unknown,Beautiful bodies and other souls
20010320,unknown,State govt declares war against plastic
20010320,unknown,Who will clean up the Congress 'mess'?
20010320,unknown,'Docs' return home without degree certificates
20010320,unknown,Cong website plans to make ministers Net-savvy
20010320,unknown,Vessel sinks near Mangalore; crew safe
20010320,unknown,Newspaper office damaged in blast
20010320,unknown,A hectic day for CM and his colleagues
20010320,unknown,Adopted children get certified status
20010320,unknown,Nail that heavy breather who calls at night
20010320,unknown,Watch that heel
20010320,unknown,Govt decision on mobiles sensible
20010320,unknown,Mobile canteens and eateries flourish in Mysore
20010320,unknown,The death of a freedom fighter
20010320,unknown,SC tells TADA detenues to approach designated court
20010320,unknown,Mysore market 'closed' in protest against footpath vendors
20010320,unknown,DSS protest against Taliban act
20010320,unknown,Kolar district officials thrash it out
20010320,unknown,Forum on 'sacred groves' constituted
20010320,unknown,Shimoga ZP second best in completion of work
20010320,unknown,Agricultural co-ops come out of the red
20010320,unknown,Jain forum to adopt 25 villages
20010320,unknown,Protest against M'lore airport expansion gains ground
20010320,unknown,NMPT carries out trial berthing at new tanker jetty
20010320,unknown,STAR; cable operators stand-off continues
20010320,unknown,Revenue; ZP officials 'battle it out' in field
20010320,unknown,Commandos beat up KSRTC bus crew; police
20010320,unknown,A catalyst between farmer and technology
20010320,unknown,Trade union against changes to labour laws
20010320,unknown,Local body polls: Reservation guidelines finalised
20010320,unknown,Mystery epidemic kills 20 in Raichur dist
20010320,unknown,Future Techno to offer end-to-end wireless training
20010320,unknown,Cross-border e-biz logistics no more a nightmare
20010321,unknown,Vote-on-account passed; chaos follows
20010321,unknown,Sachin; Dravid give India an edge
20010321,unknown,India clinch Gold Cup after thrilling win
20010321,unknown,Bachchan is netizen's Shahenshah
20010321,unknown,Commonwealth: Misnomer; not an award
20010321,unknown,Tusshar Kapoor: Getting his say!
20010321,unknown,Shabana Azmi: Ambassadress?
20010321,unknown,Hrithik Roshan: Humbling act!
20010321,unknown,Rekha: Arty party!
20010321,unknown,Asian Invasion
20010321,unknown,All the PM's Men
20010321,unknown,Tied into Knots
20010321,unknown,Ordinary Vices
20010321,unknown,Heralding Spiritual Spring With Naw-Ruz
20010321,unknown,The Sound of Music
20010321,unknown,Original Mind
20010321,unknown,BJP's Agni Pariksha
20010321,unknown,Straight Answers
20010321,unknown,False Alarm
20010321,unknown,Home is where the switch is...
20010321,unknown,Cong members sing opposition's tune
20010321,unknown,Mandya tense over girl's death
20010321,unknown,AICC meet: CM gets a pat from Sonia
20010321,unknown,Cash-strapped BCC to rent out markets
20010321,unknown,Some jazz; some blues from the one-man band
20010321,unknown,BJP steps in to control damage
20010321,unknown,Miss them; you'll turn a shade of purple
20010321,unknown,Kumta fishermen oppose Tadri port expansion
20010321,unknown,Parking troubles: Irate residents look to the law
20010321,unknown,Speed breakers create danger zones
20010321,unknown,Mobile issue: Bangloreans for strict measures
20010321,unknown,After gastro; cholera rears its head
20010321,unknown,Cops to wield the stick at bad cinema portrayal
20010321,unknown,HC notice to BDA over site conversion
20010321,unknown,Illicit liquor; gadgets seized in Mangalore
20010321,unknown,Garden City has some garden news on Net now
20010321,unknown,Heart Link arrives with medical supplies worth $400;000
20010321,unknown,Judiciary reforms are snail-paced: Krishna
20010321,unknown,Students on hunger strike
20010321,unknown,Meet focusses attention on quality
20010321,entertainment.english.hollywood,Almost Famous
20010322,unknown,Govt strikes back: CBI registers case against Sonia aide
20010322,unknown,Govt had promised a probe into arms deals in '99
20010322,unknown,Jadeja all set for a new innings
20010322,unknown,Bachchan magic!
20010322,unknown,Bobby's new found happiness!
20010322,unknown,Memories of another day
20010322,unknown,Raveena Tandon: Silence is golden!
20010322,unknown,Priyanka Chopra: Naughty chats!
20010322,unknown,Gone like froth and bubble
20010322,unknown,500 Scalps
20010322,unknown,Anchored vessel creates ripples in House
20010322,unknown,Konkan Rly special trains between April and July
20010322,unknown,Goa plans courts on economic offences
20010322,unknown,Companies grab govt land; Opposition protests
20010322,unknown,TMC resolution demands ouster of Chidambaram
20010322,unknown,DMK may face fresh trouble with seat sharing
20010322,unknown,Plunder of Nilgiris strikes roots of rare trees
20010322,unknown,House of Scandal
20010322,unknown,Middlemen Unlimited
20010322,unknown,The Learning Curve
20010322,unknown,Inside BJP
20010322,unknown,Chaitanya Mahaprabhu; Incarnation of Love
20010322,unknown,Love on My Head
20010322,unknown,How Selfish Are You?
20010322,unknown,By George; For George
20010322,unknown,Straight Answers
20010322,unknown,NDA govt or mid-term polls: BJP
20010322,unknown,IPS officers protecting extortionists: MIM
20010322,unknown,Oppn stall proceedings on adjournment motions
20010322,unknown,Books a picture of disarray in Osmaia Library
20010322,unknown,Archaic drainage system chokes city
20010322,unknown,Cong MLA puts Speaker in a spot
20010322,unknown,Ex-DGP to tell inside story of Rajkumar abduction
20010322,unknown,Five killed in copter crash near Bangalore
20010322,unknown,8 policemen injured in Mandya melee
20010323,unknown,India revive fortune; Test matches their glory
20010323,unknown,SJM attacks PMO; VHP defends PM
20010323,unknown,Market crash claims another victim
20010323,unknown,Professor of diplomacy
20010323,unknown,Playing 007? Shop at Bond's emporia
20010323,unknown,Women more prone to coronary disease
20010323,unknown,India Rocks for quake relief
20010323,unknown,Fardeen Khan: A thorough gentleman!
20010323,unknown,On screen romance can be a put-off: Ruchita
20010323,unknown,Rani Mukherjee: Birthday boos?
20010323,unknown,Salman Khan: Hello brother!
20010323,unknown,I love to be identified as a Bangalorean
20010323,unknown,Deep Purple is the colour of their passion
20010323,unknown,Soni Razdan: Production pre-occupation!
20010323,unknown,Traffic: Sprawling; daring canvas of drugs; deceit
20010323,unknown,Over 1 mn tourists expected during Songkran fest
20010323,unknown,Bangalore welcomes home its champion
20010323,unknown,Undutifully Yours
20010323,unknown,Hockey heroes return to quiet reception
20010323,unknown,Fact & Feeling
20010323,unknown,Funding for Life
20010323,unknown,Insult to Remember
20010323,unknown,Heed the Message
20010323,unknown,Silence: Key to Your Inner World
20010323,unknown,The Bingo Brigade
20010323,unknown,Pure Potentiality
20010323,unknown,Close to the Bone
20010323,unknown,Straight Answers
20010323,unknown,CSE bullish on sailing through payout doldrums
20010323,unknown,Sony Entertainment to bid aggressively for DD Metro
20010323,unknown,KPMG to assist IOC in Haldia acquisition
20010323,unknown,Rollercoaster: Sensex moves southwards
20010323,unknown,AirTel to offer new services for subscribers
20010323,unknown,Cell operators gearing up for GPRS
20010323,unknown,Slowdown zerosum game: Gain for some; loss for others
20010323,unknown,Greenpeace India seeks apology from HLL
20010323,unknown,CNBC rules the news waves
20010323,unknown,Biotech to urge FM for sops
20010323,unknown,More cool flavours from Kwality
20010323,unknown,I-T raiders step in where watchdog fears to tread
20010323,unknown,Shadow of Armsgate over BJP conclave
20010323,unknown,Historic Win
20010323,unknown,Akshay: Jamai raja!
20010323,unknown,Nana blasts Karisma!
20010323,unknown,Nagma: Meaningful giggles!
20010323,unknown,Twinkle: Stage show!
20010323,unknown,The Comeback Kids
20010323,unknown,Balkan Battles
20010323,unknown,Music Before Man
20010323,unknown,Banana Republic
20010323,unknown,The Ultimate Holy Book of Humanity
20010323,unknown,Oldgirl.thecla.com
20010323,unknown,Awareness of Corruption
20010323,unknown,No Bad Blood
20010323,unknown,Straight Answers
20010323,unknown,Why blame him; its only cricket!
20010323,unknown,Australian press lauds India's effort
20010323,unknown,Why blame him; its only cricket!
20010323,unknown,India gets ready to enter space club
20010323,unknown,Life and soul of TMC is in my forum: Chidambaram
20010323,unknown,Centre urged to bail out maize farmers
20010323,unknown,Vishnuvardhan; Sudharani win Filmfare awards
20010323,unknown,FIR against Vincent smacks of vendetta: Hegde
20010323,unknown,Special court to try Dandupalya crimes likely
20010323,unknown,Honking creates tension; 14 buses damaged
20010323,unknown,This 'armsgate' stumps police
20010323,unknown,SSLC papers 'leak'; Board mum
20010323,unknown,'Censor board can't act on interpolation of scenes'
20010323,unknown,Govt didn't fund AICC session: CM
20010323,unknown,Give some thought for food...
20010323,unknown,National theatre needs to be redined: Prasanna
20010323,unknown,Can gifts become bribes?
20010323,unknown,CM endorses faith in bureaucracy
20010323,unknown,Power theft to be cognizable offence
20010323,unknown,Centre; IAF clear HAL's long term plan
20010325,unknown,BJP talks tough; but agrees it needs to introspect
20010325,unknown,From dandy to Dandi; it was a long journey
20010325,unknown,Should George stay on as NDA convenor?
20010325,unknown,Those were the days
20010325,unknown,Out of depth
20010325,unknown,Cultural bash
20010325,unknown,If India can; why can't we?
20010325,unknown,This is the fourth time the biotech sector has peaked
20010325,unknown,Why everybody loves a frank biography
20010325,unknown,Do Indian writers tell it as it is?
20010325,unknown,Private lives go public
20010325,unknown,People always ask me about Edwina
20010325,unknown,Hey Ram!
20010325,unknown,Scandal-sheeters
20010325,unknown,A Western obsession?
20010325,unknown,No warts; at all
20010325,unknown,Out of depth
20010325,unknown,Cultural bash
20010325,unknown,If India can; why can't we?
20010325,unknown,Liberalisation created Tehelka
20010325,unknown,Empowering people through the free flight thinking of the Haridasas
20010325,unknown,The magical world of P C Sorcar
20010325,unknown,Firmly on ground
20010325,unknown,One two ka four
20010325,unknown,Same time; same place; next week
20010325,unknown,Midnight's child
20010325,unknown,What; me worry?
20010325,unknown,The happiness of a long-distance runner
20010325,unknown,Delhi's new power elite?
20010325,unknown,Cerebral success
20010325,unknown,An ode to Apu
20010325,unknown,The censors seem to have lost their scissors
20010325,unknown,Kutch on the rolls
20010325,unknown,Radio diva
20010325,unknown,Angst on screen
20010325,unknown,If India Can; Why Can't We?
20010326,unknown,NDA partners close ranks; to take on Congress
20010326,unknown,Tehelka jolts BJP's economic resolution
20010326,unknown,Advani Rath Yatra funded by Dawood: Adm Bhagwat
20010326,unknown,Aussies go down under; again
20010326,unknown,Have fun in Afghanistan? Enjoy the weather...
20010326,unknown,Should 'Barf' be shelved?
20010326,unknown,Ek Rishta slated to release in June
20010326,unknown,Govinda: Back with a vengeance and how!
20010326,unknown,Kabhi true kabhi false!
20010326,unknown,Tobacco convention to make public health a priority
20010326,unknown,Should 'Barf' be shelved?
20010326,unknown,Ek Rishta slated to release in June
20010326,unknown,Govinda: Back with a vengeance and how!
20010326,unknown,International child music festival hold 8th edition
20010326,unknown,Enemy Within
20010326,unknown,Question Time The appointment of George Verghese
20010326,unknown,Life's Elixir
20010326,unknown,Broccoli Brouhaha
20010326,unknown,Deals Within Deals
20010326,unknown,Management Gurus Don't Know This
20010326,unknown,Not by Bread Alone
20010326,unknown,Lasting Joy
20010326,unknown,No Child's Play
20010326,unknown,Straight Answers
20010326,unknown,MUL finance; used car deals under 'True Value' brand
20010326,unknown,Vehicle insurance policy gets away with loopholes
20010326,unknown,Inter-ministerial tussle holds up oil cos' ATF dues
20010326,unknown,Panacea Biotech to tie up with foreign firm for genome research
20010326,unknown,Power majors vie for DVB's distribution assets
20010326,unknown,Gasfuse kicks off Indian operations
20010326,unknown,Hospitality sector facing manpower crunch: Study
20010326,unknown,Kwality plans more cool flavours
20010326,unknown,UTI launches Unit scheme for women
20010326,unknown,JK Tyres plans to outsource growth
20010326,unknown,Cellphone firms aim at the gaming market
20010326,unknown,Japan's megabank may herald another crisis
20010326,unknown,Order on helmets kept under abeyance
20010326,unknown,Programmes on energy conservation mooted
20010326,unknown,Rescuing; rearing dogs is their pet job
20010326,unknown,More aggro marks the 'I Want' generation
20010326,unknown,Pagers help to fix faulty phones in quick time
20010326,unknown,How to help an accident victim
20010326,unknown,Mysore hotel owners vow not to employ children
20010326,unknown,Policy to check wrong doings in agro sector on cards
20010326,unknown,She strains to leave; but hospital restrains
20010326,unknown,Apathy delivers deadly blow to this policeman
20010326,unknown,Pak air force to test missiles; rockets today
20010326,unknown,Police officers summoned for harrasing backward class person
20010326,unknown,Special adalat released habitual offender:Officials
20010326,unknown,Suspect in murder bid held
20010327,unknown,Midnight meet leads to new alliance in West Bengal
20010327,unknown,Four CRPF men killed in Lashkar attack
20010327,unknown,Sharjah still a mirage for Indian cricketers
20010327,unknown,Constitution panel report smacks of plagiarism
20010327,unknown,Pernicious Gambit
20010327,unknown,Box-Office Castaways
20010327,unknown,Twiddledee; Twiddledum
20010327,unknown,Satanic and Worse
20010327,unknown,In Top Gear
20010327,unknown,Jihad is War Against One's Inner Demons
20010327,unknown,Cards of Memory
20010327,unknown,Close Your Eyes
20010327,unknown,Grid for Power
20010327,unknown,Straight Answers
20010327,unknown,Goa to allow more private schools
20010327,unknown,Faleiro criticises BJP govt's functioning
20010327,unknown,Malaria cases on the rise
20010327,unknown,Counting of votes for Panaji council today
20010327,unknown,Gudi Padwa celebrated
20010327,unknown,Poll panel to enforce Cable Act strictly
20010327,unknown,Medha hits out at corrupt politicians
20010327,unknown,Akshay Kumar-Twinkle: Siamese twins?
20010327,unknown,Mithun goes global!
20010327,unknown,Shekar Suman meets Laloo!
20010327,unknown,Sleazy films storm Bollywood!
20010327,unknown,Stars show off old-fashioned fashions
20010327,unknown,Akshay Kumar-Twinkle: Siamese twins?
20010327,unknown,Shekar Suman meets Laloo!
20010327,unknown,No immediate review of rail fare: Nitish
20010327,unknown,LS informed about warrants against Sharad
20010327,unknown,Mystery shrouds Gaya shootout; DSP's injury
20010327,unknown,Mahavir Prasad holds talks with Cong leaders
20010327,unknown,Din over police raid on Samata activist's house
20010327,unknown,Don't travel without tickets; says Nitish
20010327,unknown,Now DVC threatens to cut power supply to Jharkhand
20010327,unknown,Mining engrs' convention held in Ranchi
20010328,unknown,Bishop's prayer for train goes unanswered
20010328,unknown,India; Austrlia set for a do-or-die match in Pune
20010328,unknown,Bookies see booming business
20010328,unknown,100 million in grip of drought; worse yet to come
20010328,unknown,Politics mars National Film Awards
20010328,unknown,Leak of Chokila's letter upsets govt
20010328,unknown,Parivar now sees the enemy in Subhash Chandra
20010328,unknown,Green Signal
20010328,unknown,Riot after Riot
20010328,unknown,Age of Controversy
20010328,unknown,Keep the Faith
20010328,unknown,Vidura's Wisdom Had No Serious Takers
20010328,unknown,On Tiger Trail
20010328,unknown,That's God
20010328,unknown,Between Dishnet & Deep Sea
20010328,unknown,Straight Answers
20010328,unknown,PMK distances itself from LTTE
20010328,unknown,Best film and more for Malayalam at National Awards
20010328,unknown,He's a rare blend of respect and toughness
20010328,unknown,Dacoities will end; says CM; Cong walks out
20010328,unknown,Cong; BJP share spoils in municipal polls
20010328,unknown,French trio charm Goan audience
20010328,unknown,A campaign in aid of TB patients
20010328,unknown,CNR Rao thrilled over award
20010328,unknown,Now there's a chatterbox that sings too
20010328,unknown,Schools make a fast buck; but none complaining
20010328,unknown,Lights; action and give him a camera
20010328,unknown,BCC cooked the books; says report
20010328,unknown,This fighter finally met his match
20010328,unknown,Beer provision stores will keep women away
20010328,unknown,Karnataka has 5.2 crore people
20010328,unknown,Parikramashow their mettle
20010328,unknown,Bribes are a big barrier for investors
20010328,unknown,Harvesting rainwater is crucial
20010328,unknown,Water worries and dug up roads
20010328,unknown,New school timings upset parents
20010328,unknown,This community centre is a death trap
20010328,unknown,Tehelka on TV leaves them shocked and angry
20010328,unknown,IT savvy state to get computerised ration card
20010328,unknown,Mixed reaction to hike on gutka tax
20010328,unknown,Revival of subject panels futile: Oppn
20010328,unknown,Tax commission unhappy with VAT status
20010328,unknown,40 heart valve change surgeries done
20010328,unknown,Diabetes may add to your heart trouble
20010328,entertainment.english.hollywood,Cast Away
20010329,unknown,GSLV engine trouble sours India's space plans
20010329,unknown,Lashkar chief gunned down in encounter
20010329,unknown,BJP dumps Mamata; to go it alone in Bengal
20010329,unknown,CBI cracks down on Sonia's aide; seizes accounts
20010329,unknown,No hope for the AIDS outcast
20010329,unknown,Electoral Reform
20010329,unknown,Anil Kapoor: They've heard his Pukar!
20010329,unknown,Sonali: Getting older and wiser!
20010329,unknown,Govinda: No pens please! i'm superstitious!
20010329,unknown,Jury's Out
20010329,unknown,Bullet Democracy
20010329,unknown,Pati; Patni aur Woh
20010329,unknown,Bourses Off Course
20010329,unknown,Vipassana: Journey Into the True Self
20010329,unknown,Boon of a Town
20010329,unknown,Drawing the Line
20010329,unknown,Guru Cool
20010329,unknown,Straight Answers
20010329,unknown,Race politics hots up in UK
20010329,unknown,Race politics hots up in UK
20010329,unknown,All is not hunky-dory with MDMK; says Karunanidhi
20010329,unknown,JD(S) to keep Cong; BJP at bay: Deve Gowda
20010329,unknown,Veerappan legend drowns Bannari temple's colourful past
20010329,unknown,Priest enters poll fray
20010329,unknown,Luxury train planned on Konkan route
20010329,unknown,Mundkar evacuees issue embroiled in legal tangle
20010329,unknown,Panel opposes Ground Water Bill
20010329,unknown,Govt can now terminate assignments of housing board chiefs
20010329,unknown,Casino vessel seized
20010329,unknown,Role of language in preserving culture stressed
20010329,unknown,Govt not aware of licence issue
20010329,unknown,Grade A status for rice to continue in Rabi: CM
20010329,unknown,TDP MLA urges Govt to work for eunuchs welfare
20010329,unknown,3 adjournment motions disallowed
20010329,unknown,Sessions judge to probe lock-up death
20010329,unknown,7;500 offences in city still not solved
20010329,unknown,MSEB team dispels darkness in Bhachau
20010329,unknown,The sound of Alabina
20010329,unknown,Twinkle toes
20010329,unknown,Power brothers
20010329,unknown,Alliance with Trinamul off; declares BJP
20010329,unknown,BJP defends film awards
20010329,unknown,Bangaru a Tehelka scapegoat: Mayawati
20010329,unknown,Venkaiah senses conspiracy to oust NDA govt
20010329,unknown,Bank accounts of Vincent George; kin frozen
20010330,unknown,CM vows Rs 5 cr for ground water project report
20010330,unknown,Code of ethics for BJP rank-and-file
20010330,unknown,Sonia; Mamata may shake hands soon
20010330,unknown,Ghosh says no to award; Sushma denies charges
20010330,unknown,Govt still myopic on drought control
20010330,unknown,Any Answers?
20010330,unknown,Regulation Scam
20010330,unknown,Space Selling
20010330,unknown,Bachelors & Spinsters
20010330,unknown,Counter Wailing Duty
20010330,unknown,Religion is Path to Realisation of God
20010330,unknown,Can and Cannot
20010330,unknown,For Whom?
20010330,unknown,Old PCs Made New
20010330,unknown,Straight Answers
20010330,unknown,Raveena Tandon: 'Sorry' says Pradeep Kishan!
20010330,unknown,Why Indian films flop at the Oscars: Benegal
20010330,unknown,Karan Nath: Wishing star
20010330,unknown,Rajat Mukherjee: What are you talking about?
20010330,unknown,Armaan Kohli: Re-naming ceremony!
20010330,unknown,Body; mind and soul in God's own country
20010330,unknown,A holiday that heals
20010330,unknown,Govt under attack for low arecanut prices
20010330,unknown,Chairs; tables go missing from Assembly
20010330,unknown,Minister agrees to survey on tanks
20010330,unknown,Two hotel employees get lifer for murder
20010330,unknown,Case against man who beat 'thief' to death
20010330,unknown,Oath is hard to toss
20010330,unknown,Vajda ends Marach's dream run
20010330,unknown,Can Chidambaram win the battle against Jaya?
20010330,unknown,Tiger skins seized at Tirupur rail station
20010330,unknown,State has 6.21 crore people now
20010330,unknown,Reforms will go on despite Tehelka: Mahajan
20010330,unknown,Row over zonal academies
20010330,unknown,Ranji semi-finals postponed
20010330,unknown,JNST to send U-25 cricket team to UAE
20010330,unknown,Indian football's glory days
20010330,unknown,Baichung confident of good showing
20010330,unknown,India play England in World Cup Polo opener
20010330,unknown,4-day rally training session in Panaji
20010330,unknown,Row over zonal academies
20010330,unknown,India play England in World Cup Polo opener
20010330,unknown,Madhavpura Bank chief yet to be booked
20010330,unknown,...RBI warnings were ignored
20010330,unknown,Shyam Aces gets LoI for satellite telephony
20010330,unknown,Cigarettes makers wary of Chinese brands
20010401,unknown,Indians attacked by 'monkey man'
20010404,unknown,New US visa promises family reunions
20010404,unknown,Apex court in unreal world; says Dikshit
20010404,unknown,Clinton arrives in Delhi on Yatra-II
20010404,unknown,Naidu cold-shouldered by NDA on home turf
20010404,unknown,Aussies bounce back to level series
20010404,unknown,Kerala pendulum swings UDF's way
20010404,unknown,Laagan countdown!
20010404,unknown,'Love you Hamesha' runs into rough weather!
20010404,unknown,Hey; I'm not Sheikh Chilli!
20010404,unknown,Caught in a purple haze
20010404,unknown,Mohan Lal to shoot for company!
20010404,unknown,State as Rioter
20010404,unknown,Buyer Beware
20010404,unknown,Red Alert for Bengal
20010404,unknown,Hitting the Wicket
20010404,unknown,Rev up Rural India
20010404,unknown,Mahavira's Message Of Ahimsa & Anekant
20010404,unknown,The Middle Path
20010404,unknown,Jain Scriptures
20010404,unknown,Straight Answers
20010404,unknown,Foot-and-mouth courtesy Sophie
20010404,unknown,V Visa power: Go get it
20010404,unknown,US to streamline family-based visa rules
20010404,unknown,HC to dental course students' rescue
20010404,unknown,Stage set for meet on tribal problems
20010404,unknown,Two women held in baby girls' sale
20010404,unknown,Leaders react cautiously on code of ethics
20010404,unknown,Hey; I'm not Sheikh Chilli!
20010404,unknown,An audio kit will act as your tourist guide now
20010404,unknown,Cops shoot off missive to govt on reservation
20010404,unknown,Ragging victim to approach Human Rights panel
20010404,unknown,Nothing above corruption
20010404,unknown,With mirth; from Planet Earth
20010404,unknown,This cruel congenital disorder hits the poor
20010404,unknown,Caught in a purple haze
20010404,unknown,Superintending engineer's house raided
20010404,unknown,Buyer Beware
20010405,unknown,GTB; UTI Bank end mega-merger dreams
20010405,unknown,MIT takes learning online for free
20010405,unknown,Big Bill has beleaguered Kutchis in rhapsody
20010405,unknown,Jaya poised to unseat DMK govt: Poll
20010405,unknown,Cola wars meant to keep demand fizzy
20010405,unknown,Priyanka Chopra: World No 1 with Hero No 1!
20010405,unknown,Ramgopal Varma: Training institution?
20010405,unknown,Business administrator dons the acting mantel
20010405,unknown,Salman Khan: Brawn to brain!
20010405,unknown,Priyanka Chopra: World No 1 with Hero No 1!
20010405,unknown,Ramgopal Varma: Training institution?
20010405,unknown,Salman Khan: Brawn to brain!
20010405,unknown,Subhash Ghai: Nothing but the best!
20010405,unknown,Business administrator dons the acting mantel
20010405,unknown,Is ban on smoking going up in smoke?
20010405,unknown,Govt launches drive against child labour
20010405,unknown,Anti-helmet group wants Vehicle Act amended
20010405,unknown,Parrikar has an 'expensive' cabinet
20010405,unknown,Sino-American crisis deepens
20010405,unknown,Amma vs Appa
20010405,unknown,Cool on Kyoto
20010405,unknown,Under the Weather
20010405,unknown,India's Lost Symbol
20010405,unknown,Muharram in India: Indigenous in Spirit
20010405,unknown,Base Hit
20010405,unknown,Muharram
20010405,unknown,Jyoti's Third Attempt
20010405,unknown,Straight Answers
20010405,unknown,Fresh attack by MPs on convalescing Vaz
20010405,unknown,It's no party for women politicians
20010405,unknown,Cong turns red over Left friend
20010405,unknown,MIT courses go online - for free
20010405,unknown,Dhumal emerges stronger from the crisis
20010405,unknown,HC sets aside CAT decision on promotee IAS officers
20010405,unknown,Badal to monitor procurement; says Thandal
20010405,unknown,2 model schools in each education block; says CM
20010405,unknown,2 varsity bodies support VC
20010405,unknown,Dhumal for all-party delegation to PM
20010405,unknown,Winery comes under fire from Jain community
20010405,unknown,Rly official thanks superiors for wife's death
20010405,unknown,3 killed in road accident
20010405,unknown,Homoeopaths to be awarded honorary degrees
20010405,unknown,Jalandhar suffers mayor's distraction
20010405,entertainment.english.hollywood,Miss Congeniality
20010406,unknown,Can India break the Goa jinx on Friday?
20010406,unknown,The master blaster as a spin-doctor
20010406,unknown,Let's talk; Centre tells Hurriyat
20010406,unknown,Jaswant's Washington visit amid US-China spat
20010406,unknown,BJP's Armsgate defence runs out of steam
20010406,unknown,NGOs leave Bill blank; AIF keeps chest shut
20010406,unknown,Study of fly's ear could lead to better hearing aid
20010406,unknown,I want to act all my life: Sai Kumar
20010406,unknown,Naseeruddin Shah: 'Family' drama!
20010406,unknown,Sophiya Haque: No two left feet!
20010406,unknown,Kader Khan: Iklota naam!
20010406,unknown,He is the hit man
20010406,unknown,Milk Money
20010406,unknown,Baljit Saini leads PSB to semis
20010406,unknown,Princeton is surprise winner
20010406,unknown,Ruptured Romance
20010406,unknown,All Talk in Amman
20010406,unknown,Everest Cleaners
20010406,unknown,Confusion over CNG
20010406,unknown,Remembering Mahavira; Apostle of Ahimsa
20010406,unknown,Spit for Spat
20010406,unknown,Today is Mahavir Jayanti
20010406,unknown,From One Kamal to Another
20010406,unknown,Straight answers
20010406,unknown,Playing satta on the cyber pitch
20010406,unknown,The master blaster as a spin-doctor
20010406,unknown,Will India break the Goa jinx on Friday?
20010406,unknown,Mongia's ton gives Vadodara command
20010406,unknown,It's do or die for Air India
20010406,unknown,Our defenders are a capable lot: Krishnaji
20010406,unknown,Liverpool fans held by police after attack
20010406,unknown,Sethi; Patel get direct entry in World Billiards
20010406,unknown,Jyoti in lead; but Arjun is hot in pursuit
20010406,unknown,It's do or die for Air India
20010406,unknown,Playing satta on the cyber pitch
20010406,unknown,CM to have tete-a-tete with Clinton
20010406,unknown,Bestow Bharat Ratna to Jagjivan Ram: CM
20010406,unknown,Sonia praises Janardhan Reddy for protest
20010406,unknown,CLP seeks all-party meet to discuss weavers' plight
20010407,unknown,Bush sends strong signal on Indo-US ties
20010407,unknown,Aussies win cliffhanger to clinch one-day series
20010407,unknown,Master blaster now sultan of spin
20010407,unknown,Passport muddle is still a hurdle
20010407,unknown,Pak Supreme Court overturns Benazir's conviction
20010407,unknown,Indira biography finds few takers in Congress
20010407,unknown,People warned against new haemorrhagic fever strain
20010407,unknown,Albela: Musically yours!
20010407,unknown,Abhishek Bachchan: Jimi-ing and jamming!
20010407,unknown,Namrata Shirodkar: Whew! A release at last!
20010407,unknown,'Om Jai Jagdish': Of sea breeze and 'horizon's!
20010407,unknown,Mercy Ravi in; Padmaja left out
20010407,unknown,Cong factions fight for Palaghat
20010407,unknown,UDF will make Kerala No 1 IT destination
20010407,unknown,Antony fears booth-capturing; writes to EC
20010407,unknown,Left feels dejected over Cong's 'non-cooperation'
20010407,unknown,Probe demanded into APCOB deposits in GTB
20010407,unknown,Bribe police syndicate to own an arms licence
20010407,unknown,APCO dues to be disbursed among weavers
20010407,unknown,Govt to act tough with millers on procurement
20010407,unknown,Human rights magazine to be launched
20010407,unknown,Rowdies try to hide behind parents; children
20010407,unknown,The flip side of ayurvedic products
20010407,unknown,Dhoti-kurta to be made a must for temple EOs
20010407,unknown,Sensex sheds early gains
20010407,unknown,Insurance exam has seniors in a tizzy
20010407,unknown,Pharma's search for the Holy Grail of R&D
20010407,unknown,South takes away more than half of FDI pie
20010407,unknown,Govt frees Spic Petro to search for new partner
20010407,unknown,RBI moots end of dual grip over co-op banks
20010407,unknown,Firms need to make safeguard steps as Bio Forum charts verify norms
20010407,unknown,Infosys likely to meet the target
20010407,unknown,New Zealand logs in for Indian cyber law
20010407,unknown,C-DAC flashes slew of strategies for the New Age
20010407,unknown,Seminar on Indo-French partnership on infotech
20010407,unknown,Goa amends rules; relaxes helmet rule
20010407,unknown,Konkan Rly to run eight more summer specials
20010407,unknown,Four-star status for Goa University
20010407,unknown,Health is not wealth in PCB
20010408,unknown,Karunakaran rocks Cong boat in Kerala; quits CWC
20010408,unknown,Madhavpura may only be the tip of an iceberg
20010408,unknown,When Bush led Jaswant into the Rose Garden
20010408,unknown,Karnataka Cong chief goes the Bangaru way
20010408,unknown,Indian chemical Afghan druglords can't do without
20010408,unknown,Aamir unlimited
20010408,unknown,Aamir unlimited
20010408,unknown,Aftaab signs films by dozen!
20010408,unknown,Puru Raj Kumar roads to nowhere!
20010408,unknown,Tarun Tejpal: The shock jock
20010408,unknown,'There's genius in all of us'
20010408,unknown,It's always possible
20010408,unknown,SRK-Live & non-stop
20010408,unknown,Raga and the rope trick
20010408,unknown,I will be back soon
20010408,unknown,Just Jammin'
20010408,unknown,King George
20010408,unknown,Brewed to a perfect tea
20010408,unknown,The earth mother
20010408,unknown,Rebellion in his DNA
20010408,unknown,Steeped in divinity: Shelly Brown
20010408,unknown,Celluloid baddie; real life hero
20010408,unknown,The dashing dadima
20010408,unknown,India begin Cup campaign against UAE
20010408,unknown,Handicaps for Delhi races
20010408,unknown,Arun; Moli win health run
20010408,unknown,Railways are sitting pretty
20010408,unknown,Kumble nails a canard
20010408,unknown,Vadodara virtually seal final berth
20010408,unknown,India begin Cup campaign against UAE
20010408,unknown,Snubbed Karunakaran sparks off 'war' in Congress
20010408,unknown,The devil in Delhiites
20010408,unknown,Agency plans CNG safety check
20010408,unknown,Crackdown on hitech satta operators
20010408,unknown,First ever health parade
20010408,unknown,Mental hospital lacks basic amenities
20010408,unknown,Haryana cops swamp Capital
20010408,unknown,Phone services disrupted
20010408,unknown,Don't use coercive means for recovery: MRTP
20010408,unknown,Revisiting Inequality
20010409,entertainment.hindi.bollywood,One Two Ka Four
20010409,unknown,India stun UAE in World Cup soccer qualifier
20010409,unknown,Greed breeds corruption; says Vajpayee
20010409,unknown,Glitzy Filmfare awards nite in Hyderabad
20010409,unknown,Sanjay Dutt: 'Hard-hitting' success!
20010409,unknown,Nadeem-Shravan: Back in form!
20010409,unknown,Sushmita Sen: Husain's new muse!
20010409,unknown,Vidhu Vinod Chopra: Next mission please!
20010409,unknown,Sanjay Dutt: 'Hard-hitting' success!
20010409,unknown,Nadeem-Shravan: Back in form!
20010409,unknown,Hectic lobbying on for Koujalgi's successor
20010409,unknown,CD-ROM-based education for Montessori kids
20010409,unknown,Body builder muscles his way through
20010409,unknown,In April; a shower of classical concerts
20010409,unknown,Shame is not only the title of Rushdie's second novel
20010409,unknown,Kadam filed complaints against Koujalgi in '99
20010409,unknown,Rival factions hold parallel rallies
20010409,unknown,'Prison man' is free now
20010409,unknown,II PUC exams begin Monday
20010409,unknown,Corporates all pumped up about blood donation
20010409,unknown,Classrooms shrink; thanks to the Net
20010409,unknown,High-tension tiff between KERC; KPTC
20010409,unknown,Online job sites jammed with applications
20010409,unknown,'We add colour to the city's skyline'
20010409,unknown,Australian education fair in city
20010409,unknown,Karwar port to get two more berths
20010409,unknown,State schools lack basic amenities: Raja Ramanna
20010409,unknown,A new look for an ancient lake
20010409,unknown,India can't be a dumping ground: Jakhar
20010409,unknown,Make driving licence tests stringent
20010409,unknown,Women artists to have show in Mysore
20010409,unknown,Non-viable schools to go: Vishwanath
20010409,unknown,'Medicine' kills two girls
20010409,unknown,Dotcoms surf choppy waves; look for rudder
20010409,unknown,MRO-TEK to market Lacom Systems' products
20010409,unknown,NeoIT CTO honoured as Premier 100 IT Leader
20010409,unknown,Sun shines on timeshare industry
20010409,unknown,Sardinha appointed GAAA president
20010409,unknown,Fisherfolk unhappy with change in market system
20010409,unknown,Seven held for killing cattle
20010409,unknown,IHF; BPCL register second victories
20010409,unknown,Inspired India stun UAE
20010409,unknown,Harbhajan's perseverance paid off; say peers
20010409,entertainment.hindi.bollywood,Chhupa Rustam
20010410,unknown,AGP strikes a deal with BJP; joins NDA
20010410,unknown,NDA makes Sonia the target to escape Tehelka storm
20010410,unknown,Govt seeks SC guideline on disinvestment cases
20010410,unknown,US-China spat brings India into sharper focus
20010410,unknown,Clinton may pay another visit in December
20010410,unknown,Emulate China
20010410,unknown,Jaswant and Friends
20010410,unknown,Crumbs for Congress
20010410,unknown,Craving for Cornucopia
20010410,unknown,Hardsell Software
20010410,unknown,Spirituality; the Soul of Our Music
20010410,unknown,The Amish People
20010410,unknown,Guiding Light
20010410,unknown,Violence Behind Bars
20010410,unknown,Straight Answers
20010410,unknown,State to order probe into ticket row
20010410,unknown,Two officials surrender
20010410,unknown,Fingers point at GCA chief for 'cricketgate'
20010410,unknown,Nutcracker: Imports affect farmers
20010410,unknown,Prawn hatchery to be privatised
20010410,unknown,Reshuffle in bureaucracy
20010410,unknown,Water from wells used to fill pools: Wilfred
20010410,unknown,Goa professor in language council
20010410,unknown,Drive to check water-borne diseases
20010410,unknown,The long and short of the growing problem
20010410,unknown,Sonia's snub made Karunakaran furious
20010410,unknown,UDF partners worry over Karunakaran impasse
20010410,unknown,Nandita Das: Connecting to commercial cinema?
20010410,unknown,Govt may take a 'swipe' at erring staff
20010410,unknown,Bear with beer; it is a bevvy; guzzlers say
20010410,unknown,Karim demands judicial probe into Rajkumar's release
20010410,unknown,Small is beautiful in the art market
20010410,unknown,Koujalgi won't be arrested now
20010410,unknown,Inamdar villain in Koujalgi episode
20010410,unknown,The long and short of the growing problem
20010410,unknown,Kodavas to meet in B'lore to press for demands
20010410,unknown,Not a drop to spare
20010410,unknown,Tapping the options
20010410,unknown,Disease in the pipeline
20010410,unknown,A daily battle for a trickle
20010410,unknown,Ex-BCC chief's men return to KPCL
20010410,unknown,Stumble on a tricky word? Just call 177
20010410,unknown,Are you paying for tap water in a bottle?
20010410,unknown,Fight for your rights; exhorts Dinakar
20010411,unknown,6 Dec '92 most depressing day of my life: Advani
20010411,unknown,BCCI told to pay taxes like everyone else
20010411,unknown,Amsterdam out in open: Dutch make euthanasia legal
20010411,unknown,Sensex under bear attack; drops to 23-month low
20010411,unknown,Juhi Chawla: Another Jhanvi for the industry!
20010411,unknown,Pooja Batra: Jitterbug; litterbug!
20010411,unknown,Staying Power
20010411,unknown,Straight Answers
20010411,unknown,Juhi Chawla: Another Jhanvi for the industry!
20010411,unknown,Pooja Batra: Jitterbug; litterbug!
20010411,unknown,Rahul Roy: Does he really need to feel insecure?
20010411,unknown,Shamita Shetty: Haanji; jiji; okji!
20010411,unknown,Licence to Converge
20010411,unknown,Rally of Despair
20010411,unknown,Steal-proof Cars
20010411,unknown,Rework the Roadmap
20010411,unknown,Baisakhi : A Day For Self-renewal
20010411,unknown,Round and About
20010411,unknown,In the Beginning
20010411,unknown,Stress can be your plus point too
20010411,unknown,Contractor says he printed 20;000 fake tickets
20010411,unknown,Corporate governance comes under microscope
20010411,unknown,Rs 500 for hoardings in state
20010411,unknown,Probe sought into proposal on treating bio-medical waste
20010411,unknown,35 candidates withdraw nominations
20010411,unknown,Probe into land deal begins
20010411,unknown,Satyam Q4 net up 164%
20010411,unknown,India; Australia moot state-to-state IT tieups
20010411,unknown,Telecom tangle acquires a 'false' ring to it
20010411,unknown,Wipro moves into expansion mode
20010411,unknown,BPL; Videocon emerge as dark horses in VSNL buyout race
20010411,unknown,Microsoft launches program for developers
20010411,unknown,Broadband dream runs out of steam
20010411,unknown,Reliance Info has lofty plans
20010411,unknown,Get all deeds; legal documents online now
20010411,unknown,British forces to begin copter crash investigation
20010411,unknown,India; Iran get closer
20010411,entertainment.english.hollywood,All The Pretty Horses
20010412,unknown,Bomb defused in North Block
20010412,unknown,Sensex nosedives as Infy hints at tech slowdown
20010412,unknown,Temple exists at Ayodhya by law: Advani
20010412,unknown,Admiral Sushil Kumar may be first CDS
20010412,unknown,Development is alien to Malampuzha
20010412,unknown,The candidates are polls apart
20010412,unknown,'Change your skin' with new medical method
20010412,unknown,Sridevi: Makes a comeback!
20010412,unknown,Indigo to drive away daily blues
20010412,unknown,Ranbir: Rishi and Neetu's son to make his debut!
20010412,unknown,Rajinikant: Keep the masses on roll!
20010412,unknown,Song and an image
20010412,unknown,Sridevi: Makes a comeback!
20010412,unknown,Rajinikant: Keep the masses on roll!
20010412,unknown,Subhash Ghai: Going great guns!
20010412,unknown,American Desi
20010412,unknown,To Mars; With Hope
20010412,unknown,Poets and Prophets
20010412,unknown,Speaking in Tongues
20010412,unknown,Billing & Cooing
20010412,unknown,Total Surrender
20010412,unknown,Cities of Joy
20010412,unknown,Straight Answers
20010412,unknown,BJP announces nominees for 260 seats
20010412,unknown,Ghani starts campaigning in Malda
20010412,unknown,Yet another shootout; murder; rocks city
20010412,unknown,Petitions Committee pleads relaxation on banking appointments
20010412,unknown,CPI (ML); SUCI to contest 108 seats
20010412,unknown,Dacoits strike again in city
20010412,unknown,Cong Bachao Front to oppose Trinamul
20010412,unknown,Darjeeling bandh paralyses normal life
20010412,unknown,Academy likely to begin work from April-end
20010413,unknown,India offers Iran $200m line of credit
20010413,unknown,This MoU could have waited
20010413,unknown,China not a factor in Indo-US ties: Jaswant
20010413,unknown,Money aplenty but no planning in textile town
20010413,unknown,Will Tirupur look for tailor-made coalition?
20010413,unknown,Court of Hope
20010413,unknown,IT Jitters
20010413,unknown,The Good Wife
20010413,unknown,New-look Secularism
20010413,unknown,The Cross Symbolises Life & Redemption
20010413,unknown,French Connection
20010413,unknown,Baisakhi
20010413,unknown,Singhing Bush's Praise
20010413,unknown,Ticket scam: Police confirm GCA officials' involvement
20010413,unknown,Five remanded to judicial custody
20010413,unknown,Quality education need of the hour: Minister
20010413,unknown,Children's park in Vasco gets facelift
20010413,unknown,Govt must resign for harassing women entrepreneurs
20010413,unknown,Margao council drops proposal to reconstruct market
20010413,unknown,TN govt chases Jaya case to Delhi
20010413,unknown,Ramadoss's son may be pitted against Karunanidhi
20010413,unknown,Will 'Textile' Tirupur look for tailor-made coalition?
20010413,unknown,Tirupur: money aplenty; no planning
20010413,unknown,Jaya judgment puts ball in EC's court
20010413,unknown,SC rejects Jaya plea on EVMs
20010413,unknown,Atheist DMK turns to the Lord
20010413,unknown,Cong feud spells paucity of poll fund
20010414,unknown,Arrested Pak diplomat linked to IC 814 hijacking
20010414,unknown,Ties with Iran not at Pak's expense: PM
20010414,unknown,Karunakaran adamant; but emissaries see hope
20010414,unknown,Now squalls send shivers through Kutch
20010414,unknown,N Block bomb failed police test: Didn't explode
20010414,unknown,BJP to AIADMK allies: Tell people who is your leader
20010414,unknown,Heavy rains bring respite from heat
20010414,unknown,Pipe of Peace
20010414,unknown,India's E-vangelist
20010414,unknown,Food for Thought
20010414,unknown,The Stray Pixels
20010414,unknown,In Nepal; Every God has His Day
20010414,unknown,Unholy Musings
20010414,unknown,Tamil New Year & Vishu
20010414,unknown,Oslo Overture
20010414,unknown,Straight Answers
20010414,unknown,Karunakaran defiant; ball in Sonia's court
20010414,unknown,Leader in limelight loses cool
20010414,unknown,An ayurveda hospital for the poor
20010414,unknown,These girls talk suspension; not boybands
20010414,unknown,Lands lost; relief being stolen
20010414,unknown,Biotech mela unfolds in Bangalore today
20010414,unknown,A quick change for Palace Grounds
20010414,unknown,BJP shadow cabinet not immune from power struggle either
20010414,unknown,CM's night power scheme trips
20010414,unknown,Koujalgi files move at a snail's pace
20010414,unknown,Law students not ready to be swept by cyber waves
20010414,unknown,The Stray Pixels
20010415,unknown,Govt on defensive as Cong boycotts all-party meet
20010415,unknown,Lashkar strike at heart of Srinagar; 6 killed
20010415,unknown,Maoist extremists kill 14 in Jharkhand
20010415,unknown,Wanna fund Congress? Dine with Sonia
20010415,unknown,Scientists must learn Sanskrit; says Joshi
20010415,unknown,After virtual reality; it's time to get real
20010415,unknown,Will 'Lagaan' bring real India back in focus?
20010415,unknown,Oslo Overture
20010415,unknown,Straight Answers
20010415,unknown,Pipe of Peace
20010415,unknown,India's E-vangelist
20010415,unknown,Food for Thought
20010415,unknown,The Stray Pixels
20010415,unknown,In Nepal; Every God has His Day
20010415,unknown,Unholy Musings
20010415,unknown,Tamil New Year & Vishu
20010415,unknown,Spy vs spy
20010415,unknown,This govt wants its whole arm in the pie
20010415,unknown,Woman of conviction
20010415,unknown,Fishing in troubled waters
20010415,unknown,The inner landscapes
20010415,unknown,Happiness is a warm violin
20010415,unknown,True feminism does not mean raising slogans
20010415,unknown,I had to fight for a place for southern artists
20010415,unknown,The mind-body
20010415,unknown,The lady
20010415,unknown,'I'm not doing anything for others'
20010415,unknown,Portuguese songs take Goans down melody lane
20010415,unknown,Two BCCI officials told to appear in court today
20010415,unknown,Fish vendors in a spot over shifting
20010415,unknown,CM greets people on Easter
20010415,unknown,Workshop on tobacco control from April 19
20010415,unknown,After virtual reality; it's time to get real
20010415,unknown,Everyone is insecure
20010415,unknown,Easy dot come; easy dot gone
20010415,unknown,From dollar dreams to Indian rupees
20010415,unknown,So long Uncle Sam; Hello Japan
20010415,unknown,A new definition for B2B gains currency
20010415,unknown,Aftab Shivdasani: 'Pyaasa'?!
20010415,unknown,HBO to get into non-movie programmes
20010415,only-in-america,Tax Americana: April is the cruellest month
20010416,unknown,PM dares Cong to bring no-trust motion
20010416,unknown,Sangh Parivar reminds govt of ultimatum for temple
20010416,unknown,Move over; infotech. Welcome; biotech
20010416,unknown,Untenable Move
20010416,unknown,Green Laws
20010416,unknown,High Noon Over Hainan
20010416,unknown,Sweet Centenary
20010416,unknown,Corruption Matters
20010416,unknown,Love God by Seeing Him in Other Beings
20010416,unknown,Graceland Geek
20010416,unknown,Art of God
20010416,unknown,Net Nirvana
20010416,unknown,Straight Answers
20010416,unknown,Quacks invade Goan market
20010416,unknown,Goans usher in Easter with splendour
20010416,unknown,Cong behaviour unfortunate: Venkaiah
20010416,unknown,Will hitech gadgetry really matter to the hoi polloi?
20010416,unknown,Adnan Sami: Fastest fingers first
20010416,unknown,Yukta Mookhey: All the best!
20010416,unknown,David Dhawan: All set for a change?
20010416,unknown,Mahima Chaudhary: Once successful; twice shy!
20010416,unknown,Cyrus Broacha: Filmi bakra?
20010416,unknown,Naxal ambush: Palamu policeman suspended
20010416,unknown,Nepalese extremists being trained in Bihar
20010416,unknown,Congress politics flayed at BJP 'vikas rally'
20010416,unknown,Bureaucracy failed. Will panchayats deliver the goods?
20010416,unknown,Four held in Hazaribagh massacre case
20010416,unknown,Trains running without escort parties
20010416,unknown,Jamalpur Bengalis a frightened lot
20010416,unknown,... our future is bleak
20010416,unknown,Rupture in pipeline will be repaired in 15 days: IOC chief
20010416,unknown,Karunakaran gets his way; but Cong loses
20010416,unknown,Who's afraid of Karunakaran?
20010416,unknown,Computer stress can make your system crash
20010416,unknown,Adnan Sami: Fastest fingers first
20010416,unknown,Corruption Matters
20010417,unknown,Cancer and the science of alternative therapies
20010417,unknown,Cong sharpens Armsgate arsenal for Parliament
20010417,unknown,BALCO sale a fraud; Sinha a criminal: RSS veteran
20010417,unknown,Yoga returns as American fad in third wave
20010417,unknown,Yoga returns as US fad in third wave
20010417,unknown,Zero Gravity
20010417,unknown,Cosmic Flight
20010417,unknown,2B or not 2B
20010417,unknown,Zenmaster Rinzai & Voice of the Vacuum
20010417,unknown,Tiger Chase
20010417,unknown,Window in Time
20010417,unknown,Where The Tax Axe Falls
20010417,unknown,Chhupa Rustam: Superhit material? Nyah!
20010417,unknown,'Lagaan': Make way for mid year mania!
20010417,unknown,Anupam Kher: don't worry; just act!
20010417,unknown,'Aks': Oops! what happened to the music?
20010417,unknown,BJP tries to pick chinks in renewed Cong
20010417,unknown,Yoga to the rescue of diabetics
20010417,unknown,Anupam Kher: don't worry; just act!
20010417,unknown,'Aks': Oops! what happened to the music?
20010417,unknown,SEBI report blames bank funding of brokers for price rigging
20010417,unknown,Nasscom searches for a successor
20010417,unknown,CBI is zeroing in on Johari's associates
20010417,unknown,Commercial tyres floundering
20010417,unknown,Satyam Asia to focus on Asia-Pacific markets
20010417,unknown,Talisma takes on giants in eCRM market
20010417,unknown,After IT services; Indian firms turn to products
20010417,unknown,Ministerial panel puts off decision on WLL
20010418,unknown,Congress isolated; but stalls Parliament
20010418,unknown,Cabinet clears Lokpal Bill
20010418,unknown,SC sets norms for entertainment of PILs
20010418,unknown,Bangla troops 'overrun' Meghalaya village
20010418,unknown,US slowdown is real and hurting
20010418,unknown,Long-term export target won't be hit: Nasscom
20010418,unknown,Arundhati Nag: Life is beautiful
20010418,unknown,Dino Morea and Bipasha Basu: Heading for the split!
20010418,unknown,Kannada film pulled up for sex scenes
20010418,unknown,Satish Kaushik: On the roll!
20010418,unknown,Vasu Bhagnani: Australia in Mumbai!
20010418,unknown,Haroon: Aziz Mirza's son to make his debut!
20010418,unknown,Bangalore to host international film fest
20010418,unknown,'Mayamruga' and 'Sadhane' adjudged best serials
20010418,unknown,Walkovers galore marks opening day
20010418,unknown,Many red lines in the sports progress card
20010418,unknown,Handicaps for Delhi races
20010418,unknown,Angry Sindhis demand Indus share
20010418,unknown,It happens only in India
20010418,unknown,Hazare remembers Bradman and the bygone days
20010418,unknown,Ready for the big league
20010418,unknown,For Railways; it's the team which matters
20010418,unknown,Churchill miss chances; draws 1-1 with Tollygunge
20010418,unknown,It's more pace but less space: Baichung Bhutia
20010418,unknown,No changes in football team
20010418,unknown,Basudeb likely to be asked to join team
20010418,unknown,East Bengal; Vasco miss key players
20010418,unknown,HAL take on Indian Bank
20010418,unknown,Northern Railway escape with a draw
20010418,unknown,Hockey tourney provides fresh lease of life
20010418,unknown,It happens only in India
20010418,unknown,No changes in football team
20010418,unknown,Hazare remembers Bradman and the bygone days
20010418,unknown,Angry Sindhis demand Indus share
20010418,unknown,Sensex rises 61 points despite Infy-Sify drag
20010418,unknown,Four cellular majors bid for BSNL mobile plans
20010418,unknown,Bangla troops 'overrun' Meghalaya village
20010419,unknown,Now Bangla troops occupy Assam village
20010419,unknown,GSLV launches India into elite space club
20010419,unknown,US acknowledges India's technical prowess
20010419,unknown,Parliament heads for second recess
20010419,unknown,IOA; Dalmiya find common cause against govt
20010419,unknown,Ramayana reinvented for alien times and stage
20010419,unknown,Misrule of Law
20010419,unknown,Saas for the Goose
20010419,unknown,On Track with Teheran
20010419,unknown,Kashmiriyat: Gift Of Rishi-Sufi Order
20010419,unknown,Kaagaz ke Phool
20010419,unknown,Promise of Perfection
20010419,unknown,IT's not End of the Road
20010419,unknown,Straight Answers
20010419,unknown,No regrets over fund to KP: GTB
20010419,unknown,Suzuki mulls importing Grand Vitara via MUL
20010419,unknown,Duplicate shares of JP Ind lands broker in soup
20010419,unknown,Pentamedia is still keen on Film Roman
20010419,unknown,Microland plans to double revenue from services
20010419,unknown,Aishwarya Rai: Hrithikally yours!
20010419,unknown,Sanjay Dutt: Macho man ko dil diya!
20010419,unknown,Kalpana Lajmi: 'Daman'-ating the scene!
20010419,unknown,Urmila Matondkar: Arty party!
20010419,unknown,New twist to power rebate case
20010419,unknown,Goa's sunny tho' it's raining in other states
20010419,unknown,Narvekar's bail plea hearing tomorrow
20010419,unknown,Rs 3.97 lakh recovered from GCA official's house
20010419,unknown,An island where no thief dares to enter
20010419,unknown,Net surfers in a spot
20010419,unknown,Atomic panel chief to be honoured
20010419,unknown,Pentamedia is still keen on Film Roman
20010419,unknown,Ittiam embeds itself in DSP space
20010419,unknown,Spelling out the ASP market in India
20010419,unknown,Symantec sallies forth into Internet security
20010420,unknown,Bangla troops pull out of Meghalaya village
20010420,unknown,Govt hopes to pass Budget by pinning Cong
20010420,unknown,Lower interest rates soon; says Jalan
20010420,unknown,New York to Mumbai in under two hours?
20010420,unknown,If you've metopia and future digested; you're cool
20010420,unknown,Diabetes detected in 2-month-old baby
20010420,unknown,Jaya Bachchan: Retire nahi hoti!
20010420,unknown,Akshaye Khanna: 'Time' please!
20010420,unknown,Twinkle Khanna: Lighting up her future!
20010420,unknown,Amrita Arora: Jumping to the big screen
20010420,unknown,For the love of Maya
20010420,unknown,M S Sathyu to head film awards panel
20010420,unknown,Bryan Adams to perform in B'lore next month
20010420,unknown,This 'filmi chakkar' made real life a hell
20010420,unknown,Select properties in state will get facelift
20010420,unknown,Concern over drop out rate in school
20010420,unknown,Govt hikes intake in medical; dental colleges
20010420,unknown,Five young cricketers missing Down Under
20010420,unknown,Bryan Adams to perform in B'lore next month
20010420,unknown,It's the Palm that pilots their daily schedule
20010420,unknown,Report blames police for Gokak firing
20010420,unknown,B'lore may become Mecca of medical care: CM
20010420,unknown,India must tread carefully in brave new biotech world
20010420,unknown,Brijesh Patel: Man in the middle
20010420,unknown,Two mega industries approved in state
20010420,unknown,Consumers to be consulted on water tariff hike
20010420,unknown,Cabinet ignores CM's transfer ban
20010420,unknown,More KPTC repair squads to control damage
20010420,unknown,Dacoits loot train passengers near Kolar
20010420,unknown,Nearly 10 nominations per seat for civic polls
20010420,unknown,Styles for all seasons
20010420,unknown,Rains; drains make life hell in Shivajinagar
20010420,unknown,RREACH-ing poor children through education
20010421,unknown,Bangladesh returns mutilated bodies
20010421,unknown,Noida hospital using humans for gene therapy trial
20010421,unknown,Rocca's ascent is bad news for Pakistan
20010421,unknown,Convicted cannot contest; EC says in Jaya case
20010421,unknown,SC refuses to revise rule on CBI chief's term
20010421,unknown,Railways take vital 1st innings lead
20010421,unknown,GCA makes no move to refund money
20010421,unknown,State may refer Madei river row to panel
20010421,unknown,Court turns down GCA chief's bail plea
20010421,unknown,SOS from state to Tehelka scribes
20010421,unknown,Cong recalls Ambedkar's contributions
20010421,unknown,100 kg sandalwood found in bus stand
20010421,unknown,Gulzar to open Konkani meet today
20010421,unknown,HC sets aside election of 11 MLCs
20010421,unknown,Is Australian pitch 'greener' for missing cricketers?
20010421,unknown,Development cess for Bangalore struck down
20010421,unknown,This is the home the software pros built
20010421,unknown,Wine makers begin to taste success
20010421,unknown,Dry run of Palace-on-Wheels next week
20010421,unknown,Inspector regime for industry out
20010421,unknown,Sale of babies: Orphanage branch traced; 1 held
20010421,unknown,Norway PM to visit Bangalore
20010421,unknown,Budget plans for roadside trees
20010421,unknown,Court puts the brakes on errant BMTC
20010421,unknown,A clarification
20010421,unknown,Live bands: Police yet to act on CM's directive
20010421,unknown,429 nominations rejected
20010421,unknown,Hegde ridicules Cong demand on JPC probe
20010421,unknown,Dal groups bury hatchet; to fight together
20010421,unknown,Red Stars over China
20010421,unknown,Well-spun Victory
20010422,unknown,Were We Once Rich?
20010422,only-in-america,Yanks and the Art of Motorcycle Machismo
20010423,unknown,Fighting over; Pyrdiwah is 'roofless'
20010423,unknown,Has Gates really lost out to Walton? Maybe not
20010423,unknown,Unwed tribal mothers are nobody's votebank
20010423,unknown,Sinha upsets Wajih; five share lead
20010423,unknown,Corporate elite to test their skills
20010423,unknown,Book on 'Sholay' launched!
20010423,unknown,Adnan Sami: This calls for some serious acting!
20010423,unknown,Film industry in financial crisis: Shyam Benegal
20010423,unknown,A quiet birthday for Rajkumar
20010423,unknown,Khushboo: She's mother goddess now
20010423,unknown,Men are irrelevant: Pratibha
20010423,unknown,Bye Bye; T-series; Hello HMV!
20010423,unknown,Kannada serial director to return award
20010423,unknown,Rajshri Films: Raring to go for an English project!
20010423,unknown,Book on 'Sholay' launched!
20010423,unknown,Adnan Sami: This calls for some serious acting!
20010423,unknown,A quiet birthday for Rajkumar
20010423,unknown,Khushboo: She's mother goddess now
20010423,unknown,Alanis is in fine nick
20010423,unknown,Scholistic performed beyond expectations
20010423,unknown,Adoption centre case referred to CID
20010423,unknown,Religion should adopt modern idiom: Jathedar
20010423,unknown,Paes-Bhupathi lose in semi-final
20010423,unknown,I'll try to give my 100 per cent: Dasgupta
20010423,unknown,Kumble again in SA for check-up
20010423,unknown,Kumble again in SA for check-up
20010423,unknown,Tamil channels get poll fever
20010423,unknown,Ad war on idiot box
20010423,unknown,Tamaraikkani set to cross swords with son
20010423,unknown,Jaya or MK? Karnataka Tamils debate
20010423,unknown,TMC fields two ministers
20010423,unknown,Jaya will not contest: Chidambaram
20010423,unknown,I have no expectations from Vajpayee govt: Singhal
20010423,unknown,Visit Nandurbar to take stock of the situation
20010423,unknown,CBI comes under flak for tardy pace of probe
20010423,unknown,Video-conferencing: Corp buzzword for connectivity
20010423,unknown,Outstation probes a tightrope walk for city policemen
20010423,unknown,Panel set up to study changes in Act on animals
20010423,unknown,Study on Sky Bus project to be conducted soon
20010423,unknown,Top police officers transferred
20010423,city.ahmedabad,Killer was promised Rs 25;000 for killing Nair; say police
20010424,unknown,BSF men's deaths won't be taken lightly: Jaswant
20010424,unknown,PM; Sonia reach deal: Budget first; then probe
20010424,unknown,Govt wants to renegotiate pact with Enron
20010424,unknown,Desi Viagra sales go limp
20010424,unknown,Lok Pal Again
20010424,unknown,Power to Panchayat
20010424,unknown,Wicket Walsh
20010424,unknown,Not a Class Act
20010424,unknown,The Philosophical Basis of Religion
20010424,unknown,Brush with Royalty
20010424,unknown,On Guard
20010424,unknown,The Other Abdullah
20010424,unknown,Straight Answers
20010424,unknown,Centre joins hands with state to boost IT
20010424,unknown,No power; no water to beat the heat
20010424,unknown,Verdict on power rebate case today
20010424,unknown,Move to start new bank draws protest
20010424,unknown,Ward lies vacant with no one to contest polls
20010425,unknown,Jaya's nominations rejected in all constituencies
20010425,unknown,Ill-conceived intrusion led to BSF men's deaths
20010425,unknown,Clear stand on Pakistan or else: BCCI to govt
20010425,unknown,Born again: Antony discovers new economy
20010425,unknown,Hindus at snooty end of class divide
20010425,unknown,India opts for Frankenfoods; while world desists
20010425,unknown,Unwed parents romantically involved than expected
20010425,unknown,Abhishek Bachchan: Mama's pet!
20010425,unknown,Akshay & Twinkle: Jodi No.1
20010425,unknown,Yeh Tera Ghar Yeh Mera Ghar: Aur Ek Ghar!
20010425,unknown,Kim Sharma: From the Frying 'Paan'!
20010425,unknown,Abhishek Bachchan: Mama's pet!
20010425,unknown,Yeh Tera Ghar Yeh Mera Ghar: Aur Ek Ghar!
20010425,unknown,Governor urges people to save heritage sites
20010425,unknown,A children's home that adheres to rules
20010425,unknown,Govt draws flak over rice procurement
20010425,unknown,Signal Service
20010425,unknown,Pulling the Plug
20010425,unknown,Yen for Dogdom
20010425,unknown,Without My Daughter
20010425,unknown,Nataraja's Dance: Science & Intuition
20010425,unknown,Winning Suit
20010425,unknown,Boom Time for Biotech
20010425,unknown,Straight Answers
20010425,unknown,HC vindicates govt in power rebate case
20010425,unknown,Mangoes become delight of the elite
20010425,unknown,Cong hails court decision
20010425,unknown,Study suggests delimitation of sanctuaries
20010425,unknown,Count of people below poverty line not a priority
20010425,unknown,Teachers post yet to be filled up
20010425,unknown,HLL net up; board approves merger
20010425,unknown,All players resist IFCI; IDBI merger
20010425,unknown,Car sales dip 11% in March
20010425,unknown,Will Prasar Bharati listen to HFCL-Nine
20010425,unknown,Rs 1;600 cr WB aid for roads in Karnataka
20010425,unknown,Gandhi's homespun fabric goes in for a makeover
20010425,unknown,Gloom forecaster Carly promises India growth;jobs
20010425,unknown,Fanning the consumer revolution
20010425,unknown,Gloom forecaster Carly promises India growth;jobs
20010425,unknown,India has no reasons to worry: Chugh
20010426,unknown,I-T department files hawala report; names Advani; Sinha
20010426,unknown,Sinha offers new deal to tax payers
20010426,unknown,Uma hits out at cricket board
20010426,unknown,Wipro's Premji bullish despite slowdown
20010426,unknown,Jaya makes an emotional pitch to voters
20010426,unknown,Bangladesh Blunder
20010426,unknown,Smoke Screen
20010426,unknown,Funny Films
20010426,unknown,Tamil Politics
20010426,unknown,Happiness is Peace Between Neighbours
20010426,unknown,Radio-activity
20010426,unknown,War and Peace
20010426,unknown,All-England's Not Enough
20010426,unknown,Straight Answers
20010426,unknown,Get proactive on paddy issue says CM
20010426,unknown,Warangal bandh evokes lukewarm response
20010426,unknown,Simhachalam temple spruced up for Chandanotsavam
20010426,unknown,BJP to stage rallies against VMC misdeeds
20010426,unknown,AP; Karnataka police to work in tandem
20010426,unknown,Police repulse naxal attack
20010426,unknown,Tiger census begins
20010426,unknown,First batch of astrology grads set to hit the market
20010426,unknown,Azim Premji: The brain behind Wipro's winning streak
20010426,unknown,Vijayawada mayor should step down: CPM
20010426,unknown,INS Darshak to be commissioned on Sunday
20010426,unknown,Court order on GCA president tomorrow
20010426,unknown,Ticketgate: Govt told to set up probe panel
20010426,unknown,Swiss envoy to call on CM today
20010426,unknown,Dance festival from tomorrow
20010426,unknown,Taiwanese President meets Ang Lee
20010426,unknown,Adnan Sami: Welcome to tinsel town!
20010426,unknown,Govinda: Kin(d) gestures!
20010426,unknown,Jimmy Shergill: Marriage bliss!
20010426,unknown,Ashutosh Rana: A peace of his mind!
20010426,unknown,Beauty queen is now building brands
20010426,unknown,Adnan Sami: Welcome to tinsel town!
20010426,unknown,Govinda: Kin(d) gestures!
20010426,unknown,Jimmy Shergill: Marriage bliss!
20010426,unknown,Nehru Cup hockey
20010426,unknown,Sachin spends birthday in Bali
20010426,unknown,Tamil Politics
20010426,unknown,All-England's Not Enough
20010427,unknown,Hurriyat puts a price on peace: No Pak; no talks
20010427,unknown,Enron ready to pull out; but lenders say wait
20010427,unknown,54 children rescued in Andhra adoption racket bust
20010427,unknown,Bangladesh blames BSF; seeks end to border row
20010427,unknown,Shyamalan shows more 'Signs' of success
20010427,unknown,Success in the times of a tech meltdown
20010427,unknown,Shyamalan shows more 'Signs' of success
20010427,unknown,Not Apna Budget
20010427,unknown,Grains of Wrath
20010427,unknown,Certified Purohits
20010427,unknown,Tehri Infirma
20010427,unknown,Shankara: Scholar; Teacher & Redeemer
20010427,unknown,The Bushman
20010427,unknown,Money & Governance
20010427,unknown,Age No Bar
20010427,unknown,Straight Answers
20010427,unknown,Shyamalan shows more 'Signs' of success
20010427,unknown,Sunil Shetty: Bagfull of films!
20010427,unknown,Sanjay Gupta: Hollywood freak!
20010427,unknown,Jackie Schroff: Hooked to net!
20010427,unknown,Tinsel Ville: Beat the heat!
20010427,unknown,Cong urges Sonia to take up Telangana issue
20010427,unknown,Deputy speaker not to quit TDP
20010427,unknown,State govt seeks details of Central funding to NGOs
20010427,unknown,Adoption authority team visits agencies in city
20010427,unknown,80 IAS; IFS officers to supervise Janmabhoomi programme implementation
20010427,unknown,Another weaver commits suicide
20010427,unknown,61 kids from Precious Moments shifted to Shishu Vihar
20010427,unknown,Left parties to stage rasta roko on April 28
20010427,unknown,CM pulls up S Aruna
20010427,unknown,Consultant says corrupt judges have no immunity
20010427,unknown,NGOs warned against misusing Christian names
20010427,unknown,Blacklist contractors failing to complete work on time: CM
20010427,unknown,Bharat Thakur to conduct workshop on meditation
20010427,unknown,Artillery Centre accords warm welcome to Lt Gen Sampat Kumar
20010427,entertainment.hindi.bollywood,Pyaar Tune Kya Kiya
20010428,unknown,Morality not one-sided: PM tells Cong
20010428,unknown,Sonia Gandhi ko gussa kyon aata hai?
20010428,unknown,Singh out of PMO; reshuffle on the cards
20010428,unknown,Now; Indian teachers may dominate the H1B crowd
20010428,unknown,Rogue General theory has few takers in Bangladesh
20010428,unknown,A temblor from ancient Indian treasure trove?
20010428,unknown,Rani Mukherjee: Sorry Mani; it's not about money
20010428,unknown,Aditya Rai: With just a little help from my sis
20010428,unknown,Ramgopal Verma: Third time lucky?
20010428,unknown,Mahesh Manjrekar: The man behind the gimmicks
20010428,unknown,Mine is an honorary post: Amala
20010428,unknown,Cong has become a laughing stock: Venkaiah
20010428,unknown,Now; BCC suffers from withdrawal symptoms
20010428,unknown,Many strings to his music
20010428,unknown,Vehicle thefts on the rise in B'lore
20010428,unknown,Film corporation in bad shape
20010428,unknown,Dial V; get connected to remote villages
20010428,unknown,Rock around the clock
20010428,unknown,Silly little stumbling blocks
20010428,unknown,Marriage still a battle for epilepsy patients
20010428,unknown,B'lore firms keen on ethics code for employees
20010428,unknown,Pavement here today; gone tomorrow
20010428,unknown,BCC panel to get fresh lease of life
20010428,unknown,B'lore varsity fails to stick to exam manual
20010428,unknown,Krishna to campaign in Kerala
20010428,unknown,Bangalore Customs exceeds revenue target
20010428,unknown,Garbage disposals during night and evening: BCC
20010428,unknown,Whitefield residents walk on tightrope!
20010428,unknown,Police can video-conference now
20010428,unknown,Constable posed as PRO to lure jobless youth
20010428,unknown,Ex-deputy mayor of Mysore in limelight
20010428,unknown,Engineer caught taking bribe
20010428,unknown,Political parties make a beeline for voters
20010428,unknown,Frenzied activity in political circles
20010429,unknown,I-T department's googly traps BCCI
20010429,unknown,Memories of the Mahatma a burden for us?
20010429,unknown,The road not taken
20010429,unknown,CBI chief to retire; but where is his successor?
20010429,unknown,Cellular doyens plead their case with PM
20010429,unknown,There's a serial killer on the Net
20010429,unknown,'Chamma Chamma' charms Nicole Kidman
20010429,unknown,We; the people or woe; the people?
20010429,unknown,Govinda: the king of mass entertainment
20010429,unknown,Biwi No. 1
20010429,unknown,Cyber Babu
20010429,unknown,Has Bhatt become a bore
20010429,unknown,Arjun and the Goda
20010429,unknown,'I'm in the mood for vengeance'
20010429,unknown,A big leap
20010429,unknown,Weaving fantasies
20010429,unknown,I have stories to tell
20010429,unknown,On auto pilot
20010429,unknown,Portrait of an artist
20010429,unknown,Architects must be like teachers
20010429,unknown,Young composers hesitate to correct me
20010429,unknown,From Sanjay to Sonia
20010429,unknown,Rebel without a pause
20010429,unknown,Give Brokers A Break
20010429,unknown,Straight Answers
20010429,unknown,The Bandh Wagon
20010429,unknown,Misarranged marriage
20010429,unknown,Advantage BCCI
20010429,unknown,India's Missing Women
20010429,unknown,Sankara & Ramanuja: Meaning and Being
20010429,unknown,Harappan Lore
20010429,unknown,Sri Sankara Jayanti
20010429,unknown,A 'Close-Up' of Hrithik Roshan
20010429,unknown,Raveena Tandon: On 'knotty' duties!
20010429,unknown,Puru Rajkumar: The word is 'mum'!
20010429,unknown,Amar Upadhyay: Exploring cyberspace!
20010429,unknown,Producer willing to accept 'Sadhane' award
20010429,only-in-america,The Road Not Taken
20010501,unknown,India unhappy with US leaving out Lashkar from list
20010501,unknown,V P Singh's to blame; Joshi tells Ayodhya panel
20010501,unknown,Trinamul wanted armed help to combat CPM; says PWG
20010501,unknown,No yarns; only stories of misery for Andhra weavers
20010501,unknown,Cong prowling around to buy BJP MLAs
20010501,unknown,Court notices CM; minister over contempt
20010501,unknown,MGP president resigns
20010501,unknown,It's manual work despite computerisation
20010501,unknown,Housewife murdered in Margao
20010501,unknown,Insurance Act: Company head must be included
20010501,unknown,Margoa councillors to get Rs 2 lakh each for development
20010501,unknown,Still Backwaters
20010501,unknown,Cyborg Genesis
20010501,unknown,Succulent Summer
20010501,unknown,The Forgotten Scam
20010501,unknown,Guru Darshan: A Teaching Event
20010501,unknown,Match Industry
20010501,unknown,Know More
20010501,unknown,Fare Thee Well
20010501,unknown,Straight Answers
20010501,unknown,One role; many dimensions
20010501,unknown,Anil Kapoor: Making 'bakras'!
20010501,unknown,Tara bags best actress award
20010501,unknown,Govinda-Sanjay Dutt: Easy money!
20010501,unknown,Akshay Kumar: Signing Amitabh saves time and money!
20010501,unknown,An induced heart attack saved his life
20010501,unknown,Students pay the price for college's mistake
20010501,unknown,Govt willing for CBI probe into adoption home case
20010501,unknown,His passion for golf will stump you
20010501,unknown,At 70; Krishna still feels young
20010501,unknown,Roadathon: Tracking the truck's progress
20010501,unknown,7 Bangloreans killed in TN accident
20010501,unknown,Here's a school built on a vision
20010501,unknown,One role; many dimensions
20010501,unknown,A dogged fight
20010501,unknown,No stereotyping for these multi-skilled women
20010501,unknown,Will the 'dead water' of Ulsoor Lake ever spring to life?
20010501,unknown,An induced heart attack saved his life
20010501,unknown,Tara bags best actress award
20010501,unknown,US consulate introduces new visa scheme
20010501,unknown,Sai Baba hospital: A refuge to millions
20010502,unknown,India unhappy with US leaving out Lashkar from list
20010502,unknown,V P Singh's to blame; Joshi tells Ayodhya panel
20010502,unknown,Trinamul wanted armed help to combat CPM; says PWG
20010502,unknown,No yarns; only stories of misery for Andhra weavers
20010502,unknown,Cong prowling around to buy BJP MLAs
20010502,unknown,Court notices CM; minister over contempt
20010502,unknown,MGP president resigns
20010502,unknown,It's manual work despite computerisation
20010502,unknown,Housewife murdered in Margao
20010502,unknown,Insurance Act: Company head must be included
20010502,unknown,Margoa councillors to get Rs 2 lakh each for development
20010502,unknown,'West Wing' creator charged
20010502,unknown,Still Backwaters
20010502,unknown,Cyborg Genesis
20010502,unknown,Succulent Summer
20010502,unknown,The Forgotten Scam
20010502,unknown,Guru Darshan: A Teaching Event
20010502,unknown,Match Industry
20010502,unknown,Know More
20010502,unknown,Fare Thee Well
20010502,unknown,Straight Answers
20010502,unknown,One role; many dimensions
20010502,unknown,Anil Kapoor: Making 'bakras'!
20010502,unknown,Tara bags best actress award
20010502,unknown,Govinda-Sanjay Dutt: Easy money!
20010502,unknown,Akshay Kumar: Signing Amitabh saves time and money!
20010502,unknown,Vashu Bhagnani: No music please!
20010502,unknown,An induced heart attack saved his life
20010502,unknown,Students pay the price for college's mistake
20010502,unknown,Govt willing for CBI probe into adoption home case
20010502,unknown,His passion for golf will stump you
20010502,unknown,At 70; Krishna still feels young
20010502,unknown,Roadathon: Tracking the truck's progress
20010502,unknown,7 Bangloreans killed in TN accident
20010502,unknown,Here's a school built on a vision
20010502,unknown,One role; many dimensions
20010502,unknown,Priya Rajan Bala
20010502,unknown,No stereotyping for these multi-skilled women
20010502,unknown,Debts claim another farmer's life
20010502,unknown,Will the 'dead water' of Ulsoor Lake ever spring to life?
20010502,unknown,An induced heart attack saved his life
20010502,unknown,Tara bags best actress award
20010502,unknown,US consulate introduces new visa scheme
20010503,unknown,Bush sending envoy to argue NMD case
20010503,unknown,Bush sending envoy to argue NMD case
20010503,unknown,Bush takes one more woman on South Asia team
20010503,unknown,Vajpayee sups with Advani; seeks truce
20010503,unknown,Most BALCO unions agree to resume work
20010503,unknown,Bush sending envoy to argue NMD case
20010503,unknown,Bush takes one more woman on South Asia team
20010503,unknown,Vajpayee sups with Advani; seeks truce
20010503,unknown,Most BALCO unions agree to resume work
20010503,unknown,Free flies the Tricolour; at last
20010503,unknown,Streets to get Smart with New Beetles
20010503,unknown,'Ji Mantriji' is serious business for BBC
20010503,unknown,Bryan hopes to feel Bangalore summer
20010503,unknown,Amitabh Bachchan: Star Plus success!
20010503,unknown,Bikram Saluja: Blow the candle; make a wish!
20010503,unknown,Heavens; it's not Science
20010503,unknown,Straight Answers
20010503,unknown,'Ji Mantriji' is serious business for BBC
20010503,unknown,Amitabh Bachchan: Star Plus success!
20010503,unknown,Bryan hopes to feel Bangalore summer
20010503,unknown,Bikram Saluja: Blow the candle; make a wish!
20010503,unknown,Kareena Kapoor: Dreaded discipline!
20010503,unknown,Rani Mukherjee: O my darling; O my darling!
20010503,unknown,Learning to Grow
20010503,unknown,Tito's Trek
20010503,unknown,Cook's Tikka
20010503,unknown,Let Enron Exit
20010503,unknown,Children's Day
20010503,unknown,Staying Cool
20010503,unknown,Global campaign to improve the lot of children
20010503,unknown,Rites of Passage
20010503,unknown,Stewards crack down on erring jockeys
20010503,unknown,Parents must change their attitude: Psychiatrist
20010503,unknown,Let Enron Exit
20010504,unknown,BDR offers a tortuous defence
20010504,unknown,India giving up its global nanny role; say experts
20010504,unknown,Govinda gets 'court ka jhatka' over Mirinda ad
20010504,unknown,US Hindus take on McDonald's over French fries
20010504,unknown,Bush Fire
20010504,unknown,Ranjan's Revenge
20010504,unknown,Alliterative Politics
20010504,unknown,Two to Tango
20010504,unknown,Speaking of Shiva Soul and Salvation
20010504,unknown,Banarasi Babu
20010504,unknown,I and Mine
20010504,unknown,Leading from the Front
20010504,unknown,Straight Answers
20010504,unknown,Paagalpan: Youthful; romantic; and fresh!
20010504,unknown,Raveena Tandon has a blast!
20010504,unknown,No more 'sapnays' for Rajiv Menon
20010504,unknown,Film City Studios renamed!
20010504,unknown,Dance is a full-fledged profession for them
20010504,unknown,Pasta-pizza habit the perfect sure-starter for Squillari
20010504,unknown,Chand Khanna are the champions
20010504,unknown,Shabbir Ali to take charge of Bhratri
20010504,unknown,Chinese Taipei; India share day one honours
20010504,unknown,Drought takes Govt by surprise. Again.
20010504,unknown,Home ministry set for major reshuffle
20010504,unknown,How two babudoms ruined the fate of lakhs of depositors
20010504,unknown,Its never say die for N K Singh?
20010504,unknown,When govt moved at speed of thought
20010504,unknown,Railways inefficient landlord; says panel
20010504,unknown,Discover India by Rail
20010504,unknown,House panel peeved with Maneka's ministry
20010504,unknown,Posts goes e-wire with money orders
20010504,unknown,Conventional sweep at non-conventional way
20010505,unknown,May Day Globaloney
20010505,unknown,Proceedings dropped against 21 in Ayodhya case
20010505,unknown,US dangles military cooperation carrot to India
20010505,unknown,US voted off UN human rights panel; Pakistan in
20010505,unknown,If stars are right; Amma shall smile
20010505,unknown,May Day Globaloney
20010505,unknown,Wasteminister Model
20010505,unknown,Formula Film
20010505,unknown,Ethics of Expose
20010505,unknown,Know & Integrate Your Many Faces
20010505,unknown,Brunner's Canvas
20010505,unknown,Clear and Present
20010505,unknown,Kremlin Calling
20010505,unknown,Straight Answers
20010505,unknown,No phone; yet a hefty bill!
20010505,unknown,Cricketgate: Hearing posted to May 8
20010505,unknown,Drive on to streamline traffic in Margao
20010505,unknown,Regional parties will thrive
20010505,unknown,Two more thefts in state
20010505,unknown,New kerosene prices
20010505,unknown,Deendar leaders knew of subversive activities
20010505,unknown,Helpline started at Sishu Vihar for anxious parents
20010505,unknown,Cops dread doctors in morgues
20010505,unknown,Distress sale of mangoes in Vijayawada market
20010505,unknown,Lax officials deny girl reunion with family
20010505,unknown,Govt to hand over Rs 15-cr to Gujarat quake victims
20010505,unknown,DYFI happy over hospital shifting
20010505,unknown,CPM chides TRS chief
20010505,unknown,JAC hails CM's gesture
20010505,unknown,Caribbean shores beckon medical students
20010505,unknown,Octroi withdrawal may hit local bodies
20010505,unknown,IAF holds Commanders' Conference
20010505,unknown,PIL against govt on Madhavpura bank issue
20010505,unknown,90;000 MSU marksheets had a spelling mistake!
20010505,unknown,Another sandalwood tree felled on MSU campus
20010505,unknown,Another case of CAS violation on MSU campus
20010505,unknown,Petrol becomes cheaper; diesel dearer
20010505,unknown,Probe ordered into death of sparrows
20010505,unknown,VMC told to clean up Sindhusagar lake
20010505,unknown,Study trips for women corporators draws flak
20010505,unknown,Need for public toilets stressed
20010505,unknown,Former Nadiad municipal councillor dead
20010505,unknown,Ethics of Expose
20010506,unknown,Why India shouldn't have bought the NMD
20010506,unknown,Sex; drugs; rock 'n' roll and NMD
20010506,unknown,Cowboy capers of the Dubya kind
20010506,unknown,Indian beauty behind Christie's-Sotheby's divorce
20010506,unknown,Desi netizens go bananas over alphonsos
20010506,unknown,A tale of two auction houses
20010506,unknown,You can find a sea of fish here
20010506,unknown,Power scam: Ex-minister grilled
20010506,unknown,Paulo Travels to run Hyderabad bus
20010506,unknown,Bribery case: Bail for Khemlo rejected
20010506,unknown,Usage of Portugese in post-offices opposed
20010506,unknown,Kremlin Calling
20010506,unknown,Straight Answers
20010506,unknown,Search still on for wicketkeeper: Ganguly
20010506,unknown,Muralitharan spins Lancashire to victory
20010506,unknown,Indian Airlines cricket cup
20010506,unknown,Injured Dhanraj to miss World Cup qualifiers
20010506,unknown,Search still on for wicketkeeper: Ganguly
20010506,unknown,Dokic to play Venus after defeating Sanchez-Vicario
20010506,only-in-america,Sex; drugs; rock 'n' roll and NMD
20010507,unknown,Fardeen Khan remanded to NCB custody till May 18
20010507,unknown,ISI plot to kill Tehelka chief; editor foiled
20010507,unknown,These wars are fought in air-conditioned rooms
20010507,unknown,MGR is god; say villagers
20010507,unknown,Karunanidhi still has to fight MGR here
20010507,unknown,Manisha Koirala: Stripping for a cause?
20010507,unknown,Aamir wants to play chess with Vishwanathan Anand
20010507,unknown,Songs and more songs from Sunita Rao
20010507,unknown,Eighteen Till I Die
20010507,unknown,Songs and more songs from Sunita Rao
20010507,unknown,Sonam: A glowing silence!
20010507,unknown,Political storm brewing in state
20010507,unknown,Mango prices come down
20010507,unknown,Firm told to settle demands of staff
20010507,unknown,Car driver responsible for accident: CM
20010507,unknown,Man held for killing sister
20010507,unknown,Business as usual at Anjuman - minus Deendar
20010507,unknown,More drama at Sishu Vihar
20010507,unknown,Minister urges YSR not to provoke farmers
20010507,unknown,Govt to announce welfare package for Telangana
20010507,unknown,Poor response to rainwater harvesting
20010507,unknown,MIM blames HUDA for 'encroaching' wakf land
20010507,unknown,HUDA to work on expressway from August
20010507,unknown,Power lines to be replaced in profitable areas
20010507,unknown,The Cutting Edge
20010507,unknown,Boost for BJP
20010507,unknown,Grounding the UFOs
20010507,unknown,Cold War Comeback
20010507,unknown,The Buddha as an Avatar of Vishnu
20010507,unknown,Hear; Hear
20010507,unknown,So Ignorant
20010507,unknown,Bangladeshi Jamaat
20010507,unknown,Straight Answers
20010507,unknown,Flourspar project faces permanent closure
20010507,unknown,Court rules in favour of MSU
20010507,unknown,MSU professor honoured for work in geology
20010507,unknown,Lack of operational discipline worries WREB
20010507,unknown,Might is right on these roads
20010507,unknown,Lack of irrigation taking toll on crops
20010507,unknown,Welcome change in Barodians' attitude to trees
20010507,unknown,How many people know of Ramesh Parikh's past?
20010507,unknown,Left Front leaders start smiling again
20010507,unknown,Turnout to decide Tamil Nadu tossup
20010508,unknown,Plot to kill Tejpal part of larger conspiracy: PM
20010508,unknown,Did govt want Hindujas to represent it?
20010508,unknown,Games leaders play: Why PM said YES to Uma's NO
20010508,unknown,Daler's album insults Islam; say Muslim groups
20010508,unknown,India can aim for the moon now
20010508,unknown,Straight Answers
20010508,unknown,Smart cards for govt employees soon
20010508,unknown,Fissures enter service industry
20010508,unknown,GCA seeks 45 days to submit audits
20010508,unknown,Goans wake up to ill-treatment of animals
20010508,unknown,'Red alert' on potholes
20010508,unknown,CM submits breach of privilege notice to citizen
20010508,unknown,Another robbery case in Margao; Rs 4.27 lakh looted
20010508,unknown,Work at Sesa plant begins today
20010508,unknown,Panel to hold convention on May 28; 29
20010508,unknown,Doubts about Didi
20010508,unknown,The Mouse Map
20010508,unknown,Laloo's Pitch
20010508,unknown,Big on Symbolism
20010508,unknown,Jainology Prefigured Postmodern Thought
20010508,unknown,General Exceptions
20010508,unknown,A Life of My Own
20010508,unknown,Logo Brouhaha
20010508,unknown,CM's deadline up; but cable mess remains
20010508,unknown,Adoption racket: State open to CBI probe
20010508,unknown,Raj kidnap: Unkept promises irk Tamils
20010508,unknown,Beauty and the tooth
20010508,unknown,Polls not a referendum on NDA govt: Advani
20010508,unknown,Bellary fiasco shocks Sonia
20010508,unknown,It's time for cladestine ties and trading
20010508,unknown,These eateries make you lose your appetite
20010508,unknown,Under pressure to excel
20010508,unknown,Admissions on the basis of merit
20010508,unknown,75-year-old woman done to death in B'lore
20010508,unknown,Got to mind your phone manners
20010508,unknown,BJP postmortem today
20010508,unknown,Night power for farmers begins on trial basis
20010508,unknown,Reservation norms for civic body heads soon
20010509,unknown,Fresh arrest warrants against Laloo; Mishra
20010509,unknown,Free as a fugitive in lawless Bihar
20010509,unknown,Hindujas were used in national interest
20010509,unknown,India should bargain for support to NMD
20010509,unknown,Helicopter goes missing in Arunachal
20010509,unknown,No work permit for Bangladeshis: Sushma
20010509,unknown,Bryan Adams offers mangoes to soothsayer
20010509,unknown,Brand Power
20010509,unknown,Pervez Playback
20010509,unknown,A Suitable Gene
20010509,unknown,Uddhava Gita : A Spiritual Beacon
20010509,unknown,Summer of Discontent
20010509,unknown,Way to Buddhahood
20010509,unknown,Families Mean Business
20010509,unknown,Straight Answers
20010509,unknown,Cong office-bearer gets conditional bail
20010509,unknown,Sports city on the anvil
20010509,unknown,Blair names June 7 for general polls
20010509,unknown,When Bryan Adams took mangoes to a B'lore soothsayer
20010509,unknown,This Cong MLC cares a damn for CM
20010509,unknown,Recurrent fish deaths force govt to wake up
20010509,unknown,What went wrong? BJP ponders
20010509,unknown,Travel agency employee murdered in B'lore
20010509,unknown,Sonia refuses to meet ministers; party workers
20010509,unknown,A masterplan to stop flooding
20010509,unknown,All for a song
20010509,unknown,Debate on Jaya becoming CM absurd: Advani
20010509,unknown,Unauthorised primary schools may be regularised
20010509,unknown,Electronic voting can check proxy votes
20010509,unknown,'Don't throw the baby out with the bathwater'
20010509,unknown,New device helps identify criminals
20010509,unknown,Some summer fun
20010509,unknown,A Suitable Gene
20010509,entertainment.english.hollywood,FINDING FORRESTER
20010510,unknown,65% turnout in Assembly polls; repoll ordered in 75 polling stations
20010510,unknown,Army plays wargames; but discounts N-attack
20010510,unknown,FDI in defence opens up Pandora's box
20010510,unknown,Pact to pave way for Quattrochi extradition
20010510,unknown,Fardeen Khan released on bail
20010510,unknown,Year-old population panel got just a logo
20010510,unknown,A Shameful Hunger
20010510,unknown,Defence Inc
20010510,unknown,Feared Beard
20010510,unknown,Irrational Exuberance
20010510,unknown,Spirituality's Vital Role in Counselling
20010510,unknown,Tea and Sympathy
20010510,unknown,Personal Experience
20010510,unknown,Reddy; Steady; Go
20010510,unknown,Straight Answers
20010510,unknown,Hi-tech hospital to come up by 2002
20010510,unknown,Govt action against bank politically motivated
20010510,unknown,Zuwarkar's residence; GSCB head office raided
20010510,unknown,294 cases of illegal constructions reported
20010510,unknown,Exit polls gives AIADMK thin edge
20010510,unknown,Jaya still doesn't trust EVMs
20010510,unknown,Krishna to take 'Silicon Valley' to US
20010510,unknown,Hundreds of schools fail to provide SSLC results
20010510,unknown,Dressing the stars of 'Agni Varsha'
20010510,unknown,Yogis; techie gurus and fun officers at work here
20010510,unknown,2 BCC school girls among SSLC exams toppers
20010510,unknown,Adoption: Giving children a second chance
20010510,unknown,You can adopt a baby and be a parent too
20010510,unknown,A brush with Bryan
20010510,unknown,Global tenders invited for NGEF privatisation
20010510,unknown,Reliance offshore seismic survey off Karnataka coast soon
20010510,unknown,Early diagnosis will help cure thyroid problem
20010510,unknown,It's time for wholesome cricket
20010510,unknown,Welder with a difference
20010511,unknown,65% turnout in Assembly polls; repoll ordered in 75 polling stations
20010511,unknown,Army plays wargames; but discounts N-attack
20010511,unknown,FDI in defence opens up Pandora's box
20010511,unknown,Pact to pave way for Quattrochi extradition
20010511,unknown,Fardeen Khan released on bail
20010511,unknown,Year-old population panel got just a logo
20010511,unknown,A Shameful Hunger
20010511,unknown,Defence Inc
20010511,unknown,Feared Beard
20010511,unknown,Irrational Exuberance
20010511,unknown,Spirituality's Vital Role in Counselling
20010511,unknown,Tea and Sympathy
20010511,unknown,Personal Experience
20010511,unknown,Reddy; Steady; Go
20010511,unknown,Hi-tech hospital to come up by 2002
20010511,unknown,Govt action against bank politically motivated
20010511,unknown,Zuwarkar's residence; GSCB head office raided
20010511,unknown,294 cases of illegal constructions reported
20010511,unknown,Exit polls gives AIADMK thin edge
20010511,unknown,Jaya still doesn't trust EVMs
20010511,unknown,Krishna to take 'Silicon Valley' to US
20010511,unknown,Hundreds of schools fail to provide SSLC results
20010511,unknown,Dressing the stars of 'Agni Varsha'
20010511,unknown,Yogis; techie gurus and fun officers at work here
20010511,unknown,2 BCC school girls among SSLC exams toppers
20010511,unknown,Adoption: Giving children a second chance
20010511,unknown,You can adopt a baby and be a parent too
20010511,unknown,A brush with Bryan
20010511,unknown,Global tenders invited for NGEF privatisation
20010511,unknown,Reliance offshore seismic survey off Karnataka coast soon
20010511,unknown,Early diagnosis will help cure thyroid problem
20010511,unknown,It's time for wholesome cricket
20010511,unknown,Welder with a difference
20010511,unknown,Tie-ups bring foreign medical expertise to B'lore
20010511,unknown,A house that can travel with you
20010511,unknown,Hair raising tales!
20010511,unknown,Swimming pool safety: Check before you dive
20010511,unknown,Delay in projects raises CM's hackles
20010511,unknown,Animal activists condone killing street dogs
20010511,unknown,Richmond flyover trial ends
20010511,unknown,MLA criticised for filing litigation
20010511,unknown,Judge to query CET Cell director
20010511,unknown,River Cauvery favourite theme for filmmakers
20010512,unknown,India backs Bush's defence plan
20010512,unknown,SC to CBI: What do you want to do with Hindujas?
20010512,unknown,Fardeen; anti-drugs lobby's new friend
20010512,unknown,Top Indian executive at Nortel steps down
20010512,unknown,End polygamy; Muslim woman pleads with SC
20010512,unknown,Life becomes miserable for Deendar preachers
20010512,unknown,Swaranjit Sen feigns ignorance of wife's activities
20010512,unknown,Auto drivers threaten to intensify stir
20010512,unknown,Neeru Meeru to be made a people's movement: CM
20010512,unknown,Don't keep shuttling to Hyderabad; DCs told
20010512,unknown,20 Cong leaders arrested during stir
20010512,unknown,Fiddling With FDI
20010512,unknown,The Balco Question
20010512,unknown,Honest Injun
20010512,unknown,Script for Success
20010512,unknown,Auroville; the City of Dawn
20010512,unknown,Life's Little Games
20010512,unknown,Mother Shakti
20010512,unknown,Karuna for Jaya
20010512,unknown,Straight Answers
20010512,unknown,Bomb scare in Lodhi Gardens
20010512,unknown,No factory record of cycle used in blast
20010512,unknown,Hindujas say CBI plea premature
20010512,unknown,Notice to Sushil's former counsel
20010512,unknown,HC grants bail to Olga's aide
20010512,unknown,Custody death charges against SI after 14 years
20010512,unknown,Demand for private protection on the rise
20010512,unknown,Tenant sues Shahi Imam's brother
20010512,unknown,Insurance firm challenges compensation ruling
20010512,unknown,Gang of specialised car thieves held
20010512,unknown,New panel will suggest ways to check female foeticide
20010512,unknown,Kant witnesses an unusual demonstration
20010512,unknown,Dentist's wife murdered
20010512,unknown,Mum's the word
20010512,unknown,The billionth baby turns 1
20010512,unknown,DU principals meet VC over suspension
20010512,unknown,DUSU starts website on admissions
20010512,unknown,Fiddling With FDI
20010513,unknown,Centre stalls CBI move on Ayodhya
20010513,unknown,SC allows two Hinduja brothers to go abroad
20010513,unknown,US has its very own Laloo
20010513,unknown,Sushma braves the bare breast threat at Cannes
20010513,unknown,Move over Shakespeare; this is an andolan
20010513,unknown,Karuna for Jaya
20010513,unknown,Straight Answers
20010513,unknown,Fiddling With FDI
20010513,unknown,The Balco Question
20010513,unknown,Honest Injun
20010513,unknown,Auroville; the City of Dawn
20010513,unknown,Life's Little Games
20010513,unknown,Mother Shakti
20010513,unknown,Will it be photo-finish this time?
20010513,unknown,SSLC results: the agony continues
20010513,unknown,Fellowship helps them fight alcoholism
20010513,unknown,The question now is who is whose Enemy No.1 ?
20010513,unknown,Backed by deputy mayor; resident flouts building rules
20010513,unknown,Hotel Ashok murder: Cops find suspects' photos
20010513,unknown,Get those muscles moving
20010513,unknown,Nightingale awards to 22 nurses
20010513,unknown,Coming clean
20010513,unknown,Drunkard drives daughter to suicide; kills himself
20010513,unknown,Bank hikes interest on deposits for senior citizens
20010513,unknown,Funds for rural uplift not used
20010513,unknown,Committees to supervise water supply in Belgaum
20010513,unknown,Poll win celebration leads to violence
20010513,unknown,Head comes first; helmets next!
20010513,unknown,Workshop for women artists today
20010513,unknown,World Billava Conference inaugurated in Udupi
20010513,unknown,BU Syndicate member demands inquiry
20010513,unknown,Rs 120 cr for water scheme in Belgaum: CEO
20010513,unknown,Encroachments threaten 900-year-old temple
20010513,jugular-vein,Foreign Arder
20010513,jugular-vein,Contemptibly yours
20010513,removed,Recessions have become tamer
20010514,unknown,Buddha smiles; Amma bounces back
20010514,unknown,No pattern; only many new questions
20010514,unknown,India to seek Malaysia's help for entry into ASEAN
20010514,unknown,The man who invented Malgudi
20010514,unknown,The Disappearing Sex
20010514,unknown,Mama Mia
20010514,unknown,Polls Apart
20010514,unknown,Star of Superstition
20010514,unknown,The Supreme One & His Many Forms
20010514,unknown,My Black Beauty
20010514,unknown,Individual Freedom
20010514,unknown,Friends and Foes
20010514,unknown,Straight Answers
20010514,unknown,Karnataka reassures Goa on river issue
20010514,unknown,Minor raped; accused absconding
20010514,unknown,CM inspects oil spillage
20010514,unknown,New bus service introduced
20010514,unknown,Whither online advertising?
20010514,unknown,Microsoft's new strategy: Upgrade or else...
20010514,unknown,Bharti calling; money talks
20010514,unknown,Chandigarh is all set to join the IT bandwagon
20010514,unknown,Information warfare: Is India Prepared for it?
20010514,unknown,CM apologises for delay in cable work
20010514,unknown,KPTC up in arms over changes in project plans
20010514,unknown,Abroad ahoy..that's the consensus
20010514,unknown,Will the angels smile on their tiny bundle of joy?
20010514,unknown,Let's crawl beneath the flyover till Dalwai gets CM to inaugurate it
20010514,unknown,Library turns tailoring centre; is BCC listening?
20010514,unknown,Row over snub to MP at counting centre
20010514,unknown,All set for CET on May 16; 17
20010514,unknown,Madam will nab Veerappan: AIADMK
20010514,unknown,Not loud; but good adspeak
20010514,unknown,Documentary on Kodavas bags national award
20010514,unknown,Kodagu tourney: Referee manhandled
20010514,unknown,Woman murdered by son; daughter-in-law
20010514,unknown,Popularise coffee consumption: Minister
20010514,unknown,Hybrid cotton to be grown this season
20010514,unknown,KSOU introduces new IT courses
20010514,unknown,Lifetime Achievement award for Rajkumar
20010514,unknown,Rs 10 cr for desilting of Kolar tanks
20010514,unknown,Rs 9.25 lakh hawala money seized
20010514,unknown,DK ZP adjudged best in state
20010514,unknown,Karnataka reassures Goa on river issue
20010514,unknown,Post-surgery; she feels 'light'
20010514,unknown,Seminar on water supply soon
20010514,unknown,Diabetes camp for kids held
20010514,unknown,No water; no power in Raichur
20010514,unknown,CAVA to offer PG art courses
20010514,unknown,Mite relief: KRRS not happy over aid
20010514,unknown,Delay in reappointment of AI director raises eyebrows
20010514,unknown,The destructive power of the NO
20010514,unknown,Whither online advertising?
20010514,unknown,Free consumer justice system; but for how long
20010514,unknown,SWIL creditors file winding up petition in Calcutta HC
20010514,unknown,Victoria's Secret to go national by year end
20010514,unknown,Microsoft's new strategy: Upgrade or else...
20010514,unknown,Bharti calling; money talks
20010514,unknown,Raymonds eyes European ready-to-wear market
20010514,unknown,Morgan Stanley to pay 10%
20010514,unknown,Drums go silent in DMK camp
20010514,unknown,Poes Garden celebrates 'people's verdict'
20010514,unknown,Jaya rises from the ashes
20010515,unknown,Jayalalitha sworn in as chief minister
20010515,unknown,Cricket team to rake in more moolah with new deal
20010515,unknown,GE tops FT-500 list; Wipro lone Indian presence
20010515,unknown,A Necessary Ban
20010515,unknown,Puratchi Politics
20010515,unknown,Left versus Left
20010515,unknown,Malgudi Forever
20010515,unknown,Question of Conviction
20010515,unknown,Indian Islam Shares Our Common Heritage
20010515,unknown,Old Acquaintances
20010515,unknown,Power Seekers
20010515,unknown,Girl Interrupted
20010515,unknown,Straight Answers
20010515,unknown,Try & Dye: Watch out for those allergies
20010515,unknown,HC allows 'closed case' for retrial
20010515,unknown,Govt may take over co-op bank
20010515,unknown,People have rejected NDA: Faleiro
20010515,unknown,Hi-tech hospital coming up in Panaji
20010515,unknown,New bus service introduced
20010515,unknown,Company gets ISO 9001
20010515,unknown,Friends recall Perry Como as dedicated showman
20010515,unknown,Aishwarya; Hrithik pair up for new Sippy film
20010515,unknown,Lucky Ali tries luck in films
20010515,unknown,Vashu Bhagnani: On promotion spree of 'MKKH'
20010515,unknown,Big 'B' an excited man after 'Aks'
20010515,unknown,Friends recall Perry Como as dedicated showman
20010515,unknown,NDA's credibility dented: Hegde
20010515,unknown,Don't freeze: Here are some cold facts on ice
20010515,unknown,Govt to streamline SSLC data processing procedure
20010515,unknown,F1 buffs let their passion race away
20010515,unknown,Playboy image is creation of media: Vijay Mallya
20010515,unknown,WTO must convene a review meeting: Hedge
20010516,unknown,Antony elected Kerala chief minister
20010516,unknown,Pak not yet in rogues gallery; says US
20010516,unknown,India goes on MoU signing spree with Malaysia
20010516,unknown,Advani blames Rao govt for Ayodhya crisis
20010516,unknown,BJP turns to RSS in search for lost ideology
20010516,unknown,Law and Disorder
20010516,unknown,Has hoity-toity Jaya changed at all?
20010516,unknown,Sonia holds olive branch to Jaya
20010516,unknown,If Jaya can; why can't Lalooji; ask loyalists
20010516,unknown,Four Congmen race for Chief Ministership
20010516,unknown,Jaya was here; there and everywhere
20010516,unknown,Former SC Judge endorses Jaya's chief ministership
20010516,unknown,Chidambaram threatens to take CM issue to court
20010516,unknown,Antony made CM; after a few hiccups
20010516,unknown,Leader extracts his pound of flesh
20010516,unknown,Antony to UDF: don't get drunk on power
20010517,unknown,Master blaster first billionaire cricketer
20010517,unknown,Don't write us off; Musharraf tells US
20010517,unknown,Verdict a wake-up call; no threat: PM
20010517,unknown,Govt will fall under own weight: BMS
20010517,unknown,Buddhism Denied
20010517,unknown,Southern Cross
20010517,unknown,Cut and Thrust
20010517,unknown,Mother's Land
20010517,unknown,Two to Tatami
20010517,unknown,Wake to the Melody
20010517,unknown,Catch 'em Young
20010517,unknown,Reverence for Water
20010517,unknown,Hello; Hello; Earth Calling
20010517,unknown,Straight Answers
20010517,unknown,Abhishek Bachchan: Care for the aged!
20010517,unknown,Raakhee: Kabhie kabhie ek rishta bhi hota hai!
20010517,unknown,Akshay Kumar: Where the bagpiper leads!
20010517,unknown,Manoj Bajpai: Baal vivaah!
20010517,unknown,Cong must bring draft on Ram temple: Puri seer
20010517,unknown,Rama Devi questions CBI's credibility
20010517,unknown,Intelligence report raises alarm over Kishanganj trust
20010517,unknown,BPCC seeks PM's resignation
20010517,unknown,Matric results out; BSEB goes online
20010517,unknown,Dowry death accused creates scene in court
20010517,unknown,Bhojpur district board poll results announced
20010517,unknown,Ex-minister arrested on corruption charges
20010517,unknown,Crime rate soars; Goans seek 'cover'
20010517,unknown,Court will keep out of police probe
20010517,unknown,Pre-monsoon works begin
20010517,unknown,Debate on tax and hotel industry
20010517,unknown,We're not keen on ICC meet: Lele
20010517,unknown,Nellamakkada hockey set to enter Guinness Book
20010517,unknown,We're not keen on ICC meet: Lele
20010517,unknown,Wright has infused pride in team
20010517,unknown,Underdogs Pakistan banking on history
20010517,unknown,Nellamakkada hockey set to enter Guinness Book
20010517,unknown,Chess championship
20010517,unknown,Gulati shocks top seed
20010517,unknown,Jaya defends Governor's action
20010517,unknown,Cong to form govt with AIADMK support in Pondy
20010517,unknown,Karunanidhi pacifies cadres
20010517,unknown,Two to Tatami
20010517,unknown,Fardeen Khan: Experience makes one wiser!
20010518,unknown,Sangh sharpens knives against Vajpayee
20010518,unknown,Six Army officers in found guilty in Armsgate
20010518,unknown,Mohanty; Nehra back in team for Zimbabwe
20010518,unknown,India; China discuss Bush's missile shield
20010518,unknown,Antony sworn in Kerala chief minister
20010518,unknown,No dirty talk please; we're Indians
20010518,unknown,Rocky road ahead for India's first-ever CDS
20010518,unknown,A milestone in decision making
20010518,unknown,I&B ministry steals DFFI's thunder
20010518,unknown,SC says forfeit corrupt officers' property
20010518,unknown,Sangh sharpens knives against Vajpayee
20010518,unknown,Six Army officers in found guilty in Armsgate
20010518,unknown,Mohanty; Nehra back in team for Zimbabwe
20010518,unknown,India; China discuss Bush's missile shield
20010518,unknown,Antony sworn in Kerala chief minister
20010518,unknown,No dirty talk please; we're Indians
20010518,unknown,Rocky road ahead for India's first-ever CDS
20010518,unknown,A milestone in decision making
20010518,unknown,I&B ministry steals DFFI's thunder
20010518,unknown,SC says forfeit corrupt officers' property
20010518,unknown,Au revoir; Brajesh...
20010518,unknown,Passing Through
20010518,unknown,BSNL wary of pulling the plug on ministers
20010518,unknown,Defence scientists get pat on back
20010518,unknown,Clause to protect HCL jobs after sell-off
20010518,unknown,IT initiative lacks byte in UP
20010518,unknown,UPSRTC lost in Uttaranchal
20010518,unknown,Krishan Kumar takes over as DG; CPWD
20010518,unknown,Railways take passengers for a ride; literally
20010518,unknown,Jharkhand thinks big on IT; infrastructure
20010518,unknown,UP prepares rogues' gallery for engineers
20010518,unknown,4 AP ministers; 2 MLAs under Lokayukta lens
20010518,unknown,UP ministers live it up at public expense
20010518,unknown,Bengal govt spins a woeful pattern for weavers
20010518,unknown,Greens see red over project clearance norm changes
20010518,unknown,Regulatory reforms: State must still regulate
20010518,unknown,Public Eye: Who says India doesn't need a defence chief?
20010518,unknown,Then and now: A tale of freedom from bondage
20010518,unknown,Podium: Sanskrit? NCERT should also teach Santali or Kurux
20010518,unknown,Empty stomachs; packed godowns
20010518,unknown,Poverty of policy; scarcity of will
20010518,unknown,'It's a question of making the system work'
20010518,unknown,PDS a must
20010518,unknown,Targeting the poor
20010518,unknown,Food for the mouse
20010518,city.thiruvananthapuram,Antony is new CM
20010518,unknown,Passing Through
20010518,unknown,Greens see red over project clearance norm changes
20010518,city.bengaluru,Don't take that biscuit; you dope
20010518,city.bengaluru,'I've done my bit when it comes to preparing'
20010518,unknown,Regulatory reforms: State must still regulate
20010518,unknown,UPSRTC lost in Uttaranchal
20010518,unknown,Jharkhand thinks big on IT; infrastructure
20010518,unknown,Empty stomachs; packed godowns
20010518,unknown,Karunanidhi pacifies cadres
20010518,unknown,PDS a must'
20010518,city.bengaluru,He is etched in the chapters of Bangalore
20010518,unknown,Tabu: What's cooking?!
20010518,unknown,Nellamakkada hockey set to enter Guinness Book
20010518,unknown,Deprived of the benefit of enhanced gratuity
20010518,unknown,Railways take passengers for a ride; literally
20010518,city.bengaluru,Old homes live again as pubs; shops; restaurants
20010518,unknown,Jaya defends Governor's action
20010518,unknown,Then and now: A tale of freedom from bondage
20010518,city.bengaluru,CET students see a kind Karnataka
20010518,unknown,IT initiative lacks byte in UP
20010518,unknown,I&B ministry steals DFFI's thunder
20010518,unknown,Podium: Sanskrit? NCERT should also teach Santali or Kurux
20010518,unknown,Anand starts campaign with a draw
20010518,unknown,Anand starts campaign with a draw
20010518,unknown,Animals are silent sufferers at Bondla
20010518,unknown,Aryan: Shah Rukh's son to make his debut!
20010518,unknown,Defence scientists get pat on back
20010518,city.thiruvananthapuram,Cong 'groups' oppose Muraleedharan's leadership
20010518,unknown,Employers better listen to court orders
20010518,unknown,Bengal govt spins a woeful pattern for weavers
20010518,unknown,UP ministers live it up at public expense
20010518,unknown,I've done my bit when it comes to preparing'
20010518,unknown,IFA calls off India Cup
20010518,unknown,Atwal earns share of first round lead
20010518,unknown,A milestone in decision making
20010518,city.thiruvananthapuram,I have a Herculean task ahead: Antony
20010518,unknown,BSNL wary of pulling the plug on ministers
20010518,city.bengaluru,CET results to be announced on June 10
20010518,city.bengaluru,Two terrific cuisines
20010518,city.thiruvananthapuram,Strict financial discipline need of the hour'
20010518,city.bengaluru,2 arrested for selling fake CET question papers
20010518,unknown,Au revoir; Brajesh...
20010518,city.bengaluru,Task forces to check pollution
20010518,unknown,4 AP ministers; 2 MLAs under Lokayukta lens
20010518,unknown,Slide from the top
20010518,unknown,Clause to protect HCL jobs after sell-off
20010518,city.bengaluru,Petition challenging budget proposal adjourned
20010518,unknown,Public Eye: Who says India doesn't need a defence chief?
20010518,city.bengaluru,Krishna waters: State plans contempt plea against AP
20010518,unknown,'I've done my bit when it comes to preparing'
20010518,city.bengaluru,He believes in making customers happy
20010518,unknown,Prakash itching to bulge the net
20010518,city.bengaluru,Cottonpet: The bustle of the bazaar
20010518,city.bengaluru,Second day hassle-free
20010518,city.bengaluru,Will for sale at just Rs 15;000
20010518,unknown,UP prepares rogues' gallery for engineers
20010518,unknown,Krishan Kumar takes over as DG; CPWD
20010518,unknown,Poverty of policy; scarcity of will
20010518,city.bengaluru,Krishna will not meet M'rashtra CM over border issue
20010518,unknown,Targeting the poor
20010518,city.bengaluru,100 Feet Road: Craft shops on a tree-lined stretch
20010518,unknown,Cong to form govt with AIADMK support in Pondy
20010518,city.bengaluru,Chasing a thousand-rupee note
20010518,unknown,Food for the mouse
20010518,unknown,SC says forfeit corrupt officers' property
20010518,unknown,Rocky road ahead for India's first-ever CDS
20010518,city.bengaluru,B'lore to have three automated parking lots
20010518,city.bengaluru,BCC to clean Ulsoor lake
20010519,entertainment.hindi.bollywood,Ek Rishtaa
20010519,unknown,Pragmatism Pays
20010520,unknown,A Sentimental Education
20010520,only-in-america,The Indians are coming! The Indians are coming!
20010520,jugular-vein,The last Yeti
20010522,city.pune,She turned and fought
20010522,business.india-business,Re-negotiation best: Deshmukh; lenders' SOS to Centre
20010522,unknown,Samata leaves decision to George
20010522,unknown,MEA goofs on Taliban 'decree' against Hindus
20010522,unknown,PM allays fears on farmers' rights under WTO
20010522,unknown,Laloo bowls for 'sadbhawna' between India; Pak
20010522,unknown,Shuttle Diplomacy
20010522,unknown,Business Unusual
20010522,unknown,Patient Process
20010522,unknown,Kentucky Recipe
20010522,unknown,Freedom and Faith
20010522,unknown,Bhavabhuti's Sita: A Woman of Substance
20010522,unknown,No-frills Narayan
20010522,unknown,Universal Faith
20010522,unknown,Straight Answers
20010522,unknown,STF chief scrapes through road accident
20010522,unknown,BJP falls by the wayside
20010522,unknown,400;000 Australians fast for Indian bonded children
20010522,unknown,CM sets the police on VIPs
20010522,unknown,RBI asked to probe bank scam
20010522,unknown,Govt; Konkan Rail Corporation don't see eye to eye
20010522,unknown,Goa gives Rs 10 cr more for Tillari project
20010522,unknown,Police to target 'matka' kingpins
20010522,unknown,CM to be briefed on road works
20010522,unknown,Kasparov; Kramnic make a winning start
20010522,unknown,Top amateurs leave for Malaysia
20010522,unknown,Tempt Me Not wins Jayachamraja Wadiyar Cup
20010522,unknown,Baichung not to play in Merdeka Cup
20010522,unknown,Top amateurs leave for Malaysia
20010522,unknown,Govt lifts port-linked curbs on imports
20010522,unknown,RIL plans to mop up to Rs 1;000cr
20010522,unknown,Re-negotiation best: Deshmukh; lenders' SOS to Centre
20010522,unknown,Jet; Sahara to wait & watch
20010522,unknown,Samsung says hello to cellular unit in India
20010522,unknown,Eicher crashes into the red; to cut 200 jobs
20010522,unknown,NeIndo Rama posts Rs18cr net
20010522,unknown,Russia launches space station supply vessel
20010522,unknown,Chinese HIV+ family seek compensation
20010522,unknown,Cars might be manufactured from cannabis
20010522,unknown,Trapped climber saved by RAF text message
20010522,unknown,Blair pledges health care boost
20010522,unknown,Unexpected fish lurking in Sydney harbour
20010522,unknown,Steps to categorise world wide banana varieties
20010522,unknown,Cyber-squatting of the patriotic kind?
20010522,unknown,Narayana Murthy - IT industry's superstar
20010522,unknown,SAD PAC to mull selection of RS candidate today
20010522,unknown,1 dead; 2 injured as bomb from scrap explodes
20010522,unknown,'Punjab ministers don't pay income tax'
20010522,unknown,HVPN removes peak load restrictions on industry
20010522,unknown,'Anti Terrorism Day' observed
20010522,unknown,PU Library will go down in flames in case of fire
20010522,unknown,Amarinder releases 7-point-programme
20010522,unknown,We will bring back our men from Baluchistan
20010522,city.patna,Primary teaching suffers as ban remains ineffective
20010522,home.science,Trapped climber saved by RAF text message
20010522,city.patna,Ailing tigress not responding to medication
20010522,city.mumbai,A private affair for Ashutosh; Renuka
20010522,city.chandigarh,'Anti Terrorism Day' observed
20010522,unknown,RBI asked to probe bank scam
20010522,unknown,Baichung not to play in Merdeka Cup
20010522,city.chandigarh,We will bring back our men from Baluchistan'
20010522,city.pune,Pune has lost a good; tough; clean friend
20010522,city.mumbai,Use technology; cut costs is new corporate credo
20010522,city.chandigarh,HVPN removes peak load restrictions on industry
20010522,unknown,400;000 Australians fast for Indian bonded children
20010522,city.pune,Vajpayee government directionless: Pawar
20010522,unknown,CM sets the police on VIPs
20010522,city.pune,Confusion prevails over tackling cyber crime
20010522,unknown,Govt; Konkan Rail Corporation don't see eye to eye
20010522,business.india-business,Samsung says hello to cellular unit in India
20010522,home.science,Steps to categorise world wide banana varieties
20010522,city.patna,Marwari Sammelan demands arms licenses
20010522,city.chandigarh,Punjab to get Rs 1 crore Central loan for fishery
20010522,city.chandigarh,Family drown as car plunges into river
20010522,city.patna,Laloo for Indo-Pak cricket match in Patna
20010522,city.pune,Family at law
20010522,business.india-business,Govt lifts port-linked curbs on imports
20010522,city.pune,Resurrection!
20010522,edit-page,Freedom and Faith
20010522,city.mumbai,More financial aid for food processing industry: CM
20010522,unknown,CM to be briefed on road works
20010522,unknown,Goa gives Rs 10 cr more for Tillari project
20010522,unknown,Police to target 'matka' kingpins
20010522,edit-page,Business Unusual
20010522,unknown,Cyber-squatting of the patriotic kind?
20010522,city.chandigarh,'Punjab ministers don't pay income tax'
20010522,city.pune,One Pune's roads; right is might
20010522,city.pune,'Enron's allegations will hurt foreign investment'
20010522,city.mumbai,Space show in city from May 29
20010522,business.india-business,RIL plans to mop up to Rs 1;000cr
20010522,city.pune,Gliders take to the skies again
20010522,edit-page,Universal Faith
20010522,unknown,STF chief scrapes through road accident
20010522,city.mumbai,Voter apathy helps BMC corporatise graft
20010522,home.science,Cars might be manufactured from cannabis
20010522,city.chandigarh,UT admn sets up committee to decide property tax
20010522,unknown,Kasparov; Kramnic make a winning start
20010522,edit-page,Patient Process
20010522,business.india-business,Eicher crashes into the red; to cut 200 jobs
20010522,city.chandigarh,Amarinder releases 7-point-programme
20010522,city.thiruvananthapuram,BJP falls by the wayside
20010522,city.chandigarh,1 dead; 2 injured as bomb from scrap explodes
20010522,unknown,Top amateurs leave for Malaysia
20010522,unknown,Tempt Me Not wins Jayachamraja Wadiyar Cup
20010522,city.chandigarh,Rains bring cheer to PSEB as peak demand dips
20010522,city.mumbai,Ketan Parekh; Pandya granted bail
20010522,city.pune,Women activists destroy three hooch dens
20010522,city.mumbai,Centre waiting for BMC; MPCB reports on sewage seeping
20010522,city.patna,Sharad defends hike in IA fares
20010522,edit-page,Bhavabhuti's Sita: A Woman of Substance
20010522,unknown,Straight Answers
20010522,home.science,Blair pledges health care boost
20010522,unknown,Shuttle Diplomacy
20010522,city.patna,Lalit Yadav; associates acquitted in Baitha torture case
20010522,home.science,Unexpected fish lurking in Sydney harbour
20010522,city.mumbai,Food; water samples to be tested at BMC lab
20010522,city.chandigarh,Hafed heads procurement list
20010522,business.india-business,Indo Rama posts Rs18cr net
20010522,city.patna,CM for timely completion of anti-flood schemes
20010522,city.patna,Police fail to arrest accused in Kamalia case
20010522,city.patna,Munger trader shot in busy market area
20010522,home.science,Chinese HIV+ family seek compensation
20010522,business.india-business,Jet; Sahara to wait & watch
20010522,city.pune,Salaam; doctor
20010522,edit-page,Kentucky Recipe
20010522,city.chandigarh,PU Library will go down in flames in case of fire
20010522,city.chandigarh,SAD PAC to mull selection of RS candidate today
20010522,edit-page,No-frills Narayan
20010522,home.science,Russia launches space station supply vessel
20010525,entertainment.english.hollywood,What Women Want
20010527,city.bengaluru,Need to boost exports; says bank head
20010527,unknown,Copycat Culture?
20010527,unknown,Ironical
20010527,city.bengaluru,Work on Bantwal-Mysore highway to begin in Sept
20010527,city.bengaluru,His El Dorado
20010527,unknown,A rightly predicted Hrithik Roshan
20010527,unknown,Shah Rukh Khan loses out on Ghai's film
20010527,edit-page,Hobbes' Mistake - The Rational Case For Anarchy
20010527,city.bengaluru,Drive to promote Karnataka as tourist hotpot
20010527,edit-page,Glass Struggle
20010527,unknown,Straight Answers
20010527,jugular-vein,Poes and con
20010527,city.bengaluru,Poisoning killed mass death of fish
20010527,city.bengaluru,Fishermen net big haul from KRS dam temple
20010527,edit-page,Taoist Approach to Resolving Conflict
20010527,unknown,Karan Nath has reasons to celebrate
20010527,unknown,Jaya effects major administrative shake-up
20010527,city.thiruvananthapuram,12 join Antony Cabinet
20010527,city.bengaluru,Ex-MLA warns against quotas
20010527,city.bengaluru,CM to lay foundation for state-of-the-art hospital
20010527,unknown,Enron Wrangle
20010527,unknown,What Ethics?
20010527,unknown,Gulshan Grover keeps 'pretty' company
20010527,city.thiruvananthapuram,Fresh bilateral pacts for Kochi airport soon
20010527,city.bengaluru,Vet clinics get Rs 25 lakh drugs
20010527,edit-page,Pilgrim's Progress
20010527,city.thiruvananthapuram,New minister seeks everybody's blessings
20010527,city.bengaluru,SC/ST colonies to get computer; wire news
20010527,city.bengaluru,Gravedigger wants help to educate daughters
20010527,city.bengaluru,RBI plans drive to end coin shortage
20010527,city.bengaluru,What on earth is happening in Veerappan territory?
20010527,city.bengaluru,From diplomacy to wireless space
20010527,edit-page,Uncivil Rites
20010527,city.bengaluru,Words of wisdom from the Amul man
20010527,city.bengaluru,Water adalats to handle all problems
20010527,edit-page,Play Straight
20010527,edit-page,The Shehtoot Tree
20010527,city.bengaluru,Housewife sets herself ablaze
20010527,city.bengaluru,Minister warns officials against negligence
20010528,unknown,Marriage and work does wonders to Ashutosh Rana
20010528,city.delhi,Students retain hope in IT industry
20010528,city.mumbai,Fire N Ice owner Rajiv Shah; 7 others arrested
20010528,city.bengaluru,When the Sappers made Ulsoor lake breathe
20010528,unknown,Order on foreigners in India to be re-examined
20010528,unknown,Gujarat braces as cyclone gathers strength
20010528,unknown,Move over Tweetie; Kalia the Crow's coming
20010528,unknown,Enron Wrangle
20010528,unknown,Chasing the Crab
20010528,unknown,Defusing Dabhol
20010528,unknown,The Garden Path
20010528,unknown,The Return of Intifada
20010528,unknown,All the World In a Basket!
20010528,unknown,Uniform 2 Business
20010528,unknown,Cool Balance
20010528,unknown,Understanding AIDS
20010528,unknown,Straight Answers
20010528,unknown,Tempt Me Not wins Wadiyar Cup
20010528,unknown,Uebel; Auckland get top billing
20010528,unknown,Many get the stick as AIADMK comes back
20010528,unknown,New police commissioner for Coimbatore
20010528,unknown,Has Antony resigned himself to fate?
20010528,unknown,She died after a year in coma
20010528,unknown,Buses stopped; tourists' belongings stolen
20010528,unknown,Hawaldar suspended for misusing power
20010528,unknown,One-month-old to undergo surgery
20010528,unknown,Rain; thunder showers forecast
20010528,unknown,Get tipsy; but not in unlicensed dhaba
20010528,unknown,Airport: Consortium to be chosen soon
20010528,unknown,Builders giving go-by to bye-laws
20010528,unknown,Planning for yesterday: Isn't that a contradiction?
20010528,unknown,Optic fibre plant at Bommasandra soon
20010528,unknown,Commercial tax department computerised
20010528,unknown,Russian universities seek Indian students
20010528,unknown,Doctor-gentleman of a different era
20010528,unknown,Hunt on for next principal chief conservator
20010528,unknown,Sanjay's new serial to focus on Sepoy Mutiny
20010528,unknown,Homes that silence their juvenile exuberance
20010528,unknown,Offshore seismic survey for oil; gas begins tomorrow
20010528,unknown,Business is bad in old commercial hub
20010528,unknown,This Jeeves can get you sitaphal or kharabhath
20010528,unknown,Veena; flute make a therapeutic comeback
20010528,unknown,Now; a phone inbox that will keep your messages
20010528,business.india-business,Auto body drives in new classification norms
20010528,city.mumbai,Bhujbal; Chavan clash over tax break for multiplexes
20010528,city.chandigarh,AICC to probe Amrinder's role in case against Bhattal
20010528,city.pune,Providing the best to Pune
20010528,city.bengaluru,Get tipsy; but not in unlicensed dhaba
20010528,city.bengaluru,Planning for yesterday: Isn't that a contradiction?
20010528,city.pune,A tribute to an institution and friend called Kasam
20010528,city.patna,Dacoits kill two; injure five in Rohtas
20010528,business.india-business,Are US 64's sunny days over?
20010528,india,Govt to modernise Army ordnance depots
20010528,city.bengaluru,Thieves' bid to rob ends in nought
20010528,business.india-business,DPC may contest MERC jurisdiction
20010528,city.bengaluru,CM to lay foundation for eye hospital in Mysore
20010528,city.lucknow,Cong to focus on women empowerment
20010528,city.bengaluru,Semester system will help students; teachers
20010528,city.mumbai,State one up on AP in IT sector; claims minister
20010528,city.pune,Signed; sealed and decorative
20010528,city.delhi,SI suspended
20010528,unknown,New police commissioner for Coimbatore
20010528,city.lucknow,Postal hike may not find too many buyers
20010528,city.patna,Ramai's revolt fizzles out
20010528,business.india-business,Brave new biotech
20010528,city.kolkata,Decentralisation has not come about in the health sector
20010528,unknown,Copycat Culture?
20010528,business.india-business,The beginning of salary fall?
20010528,city.bengaluru,Signboards removed
20010528,unknown,Cupid comes calling on Preity Zinta again
20010528,city.thiruvananthapuram,Has Antony resigned himself to fate?
20010528,city.delhi,One dead in wall collapse at Cong office
20010528,city.mumbai,State moves to grow more medicinal herbs under EGS
20010528,city.pune,Laser treatment: much more than beauty therapy
20010528,city.lucknow,Private houses asked to help clean environment
20010528,city.bengaluru,Homes that silence their juvenile exuberance
20010528,unknown,TULF assails Govt over LTTE ban issue
20010528,city.delhi,Autopsy report confirms murder
20010528,india,Priyanka is the Cong trump card: Ajit Jogi
20010528,unknown,Ironical
20010528,city.patna,Berth quota for Gaya raised in many trains
20010528,city.mumbai,Mumbaiites to take traffic rules head on
20010528,unknown,Zee and the art of programming a turnaround
20010528,city.kolkata,5 tribals killed and 40 injured in highway mishap
20010528,city.bengaluru,Copter rains flowers on Jain devotees
20010528,city.bengaluru,Chithra Shenoy shines
20010528,city.bengaluru,This Jeeves can get you sitaphal or kharabhath
20010528,city.bengaluru,Offshore seismic survey for oil; gas begins tomorrow
20010528,business.india-business,DGCA proposal on airfares upsets airlines
20010528,city.lucknow,Power cuts add to city's woes
20010528,city.kolkata,New food minister is without an office
20010528,city.delhi,CBI seeks MEA file in Pillai death case
20010528,business.india-business,Zee and the art of programming a turnaround
20010528,city.bengaluru,Missing girls traced; brought back
20010528,city.delhi,Taxi driver robbed
20010528,city.bengaluru,Tree smuggling racket busted
20010528,city.delhi,US-based firm allowed to be impleaded as a party in a PIL
20010528,city.kolkata,Differing population growth figure in West Bengal
20010528,unknown,Rain; thunder showers forecast
20010528,india,Bengal to revamp wildlife protection squad
20010528,city.kolkata,Delay in Haldia commissioning may be costly
20010528,city.bengaluru,Business is bad in old commercial hub
20010528,india,Ayodhya may force BJP to advance UP poll
20010528,city.pune,The heart of the matter
20010528,city.lucknow,Hyderabadi battles Russian over Lucknow skyline
20010528,edit-page,Uniform 2 Business
20010528,city.bengaluru,Forty Plus? Life begins now
20010528,city.delhi,Man held for cheating investors of Rs 1.5 cr
20010528,india,Gujarat braces as cyclone gathers strength
20010528,city.bengaluru,Commercial tax department computerised
20010528,city.bengaluru,Russian universities seek Indian students
20010528,city.bengaluru,First consignment of areca to Pak soon
20010528,india,3 new frigates to strengthen Indian Navy
20010528,india,Plea in SC challenges reservations
20010528,city.mumbai,Talk of Advani becoming dy PM an attempt to divide BJP
20010528,city.bengaluru,Clean Bellary Project gets underway
20010528,city.bengaluru,Sanjay's new serial to focus on Sepoy Mutiny
20010528,business.india-business,Learn to check a right ISI mark
20010528,city.lucknow,Vajpayee's letter to Musharraf angers Mulayam
20010528,unknown,Buses stopped; tourists' belongings stolen
20010528,city.delhi,Many city policemen remain deprived of houses
20010528,city.patna,Bihar govt mishandled Baitha case: Modi
20010528,india,Kashmiri Sikhs protest forced entry into Sikh home
20010528,unknown,Coke ropes in TV anchor Sajid Khan
20010528,city.delhi,Khoda rots as Noida; Ghaziabad disown colony
20010528,unknown,Straight Answers
20010528,edit-page,The Garden Path
20010528,city.patna,NACO declares HIV; AIDS epidemics
20010528,city.bengaluru,Now; a phone inbox that will keep your messages
20010528,city.bengaluru,Veena; flute make a therapeutic comeback
20010528,city.lucknow,Unnao factory toll rises to 9; probe ordered
20010528,city.delhi,DDA begins first mega project in Dwarka
20010528,unknown,One-month-old to undergo surgery
20010528,unknown,Learn to check a right ISI mark
20010528,unknown,Controversies bog Daler Mehendi of late
20010528,city.kolkata,State school education department achieves landmark
20010528,city.lucknow,BJP legislators waiting to switch loyalty
20010528,city.bengaluru,Meet on periodontics organised
20010528,unknown,What is the role of a regulator?
20010528,city.delhi,Delhi becoming centre for banned animal items trade
20010528,unknown,Hawaldar suspended for misusing power
20010528,city.delhi,Net result: CBSE expects record hits
20010528,city.bengaluru,Builders giving go-by to bye-laws
20010528,business.india-business,MSEB plans an acid test for DPC Phase II
20010528,city.bengaluru,Optic fibre plant at Bommasandra soon
20010528,city.kolkata,Dangerous liaisons
20010528,edit-page,Defusing Dabhol
20010528,india,MPs riling Reliance now back off
20010528,city.bengaluru,Meet on agro-informatics in Dharwad from June 3
20010528,city.mumbai,Academicians wary of UGC's plans for courses in human consciousness
20010528,city.pune,The lady with the golden voice
20010528,edit-page,All the World In a Basket!
20010528,unknown,What Ethics?
20010528,edit-page,The Return of Intifada - Fight to the Finish in West Asia
20010528,unknown,Enron Wrangle
20010528,city.bengaluru,Airport: Consortium to be chosen soon
20010528,city.bengaluru,Give us jobs; say displaced families
20010528,city.delhi,Woman gives forged death certificate of accused son
20010528,city.delhi,13 hurt in factory fire in Noida
20010528,city.ahmedabad,Sans shelter; Kutchis told to lie prostrate
20010528,india,India-Bangladesh drag their feet on talks
20010528,city.patna,Minister's remark not baseless; says FCI official
20010528,city.kolkata,State to revamp SAS for wildlife protection
20010528,city.pune,UWA celebrates 50 years of commitment
20010528,edit-page,Chasing the Crab
20010528,unknown,Software pros look to Switzerland; quota up by 11;000
20010528,city.lucknow,65;000 candidates to take IIIT exams on May 30
20010528,city.bengaluru,Hunt on for next principal chief conservator
20010528,city.delhi,Smuggled wheat flowing into city markets
20010528,city.pune,Keeper of a nation's goal
20010528,unknown,Uebel; Auckland get top billing
20010528,india,CBI probing A-I's Mascarenhas
20010528,unknown,She died after a year in coma
20010528,city.pune,Marathi theatre has been too complacent and self-congratulatory
20010528,city.bengaluru,Rs 40 lakh grant to complete 86 school buildings
20010528,city.bengaluru,Workshop on challenges before dalits today
20010528,city.pune,The blind can now read... and it's not Braille
20010528,city.lucknow,Ram temple construction to begin by March 2002: VHP
20010528,unknown,Many get the stick as AIADMK comes back
20010528,unknown,Understanding AIDS
20010528,city.patna,I pity the Taliban; says Buddhist scholar
20010528,city.kolkata,Series on police stations: Amherst Street Police Station
20010528,city.delhi,Four hurt in clash at Preet Vihar
20010528,edit-page,Cool Balance
20010528,city.delhi,HC notices to Centre; ASI; Delhi govt on encroachment
20010529,city.bengaluru,US visit won't be piece of cake for Krishna
20010529,city.ahmedabad,Cyclone heading straight for Dwarka
20010529,unknown,India rules out referendum in Kashmir
20010529,unknown,President's rule likely in Manipur
20010529,unknown,Shabir puts fresh terms as Pant arrives in Valley
20010529,unknown,Net result: CBSE website a big hit
20010529,unknown,Doordarshan Metro is up for grabs
20010529,unknown,You've got junk mail; they've got business
20010529,unknown,Dirty Business
20010529,unknown,Jaya wants corruption cases against MK reopened
20010529,unknown,Rotten potatoes are precious for him
20010529,unknown,Take the High Road
20010529,unknown,Maintenance Matters
20010529,unknown,Cabbages and Kings
20010529,unknown,Earthquake Relief
20010529,unknown,Gibran's Verses Give Unfailing Solace
20010529,unknown,Welcoming the General
20010529,unknown,Haste Makes Waste
20010529,unknown,The Power of None
20010529,unknown,Straight Answers
20010529,unknown,US visit won't be piece of cake for Krishna
20010529,unknown,Elderly woman; maid bludgeoned to death
20010529,unknown,Are murders petty crimes; Mr Chief Minister?
20010529,unknown,Mussanje adjudged best Kannada film
20010529,unknown,Where have the good films gone; rues Sathyu
20010529,unknown,Jakkur airfield may become history
20010529,unknown,Going places: A journey of the muse
20010529,unknown,Women take to hard crime
20010529,unknown,A dream came true in that operating theatre
20010529,unknown,Madivala lake: Where are the birds?
20010529,unknown,For lake's sake: The saga of a struggle
20010529,unknown,Sankey tank: Fairly clean
20010529,unknown,Bellandur: A lake or a drain?
20010529,unknown,Hebbal lake: Getting help from HELPA
20010529,unknown,Ulsoor lake: Clogged lung space
20010529,unknown,Braveheart
20010529,unknown,Dirty Business
20010529,india,Rs 280 cr sanctioned to modernise ordnance depots
20010529,city.lucknow,SP flays UGC decision on Sanskrit classes
20010529,city.bengaluru,40 informal schools to be set up for child workers
20010529,city.mumbai,Probe ordered into collapse of storm gate
20010529,city.patna,Dalit Muslims join reservation issue; demand share
20010529,city.delhi,BJP prepares own report on MCD breakup
20010529,business.india-business,Ashok Leyland to cut jobs; divisions
20010529,city.lucknow,Miscreants deprive trader of Rs 7 lakh
20010529,city.delhi,Hard work and play; key to toppers' success
20010529,unknown,Five movies worth waiting for
20010529,india,Govt employees' national strike on July 25
20010529,india,DD Metro is up for grabs
20010529,edit-page,Cabbages and Kings
20010529,city.patna,Controversies dog panchayat poll counting
20010529,city.kolkata,Public enterprises in state limping back to normalcy
20010529,city.hyderabad,Pulichintala visit
20010529,india,BMS; Left to oppose defence privatisation
20010529,unknown,Dacoities: Police teams for 2 states
20010529,city.delhi,CBI closes cheating case against MEA officials
20010529,city.bengaluru,Hebbal lake: Getting help from HELPA
20010529,city.bengaluru,Action ordered against 'greedy' schools
20010529,city.bengaluru,Kempaiah assumes charge
20010529,city.lucknow,LESA task force for power woes
20010529,city.delhi,Girl commits suicide after failing in Board exams
20010529,city.delhi,Gadgets as guards? Lock kiya jaye!
20010529,city.mumbai,Mirror; mirror on the wall; who's the hottest of them all?
20010529,india,Indo-Pak ties: From peace-pipe to pipeline
20010529,business.india-business,'Fixing of former DSE ED Sodhi's pay package lacks transparency'
20010529,city.bengaluru,Jakkur airfield may become history
20010529,unknown,Lankans feel Kumaratunga still the best bet
20010529,city.bengaluru,Clothes worth Rs 10 lakh gutted
20010529,city.pune,Lethal with a canon
20010529,city.mumbai,FIs seek guarantee from Daewoo Corporation
20010529,city.lucknow,Zoo move to educate children about wildlife
20010529,unknown,Satyam says it may face manpower problems
20010529,city.bengaluru,Going places: A journey of the muse
20010529,city.lucknow,Nritya Gopal Das hurt in bomb attack
20010529,unknown,Bush confused; unprincipled: Jiang
20010529,unknown,All for meaningful Cinema
20010529,city.hyderabad,RTA agents provide help at a pricey premium
20010529,unknown,Jaya wants corruption cases against MK reopened
20010529,cricket,Dighe's is a sweet and sour story
20010529,city.delhi,Four-pronged strategy needed for quakes: Jagmohan
20010529,city.delhi,Wah India asked to publish apology in 5 dailies
20010529,unknown,Ironical
20010529,city.patna,MP's stir worsens power crisis in Madhubani
20010529,edit-page,Haste Makes Waste
20010529,city.kolkata,Panja not in Trinamul delegation to meet President
20010529,city.mumbai,Illegal quarrying defaces city's green spot
20010529,city.delhi,MCD to privatise maintenance of street lights
20010529,city.lucknow,Govt grilled for misuse of funds by ministers
20010529,city.patna,BCCL fire gives rise to suspicion
20010529,india,Cong launches fresh assault on Babri Masjid issue
20010529,city.patna,JSEB chairman asks for transfer of BSEB employees
20010529,city.lucknow,Dismal health scenario for women in UP
20010529,city.lucknow,Several Congress men join SP
20010529,city.kolkata,Mamata at political cross-roads
20010529,city.delhi,Delhi Police team to assist Tehelka probe
20010529,unknown,Saurav and Donna happy at last
20010529,unknown,Strong willed Gill
20010529,city.delhi,Govt drags feet on changing farmland succession law
20010529,edit-page,Welcoming the General
20010529,city.bengaluru,Stamp of identity: Inventors seek patents
20010529,city.bengaluru,Govt to build houses under WB scheme
20010529,cricket,Lankan match-fixing report by mid June
20010529,city.bengaluru,Concern over attack on film crew
20010529,city.delhi,Man held for cheating investors of Rs 1.5 cr
20010529,city.delhi,BJP protests against hike in power tariff
20010529,india,CBI vetting papers in Mascarenhas case
20010529,city.patna,Lack of funds hit artificial insemination centres
20010529,city.hyderabad,Congress forum ups the ante on Telangana
20010529,city.bengaluru,A dream came true in that operating theatre
20010529,city.delhi,CBSE results: 3 super-ability schools lead the fray
20010529,city.kolkata,CPI(ML) to organise like-minded parties against liberalisation
20010529,city.delhi,Callers using PCOs have to put their details in log book
20010529,city.patna,Minister Ramai Ram's revolt fizzles out
20010529,edit-page,Maintenance Matters
20010529,city.mumbai,Banks lend support to heritage sites
20010529,city.kolkata,Leading industrialist R P Goenka meets CM
20010529,city.hyderabad,Drive for improving emergency services in India
20010529,city.lucknow,CM meets farmer representatives
20010529,city.delhi,Govt vs private schools: The results say it all
20010529,unknown,Are you doing enough?
20010529,unknown,Lucent to expand channel network in India
20010529,business.india-business,DD Metro is up for grabs
20010529,unknown,Britain hopeful on Vajpayee-Musharraf meet
20010529,city.lucknow,IGNOU team visits UPTRON ACL
20010529,city.pune,Workshop underscores importance of mental health
20010529,business.india-business,DPC signals climb down; sees scope to cut power tariffs
20010529,edit-page,Gibran's Verses Give Unfailing Solace
20010529,unknown,A match fixed in heaven
20010529,city.lucknow,Early monsoon likely in Uttar Pradesh
20010529,city.bengaluru,Environment awards announced
20010529,city.bengaluru,Kunde Habba: Tribals make merry
20010529,city.delhi,Wah India case: Who are these lawyers?
20010529,india,BJP; Samata to stay out of Manipur govt
20010529,city.patna,MCC storms police station; constable killed
20010529,city.lucknow,Eye hospital in pathetic condition
20010529,unknown,Tamil Tigers blame Govt for impasse
20010529,unknown,Anil Kapoor locked in his bedroom
20010529,city.bengaluru,Minister orders action against engineer
20010529,unknown,Four govt offices to shift
20010529,city.mumbai,Municipal Corp to launch new pilot plan
20010529,unknown,6 inches of rain in Goa
20010529,india,VHP to begin Ram temple construction in March 2002
20010529,city.bengaluru,Ulsoor lake: Clogged lung space
20010529,city.bengaluru,BCC approves bridges at railway crossings
20010529,india,Jaya to ask PM to revive graft case against Karunanidhi
20010529,city.bengaluru,Bellandur: A lake or a drain?
20010529,city.bengaluru,Mine workers protest sacking
20010529,city.mumbai,Worli seawall in decrepit state
20010529,city.mumbai,Residents upbeat about Premier's second coming
20010529,city.bengaluru,Flashback time: remembering Jim Corbett
20010529,city.hyderabad,Oracle to invest $15m in development centre
20010529,india,Foreigners' order to be reviewed
20010529,city.lucknow,Dismissal order should not be passed in hurry:HC
20010529,city.mumbai,Bitter-sweet justice for Mithaiwala
20010529,city.mumbai,Govt directive to implement Maharashtra Groundwater Act
20010529,city.mumbai,Glaxo to introduce anti-smoking drug
20010529,india,India will shelter those who flee Taliban
20010529,city.bengaluru,Prof CDN turns 80; felicitated
20010529,city.bengaluru,Legislature session from July 11
20010529,city.bengaluru,Madivala lake: Where are the birds?
20010529,business.india-business,Satyam says it may face manpower problems
20010529,city.bengaluru,Sankey tank: Fairly clean
20010529,city.mumbai,Straight Answers
20010529,city.delhi,Hotel Delhi: In the line of fire & ire
20010529,unknown,Small B's mom does have him
20010529,city.bengaluru,Constitutional rights of dalits at stake
20010529,business.india-business,M&M net dips 54%; to keep payout at 55%
20010529,city.kolkata,Left re-nominates Hasim Abdul as Speaker
20010529,edit-page,Earthquake Relief - Survivors Need Half-Way Homes
20010529,city.bengaluru,Railway staff plan protest week
20010529,unknown,Heal the world make it a better place
20010529,unknown,The right move
20010529,city.kolkata,Two die after consuming poisonous mushroom
20010529,city.delhi,Plan to privatise liquor vends scrapped
20010529,business.india-business,Better late than never; NID takes on a new design
20010529,city.delhi,Getting a CNG refill is a torturous task
20010529,city.bengaluru,67 revenue employees suspended for forgery
20010529,india,Qazi adopts cautious stance towards talks
20010529,city.mumbai,Bharat Shah's son released on bail
20010529,city.pune,In the picture
20010529,india,The junk that means business for advertisers
20010529,city.mumbai,Colleges seek qualified teaching staff
20010529,city.lucknow,MP sanctions Rs 1.4 cr for roads
20010529,city.ahmedabad,Cyclone likely to strike Gujarat coast on Tuesday
20010529,city.lucknow,Attack on mahant to vitiate communal harmony
20010529,business.india-business,Sensex stays in the bull zone; gains 60 points
20010529,city.patna,Withdrawal of trains may cause a row
20010529,city.pune,Seshan's wit sparkles at SIMC orientation
20010529,unknown,My dad said we should be the best
20010529,city.mumbai,FIR against Tyagi a relief for human rights activists
20010529,city.bengaluru,HC directs KGF to release salaries for March
20010529,city.bengaluru,Mussanje adjudged best Kannada film
20010529,unknown,Kamini surprises Manju
20010529,india,Quick breakthrough unlikely: Pak envoy
20010529,city.bengaluru,Fleeing dacoits kill man
20010529,city.kolkata,Kanoria Jute Mill workers to launch militant trade unionism
20010529,city.bengaluru,Govt warning on potholes
20010529,city.hyderabad,Training programme on aromatic plants
20010529,unknown,Sparks likely to fly in Assembly
20010529,city.hyderabad,Left to launch campaign for a united state
20010529,city.kolkata,Avoid the media; Left Front's new mantra
20010529,city.delhi,CBSE results: Capital performs a wee bit better
20010529,city.bengaluru,Rotary award for Dharwad doctor
20010529,india,Hurriyat should not be made part of talks: CWC
20010529,unknown,Straight Answers
20010529,city.bengaluru,5 principals suspended for SSLC fiasco
20010529,unknown,Tushar's vibrant resonance
20010529,india,Govt fritters chances of a dialogue on big dams
20010529,city.bengaluru,Elderly woman; maid bludgeoned to death
20010529,business.india-business,SAIL cuts losses by half
20010529,city.bengaluru,Women take to hard crime
20010529,city.bengaluru,Corruption paralyses Shimoga hospital
20010529,unknown,Fardeen did it on a whim
20010529,city.patna,Fate of BNMU P-G students hangs in balance
20010529,city.bengaluru,Are murders petty crimes; Mr Chief Minister?
20010529,india,Amnesty trying to save death row prisoner
20010529,city.pune,No underworld influence in business: Builders
20010529,city.kolkata,Population growth figures differ in West Bengal districts
20010529,india,Shabir puts fresh terms as Pant arrives in Valley
20010529,city.bengaluru,Handover of heritage circles draws flak
20010529,unknown,Goa finds IT hard to resist
20010529,unknown,Rotten potatoes are precious for him
20010529,unknown,Get Real
20010529,unknown,Kuerten rises but Venus and Mauresmo fall
20010529,unknown,Pampered on the sets with food
20010529,city.mumbai,No raindrops on your head
20010529,city.bengaluru,For lake's sake: The saga of a struggle
20010529,city.hyderabad,We may face manpower problems; says Satyam
20010529,city.lucknow,UN environment programme inducts ITRC
20010529,india,Jaswant against Musharraf meeting Hurriyat
20010529,edit-page,Take the High Road
20010529,city.bengaluru,31 colleges face the axe
20010529,city.bengaluru,Civic polls: Independent emerges winner
20010529,business.india-business,Driving at a low gear
20010529,city.lucknow,Statement on teachers' salary ordered
20010529,city.mumbai,Concern over pathetic plight of pharmacies
20010529,city.patna,Railway plans privatisation of health services
20010529,city.delhi,UGC to regulate entry of foreign universities
20010529,unknown,Britain hopeful on Vajpayee-Musharraf meet
20010529,unknown,Time Indian farmers got their due: Jakhar
20010529,india,Net makes CBSE results a big hit
20010529,unknown,'Tempt Me Not' wins Wadiyar Cup
20010529,unknown,Unsettling Point
20010529,unknown,Bush confused; unprincipled: Jiang
20010529,city.pune,Living Legends
20010529,unknown,Behind the scenes
20010529,edit-page,In Brief
20010529,india,India can take us to Mars: Moon man
20010529,india,Sonia to monitor Operation UP
20010529,city.lucknow,Corporator accuses Sena leader of hatching a plot against her
20010529,city.delhi,India rules out referendum in Kashmir
20010529,unknown,The Power of None
20010530,city.bengaluru,Demolition drive: Beware of lake encroachment
20010530,city.delhi,Waste-borne diseases claim 55 lives
20010530,city.patna,Rly minister rules out increase in passenger fare
20010530,city.patna,VHP move will lead to civil strife: Puri seer
20010530,unknown,Musharraf accepts Vajpayee's invitation
20010530,unknown,Pant gets a piece of Shabir's mind
20010530,unknown,Omar Abdullah escapes bid on life
20010530,unknown,Endgame Enron; at least for now
20010530,unknown,Money matters: Ad to the lustre of the stars
20010530,unknown,Beware; the snoopware is watching you!
20010530,unknown,Flat Answer
20010530,unknown,Pak plans to spray coal dust over glaciers flayed
20010530,unknown,Scientist urges widening learning horizons
20010530,unknown,Mandir Miscalculation
20010530,unknown,Brand Royalty
20010530,unknown,Twelfth Knight
20010530,unknown,Laptops & Liberalism
20010530,unknown,Life after Debt
20010530,unknown,Sun's Energy
20010530,unknown,Promising the Moon
20010530,unknown,Straight Answers
20010530,unknown,Devgan busier than the best
20010530,unknown,Priyanka going great guns in Bollywood
20010530,unknown,Shah Rukh wins them over
20010530,unknown,Shilpa Shetty gets Kaantey
20010530,unknown,Feroz Shah to repeat Kartoos?
20010530,unknown,Two persons were involved in CGO grenade attack
20010530,unknown,We were beaten up in the police station
20010530,unknown,Kidnappers' gang busted; three held
20010530,unknown,Students lodge complaint against computer firm
20010530,unknown,Waste-borne diseases claim 55 lives
20010530,unknown,Policemen face V P Singh's ire over demolition of slums
20010530,unknown,HC lifts travel restriction on Ilyasi
20010530,unknown,Bus-stops may soon have city maps
20010530,unknown,HC asks MCI president Ketan Desai to step down
20010530,unknown,Work permits for Bangladeshis being considered
20010530,unknown,Disability is no handicap for Mike
20010530,unknown,Laws mooted for quake-proof houses
20010530,unknown,Nehru Place to get hi-tech parking lot
20010530,unknown,Police hope to manage traffic with posters
20010530,unknown,Petition for compensation in Samba case rejected
20010530,unknown,For CBSE topper the phone hasn't stopped ringing
20010530,unknown,CBSE secy stresses need to replace exam system
20010530,unknown,Delhi Govt drive to clean Yamuna starts on June 1
20010530,city.kolkata,Fiasco over ministers' room allotment not over
20010530,city.bengaluru,Centre's decision on fast track courts welcomed
20010530,city.bengaluru,New block opened at Bowring Institute
20010530,unknown,Promising the Moon
20010530,city.patna,Indian Railway plans privatisation of health services
20010530,city.patna,VHP move will lead to civil strife: Puri seer
20010530,unknown,Commotion at job centre
20010530,india,Musharraf accepts Vajpayee's invitation
20010530,unknown,3 Bangaloreans drown in TN rivulet
20010530,city.mumbai,Road widening at Pali Hill risky
20010530,city.lucknow,CM pacifies agitated state ministers
20010530,city.bengaluru,Valley cut down to size
20010530,unknown,Daewoo Motor India on cost-cutting spree
20010530,city.bengaluru,Movie buffs settle for recycled fare
20010530,city.bengaluru,Alma mater felicitates IAS topper
20010530,unknown,Pillay embarks on dream project
20010530,city.pune,The healer of Jamkhed
20010530,india,The ground beneath the General's feet
20010530,city.mumbai,New software to track truck drivers
20010530,city.delhi,Alteration of historic buildings banned
20010530,city.delhi,Work permits for Bangladeshis being considered
20010530,city.bengaluru,Mother kills herself; sons after quarrel
20010530,city.bengaluru,Board postings: HC dismisses plea
20010530,unknown,Devgan busier than the best
20010530,city.bengaluru,Break waters soon for Ullal: MLA
20010530,unknown,Priyanka going great guns in Bollywood
20010530,edit-page,Laptops & Liberalism
20010530,edit-page,Twelfth Knight
20010530,city.lucknow,HC withholds sale; transfer of UPCC assets
20010530,edit-page,Brand Royalty
20010530,edit-page,Sun's Energy
20010530,unknown,Verbal volleys: Demonstration game at ITF Masters
20010530,city.bengaluru,Mysore Lamps may soon go private
20010530,city.bengaluru,Minister meets police officers
20010530,city.delhi,Two persons were involved in CGO grenade attack
20010530,city.bengaluru,CBSE Class X results declared ahead of schedule
20010530,unknown,Is Singapore Baichung's next halt?
20010530,city.hyderabad,3-day jurists' meet from today
20010530,city.lucknow,SP objects to presiding officer's ruling
20010530,unknown,Promising the Moon
20010530,city.lucknow,SP corporators' deadline to MNA
20010530,unknown,17 teams to vie for top honours in Police Cup
20010530,city.mumbai,Road widening at Pali Hill risky
20010530,city.kolkata,Mamata huddles with TC leaders after snub from PM
20010530,unknown,Money matters: Ad to the lustre of the stars
20010530,city.lucknow,SHO asked to register case against SI
20010530,city.bengaluru,Mother kills herself; sons after quarrel
20010530,india,Omar Abdullah escapes bid on life
20010530,city.delhi,Work permits for Bangladeshis being considered
20010530,edit-page,Mandir Miscalculation
20010530,unknown,Jaya to seek legal view on cases against MK
20010530,city.bengaluru,Plywood; glass worth Rs 15 lakh gutted
20010530,city.pune,Till death do us apart
20010530,city.thiruvananthapuram,White paper on Kerala's financial state on the anvil
20010530,city.bengaluru,CM cancels trip to get things right at home
20010530,unknown,Devgan busier than the best
20010530,city.bengaluru,Mysore Lamps may soon go private
20010530,city.delhi,Bus-stops may soon have city maps
20010530,city.kolkata,PWG gearing to 'liberate' area in North Telengana
20010530,unknown,Relief sought for expats wanting to donate computers
20010530,unknown,Feroz Shah to repeat Kartoos?
20010530,city.delhi,HC lifts travel restriction on Ilyasi
20010530,city.delhi,Two persons were involved in CGO grenade attack
20010530,city.lucknow,SP objects to presiding officer's ruling
20010530,unknown,Spy plane compromise at last?
20010530,city.lucknow,HC withholds sale; transfer of UPCC assets
20010530,city.delhi,Alteration of historic buildings banned
20010530,unknown,Jaya case: HC postpones hearing
20010530,city.lucknow,Student leaders term fee hike counter-productive
20010530,india,Ending ceasefire was no good move: Mufti
20010530,city.delhi,Police hope to manage traffic with posters
20010530,edit-page,Sun's Energy
20010530,city.delhi,Nehru Place to get hi-tech parking lot
20010530,unknown,Jaya case: HC postpones hearing
20010530,business.india-business,Beware; the snoopware is watching you!
20010530,city.bengaluru,BU panel constituted to make results hassle-free
20010530,unknown,Is Singapore Baichung's next halt?
20010530,city.bengaluru,'Dare-devil' thief nabbed
20010530,city.bengaluru,Rai notary for Uttara Kannada district
20010530,city.bengaluru,Commerce chamber pushes for food processing park
20010530,city.bengaluru,Crackdown against Pakistanis in India soon
20010530,unknown,Priyanka going great guns in Bollywood
20010530,city.bengaluru,CM cancels trip to get things right at home
20010530,city.hyderabad,World meet on IVF from June 1
20010530,city.delhi,Police hope to manage traffic with posters
20010530,city.delhi,For CBSE topper the phone hasn't stopped ringing
20010530,city.patna,Rs 5 lakh seized from MCC's iron safe
20010530,city.lucknow,Seven SP members expelled
20010530,unknown,Fazal rolls on; top seed out
20010530,city.patna,VHP warns against job quota for Muslims
20010530,city.patna,Police launches massive hunt for extremists
20010530,city.delhi,We were beaten up in the police station
20010530,unknown,Feroz Shah to repeat Kartoos?
20010530,city.lucknow,Fresh spell of thunder; dust storm in 24 hours
20010530,city.bengaluru,3 Bangaloreans drown in TN rivulet
20010530,city.delhi,Kidnappers' gang busted; three held
20010530,unknown,Pillay embarks on dream project
20010530,city.delhi,No housing quota for Jharkhand officials
20010530,city.pune,Till death do us apart
20010530,city.kolkata,NH 31A should be open irrespective of bandh: CM
20010530,unknown,3 Bangaloreans drown in TN rivulet
20010530,city.mumbai,Earth is too beautiful to be an accident
20010530,city.mumbai,Hitting Mumbai for a swinging six
20010530,unknown,High velocity winds in Goa
20010530,city.bengaluru,Symposium on Ayurveda
20010530,city.bengaluru,IT department to be restructured
20010530,city.delhi,Petition for compensation in Samba case rejected
20010530,city.lucknow,SHO asked to register case against SI
20010530,unknown,First circuit meet in Nagarcoil
20010530,city.delhi,Musharraf accepts Vajpayee's invitation
20010530,city.delhi,Lagaan Vs Gadar: A one-of-a-kind double bill
20010530,edit-page,Mandir Miscalculation
20010530,unknown,17 teams to vie for top honours in Police Cup
20010530,city.lucknow,Joshi visits military hospital
20010530,city.bengaluru,Valley cut down to size
20010530,city.kolkata,Cats in Writers' Buildings
20010530,city.ahmedabad,Cyclone heading straight for Dwarka
20010530,unknown,Priyanka going great guns in Bollywood
20010530,business.india-business,IA divestment may be a roadblock for new players in domestic skies
20010530,city.pune,Spiritual journey
20010530,unknown,Crowd support proved detrimental
20010530,city.kolkata,Mamata huddles with TC leaders after snub from PM
20010530,unknown,'Tempt Me Not' wins Wadiyar Cup
20010530,city.pune,Filmi; very filmi
20010530,city.bengaluru,CBSE Class X results declared ahead of schedule
20010530,city.patna,VHP warns against job quota for Muslims
20010530,city.thiruvananthapuram,Kerala is natural destination for IT: Antony
20010530,city.mumbai,Yana adds another Ray to Lakme spotlight
20010530,unknown,Bhutan to play in SAFF Cup
20010530,city.hyderabad,Cong raps TDP MP for blaming Nizams for Telangana backwardness
20010530,city.lucknow,Student leaders term fee hike counter-productive
20010530,city.mumbai,One owner; but Capitol languishes while Regal flies high
20010530,india,Jayalalitha trains guns on Stalin
20010530,city.bengaluru,'Dare-devil' thief nabbed
20010530,city.kolkata,Malda fake notes
20010530,city.bengaluru,Demolition drive: Beware of lake encroachment
20010530,city.pune,Why did Pune reject Daman?
20010530,city.bengaluru,Low price; late payment puts farmers in fix
20010530,unknown,Indonesia on the brink: Wahid's desperate tactics
20010530,city.lucknow,CM pacifies agitated state ministers
20010530,city.hyderabad,Cong raps TDP MP for blaming Nizams for Telangana backwardness
20010530,city.patna,Rly minister rules out increase in passenger fare
20010530,city.mumbai,Schizophrenics need a good support system; says expert
20010530,home.science,Pak plans to spray coal dust over glaciers flayed
20010530,unknown,Shah Rukh wins them over
20010530,business.india-business,Car sales drop 15% in April
20010530,city.delhi,HC asks MCI president Ketan Desai to step down
20010530,business.india-business,IA divestment may be a roadblock for new players in domestic skies
20010530,city.pune,Experiencing bliss
20010530,city.bengaluru,Willow tales with a difference
20010530,city.bengaluru,Sporting encounters of an IT big wig
20010530,unknown,High velocity winds in Goa
20010530,home.science,Scientist urges widening learning horizons
20010530,unknown,First circuit meet in Nagarcoil
20010530,unknown,TN govt trains guns on Stalin
20010530,business.india-business,Slowdown hits IDBI; net down 27.3% to Rs 691 cr
20010530,city.delhi,Nehru Place to get hi-tech parking lot
20010530,unknown,I never watch TV. I never read newspapers
20010530,india,Omar Abdullah escapes bid on life
20010530,city.delhi,Kidnappers' gang busted; three held
20010530,city.patna,Panchayat results make mockery of election rules
20010530,city.delhi,HC lifts travel restriction on Ilyasi
20010530,city.mumbai,Cd Rom on creative cooking
20010530,city.kolkata,'Chinese puzzle' falls into place
20010530,city.bengaluru,Bridge collapses after inauguration
20010530,city.delhi,Students lodge complaint against computer firm
20010530,india,Mamata 'shell-shocked' by PM's word
20010530,city.kolkata,'Budget on basis of Left Front's poll manifesto'
20010530,unknown,Devgan busier than the best
20010530,unknown,Shilpa Shetty gets Kaantey
20010530,business.india-business,Car sales drop 15% in April
20010530,city.lucknow,Joshi visits military hospital
20010530,city.mumbai,Endgame Enron; at least for now
20010530,city.patna,Panchayat results make mockery of election rules
20010530,city.bengaluru,What makes the world go round
20010530,city.pune,A Dalit poet in Berlin
20010530,city.delhi,Students lodge complaint against computer firm
20010530,city.lucknow,Book blunder on Azad to be rectified
20010530,city.kolkata,Archaic laws hurdle in nabbing criminals
20010530,city.mumbai,BMC to launch waste minimisation programme
20010530,unknown,Spy plane compromise at last?
20010530,unknown,Raju dashes Sanjay's hopes
20010530,city.delhi,Petition for compensation in Samba case rejected
20010530,india,PM rules out Mamata's return to NDA fold
20010530,unknown,Straight Answers
20010530,city.kolkata,Ban on polybags in Darjeeling
20010530,city.bengaluru,IT department to be restructured
20010530,city.delhi,Laws mooted for quake-proof houses
20010530,city.delhi,Delhi Govt drive to clean Yamuna starts on June 1
20010530,city.lucknow,Fresh spell of thunder; dust storm in 24 hours
20010530,city.mumbai,BMC to launch waste minimisation programme
20010530,city.bengaluru,Symposium on Ayurveda
20010530,india,Omar escapes bid on life
20010530,india,Shake-up soon to make BJP 'more purposive'
20010530,city.lucknow,Rajnath doles out sops for UP traders
20010530,india,Endgame Enron; at least for now
20010530,city.thiruvananthapuram,Fisherman killed
20010530,city.delhi,CBSE secy stresses need to replace exam system
20010530,city.thiruvananthapuram,White paper on Kerala's financial state on the anvil
20010530,city.pune,City lad becomes youngest director at Hilton HQ
20010530,city.kolkata,Chamling seeks help of industry captains
20010530,city.delhi,Policemen face V P Singh's ire over demolition of slums
20010530,city.bengaluru,BU panel constituted to make results hassle-free
20010530,city.patna,Indian Railway plans privatisation of health services
20010530,city.delhi,Disability is no handicap for Mike
20010530,india,No privatisation of IITs: Joshi
20010530,city.ahmedabad,Cyclone heading straight for Dwarka
20010530,unknown,Shilpa Shetty gets Kaantey
20010530,city.delhi,No housing quota for Jharkhand officials
20010530,city.lucknow,BJP gearing up for Assembly polls
20010530,city.bengaluru,Gang runs amok inside cinema hall
20010530,edit-page,Twelfth Knight
20010530,city.mumbai,Cd Rom on creative cooking
20010530,city.bengaluru,Plywood; glass worth Rs 15 lakh gutted
20010530,unknown,Bad tennis; temper oust top seed Uebel
20010530,city.patna,Rs 5 lakh seized from MCC's iron safe
20010530,city.patna,Police launches massive hunt for extremists
20010530,india,Left ministers resolve to avoid media
20010530,city.mumbai,Yana adds another Ray to Lakme spotlight
20010530,unknown,Commotion at job centre
20010530,unknown,Fazal rolls on; top seed out
20010530,home.science,Scientist urges widening learning horizons
20010530,city.bengaluru,KDP members' plea on water project
20010530,city.hyderabad,World meet on IVF from June 1
20010530,city.bengaluru,Minister meets police officers
20010530,business.india-business,Korn/Ferry to search for Dewang Mehta's successors
20010530,india,Pant gets a piece of Shabir's mind
20010530,city.kolkata,Govt to protect 'wetlands' in the state
20010530,city.bengaluru,Board postings: HC dismisses plea
20010530,city.bengaluru,Maharashtra releases water
20010530,unknown,Bhutan to play in SAFF Cup
20010530,city.delhi,HC asks MCI president Ketan Desai to step down
20010530,city.bengaluru,Willow tales with a difference
20010530,unknown,Flat Answer
20010530,city.delhi,We were beaten up in the police station
20010530,city.mumbai,Earth is too beautiful to be an accident
20010530,city.bengaluru,reak waters soon for Ullal: MLA
20010530,city.bengaluru,Gang runs amok inside cinema hall
20010530,city.delhi,Delhi Govt drive to clean Yamuna starts on June 1
20010530,city.bengaluru,New block opened at Bowring Institute
20010530,city.bengaluru,Maharashtra releases water
20010530,unknown,TN govt trains guns on Stalin
20010530,city.mumbai,The writing's on her head
20010530,india,NGOs backtrack on quake-hit rehabilitation
20010530,city.mumbai,The writing's on her head
20010530,edit-page,Life after Debt
20010530,city.bengaluru,Pure joy for birthday boy Ravichandran
20010530,india,Pant gets a piece of Shabir's mind
20010530,city.pune,City lad becomes youngest director at Hilton HQ
20010530,unknown,2 held with forged passports; visas
20010530,city.bengaluru,Crackdown against Pakistanis in India soon
20010530,city.delhi,Lagaan Vs Gadar: A one-of-a-kind double bill
20010530,unknown,2 held with forged passports; visas
20010530,city.lucknow,ANN await funds to clean sewers before monsoons
20010530,city.bengaluru,This Bubble won't burst
20010530,unknown,Shah Rukh wins them over
20010530,city.lucknow,BJP gearing up for Assembly polls
20010530,city.bengaluru,This Bubble won't burst
20010530,city.bengaluru,Much ado over delayed invitation to ZP meet
20010530,city.hyderabad,Self-help therapy sans side effects
20010530,city.bengaluru,Much ado over delayed invitation to ZP meet
20010530,city.thiruvananthapuram,Fisherman killed
20010530,city.hyderabad,3-day jurists' meet from today
20010530,city.delhi,Laws mooted for quake-proof houses
20010530,city.delhi,Disability is no handicap for Mike
20010530,unknown,Indonesia on the brink: Wahid's desperate tactics
20010530,city.mumbai,Hard selling Mumbai in Dubai
20010530,city.lucknow,Rajnath doles out sops for UP traders
20010530,city.hyderabad,Self-help therapy sans side effects
20010530,unknown,Daewoo Motor India on cost-cutting spree
20010530,unknown,Bad tennis; temper oust top seed Uebel
20010530,city.bengaluru,Pure joy for birthday boy Ravichandran
20010530,city.bengaluru,Centre's decision on fast track courts welcomed
20010530,city.bengaluru,3 Bangaloreans drown in TN rivulet
20010530,city.thiruvananthapuram,Kerala is natural destination for IT: Antony
20010530,city.bengaluru,CT; MRI centre for KMC hospital
20010530,city.pune,The healer of Jamkhed
20010530,unknown,Jaya to seek legal view on cases against MK
20010530,city.bengaluru,Commerce chamber pushes for food processing park
20010530,city.bengaluru,Urs Road offers no discount on chaos
20010530,city.pune,NDA commandant reviews ceremonial parade
20010530,city.mumbai,New software to track truck drivers
20010530,city.pune,A Dalit poet in Berlin
20010530,city.bengaluru,What makes the world go round
20010530,business.india-business,Korn/Ferry to search for Dewang Mehta's successors
20010530,city.pune,Experiencing bliss
20010530,unknown,I never watch TV. I never read newspapers
20010530,city.kolkata,Blessed or Saint Teresa? What will Vatican decide?
20010530,city.delhi,Policemen face V P Singh's ire over demolition of slums
20010530,unknown,Shah Rukh wins them over
20010530,city.delhi,CBSE secy stresses need to replace exam system
20010530,city.pune,Spiritual journey
20010530,home.science,Pak plans to spray coal dust over glaciers flayed
20010530,city.lucknow,SP corporators' deadline to MNA
20010530,city.mumbai,Hard selling Mumbai in Dubai
20010530,city.pune,Filmi; very filmi
20010530,city.lucknow,Book blunder on Azad to be rectified
20010530,city.lucknow,ANN await funds to clean sewers before monsoons
20010530,city.mumbai,Schizophrenics need a good support system; says expert
20010530,city.pune,Why did Pune reject Daman?
20010530,unknown,Feroz Shah to repeat Kartoos?
20010530,unknown,Shilpa Shetty gets Kaantey
20010530,city.bengaluru,CT; MRI centre for KMC hospital
20010530,city.delhi,Waste-borne diseases claim 55 lives
20010530,edit-page,Life after Debt
20010530,city.bengaluru,Low price; late payment puts farmers in fix
20010530,city.bengaluru,Urs Road offers no discount on chaos
20010530,city.lucknow,Seven SP members expelled
20010530,city.bengaluru,Sporting encounters of an IT big wig
20010530,city.pune,No automatic music for this Paapa
20010530,city.delhi,For CBSE topper the phone hasn't stopped ringing
20010530,india,Water scarcity hits Vaishno Devi trek
20010530,unknown,Crowd support proved detrimental
20010530,india,Pant gets a piece of Shabir's mind
20010530,city.bengaluru,Movie buffs settle for recycled fare
20010530,edit-page,Brand Royalty
20010530,city.bengaluru,Bridge collapses after inauguration
20010530,city.pune,No automatic music for this Paapa
20010530,city.mumbai,One owner; but Capitol languishes while Regal flies high
20010530,city.bengaluru,KDP members' plea on water project
20010601,unknown,Nepal's gripping tale of sorrow
20010601,entertainment.hindi.bollywood,Mujhe Kucch Kehna Hai
20010602,only-in-america,Indo-US Ties: Denim; Denim ka Bandhan?
20010603,removed,The many blunders of Enron
20010603,only-in-america,Bitter Indian pill for US pharma majors
20010603,unknown,Indian Paradoxes
20010604,entertainment.hindi.bollywood,Aamir Khan: The taxman cometh!
20010605,unknown,Darkness Triumphs
20010607,entertainment.hindi.bollywood,Bariwali (Bengali)
20010607,entertainment.hindi.bollywood,Paagalpan
20010610,jugular-vein,Speak; Memory
20010610,only-in-america,The free trade flip-flop
20010617,removed,Of power and potatoes
20010617,unknown,A Happy Surprise
20010617,jugular-vein,Looking for Digs
20010617,only-in-america,Is the home of the brave still the land of the free?
20010620,city.patna,Societies; not farmers benefit from FCI relaxation
20010620,city.bengaluru,Life is busy for chicken doctors
20010620,india,Militants flee Kupwara mosque; 7 killed in J&K
20010620,city.kolkata,Bijen goes on warpath; wants to leave EB
20010620,unknown,Official warns against clearing forests
20010620,city.bengaluru,Temple in Wilson Garden razed
20010620,city.lucknow,Houses; shops razed in Naka Hindola
20010620,city.bengaluru,Inamdar dismisses alarm over maize and rice
20010620,india,Manipur police firing victims cremated
20010620,business.international-business,Media; publications promise big ad spend in future
20010620,city.lucknow,Team to review security at Agra
20010620,business.india-business,Centre unveils bailout package for Madhavpura Bank
20010620,business.india-business,Goodyear rolls out tubeless radial tyres in India
20010620,city.pune,Stress and suicide: GenNext under too much pressure?
20010620,city.lucknow,CJM orders DNA test of deceased trader's mother
20010620,unknown,Dialogue for Peace
20010620,city.hyderabad,TDP to rig panchayat elections; alleges CPI
20010620,city.patna,Patna HC has two new judges
20010620,india,Musharraf acquires fig-leaf of legitimacy
20010620,edit-page,The Name Game
20010620,city.hyderabad,Congress raps CM for 'false' assurances
20010620,india,Manipur violence pre-planned: Home ministry
20010620,unknown,MLA's arrests dominates proceedings
20010620,edit-page,Sadr-e-Pakistan
20010620,unknown,I-Flex develops new software for FIs
20010620,city.bengaluru,SBI integrating ATM network
20010620,city.patna,Gaya Kotwali 'munshi' suspended
20010620,city.bengaluru,No registration for polluting vehicles
20010620,city.bengaluru,It's Ashadha; the month of dull business
20010620,city.bengaluru,BCC to demolish three ready-to-crumble quarters
20010620,business.india-business,Nationwide bank strike on July 4
20010620,india,Naga students offer support to Manipuris
20010620,city.bengaluru,Turn bribe switch on; get power
20010620,city.kolkata,ITA to launch export promotion drive
20010620,unknown,Oppn asks Gyanendra to declare personal assets
20010620,business.india-business,MTNL to execute CDMA-WLL service soon
20010620,city.hyderabad,Singareni talks remain inconclusive
20010620,city.thiruvananthapuram,Antony unaware of Veerappan reports
20010620,city.pune,Look out for Mars on June 21
20010620,unknown,Online ads nose ahead at Cannes get-together
20010620,business.india-business,TRAI moots allotment of codes to STD operators
20010620,city.bengaluru,Balmuri bridge remains a dream
20010620,business.india-business,Bharti-SingTel JV gets LoI for STD services
20010620,city.bengaluru,Guild for young artistes floated
20010620,city.pune,Cheating case against suspended railway clerk
20010620,city.lucknow,Infosys chief showers funds on IIT; Kanpur
20010620,edit-page,Sacred Space
20010620,unknown,New web offering from Satyam for Indian exporters
20010620,city.chandigarh,Punjab Univ Teachers' Assn; VC talks break down
20010620,city.patna,CBI to chargesheet former BPSC chairman
20010620,business.india-business,HC restrains govt from recovering whisky's price difference
20010620,city.patna,Police frustrated over Shikha's prosecution
20010620,city.ahmedabad,No trace of American India Foundation largess
20010620,home.science,Kala Azar reported in South Dinajpur
20010620,india,Tea talks during Musharraf's visit
20010620,business.india-business,IA to review flexi-fare for July-August
20010620,business.india-business,M&M to don sportier image; import Lotus Elise
20010620,city.lucknow,Congress bid to woo Dalits
20010620,india,Manipur MLAs not to resign immediately
20010620,unknown,Doubles event may be delayed in Afro-Asian Games
20010620,business.india-business,BNP Paribas may acquire an Indian bank
20010620,city.lucknow,Cong seeks ouster of BJP-led state Govt
20010620,city.lucknow,Two killed in road mishaps
20010620,city.delhi,Former SI's son among nabbed highway robbers
20010620,business.india-business,Crude oil production skids this fiscal
20010620,city.delhi,Indian TV channels shaped public opinion in Nepal
20010620,city.pune,Hoax bomb call to airline lands Pune boy in trouble
20010620,india,Backward Muslims ready to support BJP in UP
20010620,city.pune,Relax ban on truck movement; says Benjamin
20010620,city.bengaluru,Personality development course planned
20010620,city.bengaluru,Termite mound hits the roof
20010620,city.patna,DIGs; SPs asked to explain illegal appointments
20010620,city.mumbai,Students learn a lesson; skip coaching classes
20010620,city.pune,Owner of travel agency; five workers arrested
20010620,city.hyderabad,Naidu's Freudian slip showing
20010620,city.ahmedabad,Gujarat govt to provide TV sets to MLAs
20010620,city.pune,Hazare demands scrapping of Enron project
20010620,city.hyderabad,People attack police; Transco teams
20010620,city.bengaluru,Weak monsoon dampens farmers' spirit
20010620,india,The protocol labyrinth
20010620,unknown,Sanctions against Pak to go on basis of merits: US
20010620,india,Swearing-in not to affect Indo-Pak summit
20010620,city.patna,Elusive consultation delays VCs' appointment
20010620,city.hyderabad,AP has not violated Bachawat award: Minister
20010620,city.kolkata,HHCL shareholders oppose merger
20010620,city.patna,New committee to modernise state police
20010620,city.patna,Drive against trafficking in women; children
20010620,city.chandigarh,Defence submission for cross-examination rejected
20010620,city.lucknow,Minister rules out hike in petro prices
20010620,city.mumbai,Illegal gold unit owners protest against BMC action
20010620,edit-page,'The Book of Job' & The Problem of Evil
20010620,city.mumbai,Tyagi denies hand in Suleman Bakery firing
20010620,city.lucknow,Power situation improves
20010620,india,All hype but no $ aid for quake victims
20010620,india,Freedom fighter claims to have seen Netaji after crash
20010620,business.india-business,Govt nod for 13 pvt parties to start air services
20010620,city.bengaluru,Funds delay chokes SAI hostel work
20010620,india,Agra agog with excitement
20010620,city.lucknow,Exam results claim lives of three girls
20010620,business.india-business,BSP MP charges SEBI with 'unwillingness' to probe RPL
20010620,city.hyderabad,41 illegal structures demolished
20010620,city.hyderabad,Couch potatoes upset as cable rate hits roof
20010620,city.delhi,Wait for admission cut-off lists begins
20010620,city.bengaluru,Saar; Rs 20;000 for re-connection; service
20010620,business.india-business,FIPB clears 32 FDI proposals worth Rs 477 cr
20010620,business.india-business,LG launches healthcare products
20010620,business.india-business,Jaswant holds talks on bilateral trade; WTO
20010620,india,Hurriyat sees smooth Indo-Pak talks
20010620,city.hyderabad,Gadget shortage ties down WLL plan
20010620,city.bengaluru,Wife accused of masterminding man's murder
20010620,india,'Insensitive reporting compounded Nepal's woes'
20010620,unknown,NIIT draws up strategy to counter slowdown
20010620,india,Assam to file fresh affidavit on Migrants Act
20010620,unknown,Global infocom players to provide Net through WAP
20010620,city.bengaluru,Tracing the 'line' of corruption
20010620,city.chandigarh,Rs 10 for lakh police pensioners
20010620,unknown,Nepal Oppn blasts govt for tightening security law
20010620,unknown,Sinister Minister; Tattoo are favourites
20010620,city.lucknow,Of total accountability; shrunken authority
20010620,city.pune,PCB workers on strike; demand Sena leader's arrest
20010620,city.kolkata,Diwakar to lead East Zone Academy side
20010620,city.mumbai,TIFR to fabricate 3 instruments for astronomy satellite
20010620,unknown,Musharraf visit: Club plans post card drive
20010620,city.lucknow,LNN to conduct executive meets in-camera
20010620,business.india-business,No proposal to enhance petro prices: Naik
20010620,edit-page,Now We Shall Speak
20010620,india,BJP suspects Samata hand in violence
20010620,city.hyderabad,Invest in small savings schemes: Minister
20010620,city.hyderabad,TDP; BJP hold tie-up talks ahead of local polls
20010620,city.bengaluru,Member trespasses into president's chamber
20010620,city.lucknow,Varsity student hurt in hostel shooting
20010620,city.pune,Six-seater commuter murders co-passenger
20010620,india,Telengana issue may cost Congress dear
20010620,city.chandigarh,Haryana to disburse Rs 312 cr aid
20010620,edit-page,Beyond Texas
20010620,india,Musharraf's wife invited to Lucknow
20010620,city.bengaluru,More constructions; more malaria cases
20010620,unknown,Isha ousts Sheetal; Archana survives
20010620,india,Koijam for united front to counter ceasefire
20010620,city.lucknow,BSP shedding crocodile tears
20010620,city.lucknow,Plight of women undertrials in UP
20010620,business.india-business,Sabeer Bhatia's 'Arzoo' remains unfulfilled
20010620,city.bengaluru,Need to extend relief measures to farmers stressed
20010620,business.india-business,Ranbaxy sues Wilmark for using similar brand name
20010620,city.bengaluru,Missing leopard cub spotted
20010620,city.thiruvananthapuram,White paper suggestions not feasible: Menon
20010620,business.india-business,Dumped DD goes for rebid of slots
20010620,city.hyderabad,Teachers plan dharna to demand arrears
20010620,unknown,Bush keen on improved Indo-US ties
20010620,city.lucknow,Bail to accused in IIIT 'fixing' case
20010620,unknown,Software parks question Satyam's export revenues
20010620,city.hyderabad,Progress from shaky building to leaky roof
20010620,india,BJP busy watering grassroots
20010620,unknown,MTNL to execute CDMA-WLL service soon
20010620,india,Communication network snaps in UP capital
20010620,home.science,Indians to miss millennium's first solar eclipse
20010620,india,Factional fight behind Bhopal violence
20010620,unknown,Sabeer Bhatia's 'Arzoo' remains unfulfilled
20010620,unknown,Erode water to Chennai from Thursday
20010620,city.chandigarh,Surplus lecturers to be adjusted in pvt colleges
20010620,city.bengaluru,Toddy seized in Raichur
20010620,city.kolkata,Arsenic threat looms large in Bengal
20010620,city.kolkata,CMC inspection leaves restaurants unperturbed
20010620,business.india-business,8 global FIs join RPL's $500 m loan syndicate
20010620,city.kolkata,Century Enka plans upgradation
20010620,city.lucknow,'Flying officer' turns out to be impostor
20010620,unknown,Musharraf takes oath as president
20010620,unknown,A bitter behind-the-scenes battle for banks
20010620,city.bengaluru,Opt for the hope zone
20010620,unknown,Will amavasya prove lucky for STF?
20010620,city.chandigarh,DHBVN recovers record amount from defaulters
20010620,city.kolkata,Lower duty spells doom for leather goods industry
20010620,city.lucknow,Evicted residents question Rlys' drive
20010620,city.hyderabad,Bereaved naxalite has no visitors
20010620,city.bengaluru,First computerised RTO Offices by Sept 30
20010620,city.lucknow,Yet another minister delays flight
20010620,city.bengaluru,They want to play Pink Floyd unplugged
20010620,business.international-business,Jaswant holds talks on bilateral trade; WTO
20010620,unknown,Commonwealth; UK flay Musharraf move
20010620,city.mumbai,NCP to support DF govt on Enron issue: Pawar
20010620,unknown,Hutchison hikes stake in Fascel to 49%
20010620,city.bengaluru,It's a weak monsoon for Bangalore so far
20010620,city.lucknow,Plethora of 'posts' but no 'lamps'
20010620,city.hyderabad,Cop commits suicide in police station
20010620,cricket,Andy Flower ruled out of triseries
20010620,india,Gogoi apprehensive over ceasefire
20010620,india,Govt mishandled Naga ceasefire issue: Samata
20010620,city.kolkata,SBI becomes tech savvy with ATMs
20010620,city.lucknow,Play active role; Medical college principals told
20010620,city.bengaluru,Bridesmaid of success
20010620,city.mumbai,Fear of fire hangs heavy over Crawford Market
20010620,cricket,Modest Das has come a long way
20010620,city.kolkata,Indian tea industry has its cups full
20010620,business.india-business,Yamaha appeals against fake bikes from China
20010620,business.india-business,Satyam wary of growth despite robust 2000-01
20010620,unknown,Goa to seek zones for cocoa purchase
20010620,city.pune,Undertrials benefit from court-in-jail experiment
20010620,city.delhi,Govt scheme to computerise courts
20010620,city.thiruvananthapuram,Restoring fiscal credibility is CM's top priority
20010620,city.bengaluru,You could be losing sleep over these disorders
20010620,city.mumbai,Police verifying background of Tendulkar home intruders
20010620,city.lucknow,High-profile team aids kidnappers
20010620,unknown,Antony unaware of Veerappan reports
20010620,city.bengaluru,Mayor's robe: So near; yet so far
20010620,city.hyderabad,TDP scrambles to find educated women
20010620,business.india-business,A-I to present profitable budget for 2001-02
20010620,city.bengaluru,Memories of a war veteran
20010620,unknown,Opening salvos in Sino-Japanese trade war
20010620,business.india-business,Software parks question Satyam's export revenues
20010620,city.kolkata,NIIT brass upbeat about IT sector
20010620,business.international-business,Indian American in Disney Interactive top post
20010620,city.thiruvananthapuram,Bomb attack: 3 more arrested
20010620,city.pune,PCMC property tax collection to go online
20010620,city.hyderabad,Colleges open but hunt for seats continue
20010620,india,Heavy infiltration of foreign militants in Poonch
20010620,city.delhi,Agha's protection from arrest extended
20010620,business.india-business,US lends ears to India on steel
20010620,city.bengaluru,KPTCL employee is Sahitya Academy member
20010620,city.pune,Road stretch to remain partly closed to traffic
20010620,india,Another witness identifies Gulshan Kumar killer
20010620,city.hyderabad,When 85% is not good enough
20010620,unknown,Royal Gladiator wins Colts Trial Stakes
20010620,city.delhi,L-G's delay in clearing proposal annoys Dikshit
20010620,edit-page,It's that Simple
20010620,city.patna,Raj Bhavan to respond after getting HC order
20010620,city.lucknow,Gear up for early polls; Mayawati tells partymen
20010620,business.india-business,Rupee ends mildly higher against dollar
20010620,unknown,Woman injured; but baby escapes unhurt
20010620,city.patna,MCC forms guerilla squad to counter PWG
20010620,city.bengaluru,Rs 61 lakh spent on forest awareness
20010620,city.bengaluru,Mining sector behind the times
20010620,city.bengaluru,Theatres filing false returns: Panel
20010620,india,Tyagi alleges humiliation: HC to hear govt today
20010620,unknown,Lanka parliament wins battle against judiciary
20010620,city.delhi,Security to be tightened at US embassy
20010620,unknown,Snow Dew heads list in race for Derby sash
20010620,unknown,India's shadow grows on chess board
20010620,unknown,Linga from Kadamba period found
20010620,unknown,Water works commissioned
20010620,business.india-business,En-masse transfers at BALCO's Delhi office
20010620,city.mumbai,Building sharks eat up mangroves in Andheri creek
20010620,india,Govt restricts movement of mediapersons
20010620,unknown,Chandrika Govt loses majority
20010620,india,JK Assembly elections before October end: Sagar
20010620,city.bengaluru,Instrumental artistes forum opening today
20010620,city.chandigarh,PRTC in better position compared to Punjab Roadways
20010620,city.bengaluru,Excess output brings down milk purchase price
20010621,india,Manipur MPs and MLAs to be socially boycotted
20010621,india,J&k formulates financial conduct rule
20010621,india,Tatas; ASI come together to conserve Taj
20010621,india,Sujit Basu to be Visva Bharati VC
20010621,india,Advani to meet Manipur political parties
20010621,india,'Bofors being raised to prevent Hindujas' AI bid'
20010621,city.lucknow,Minister shielding culprits: SP leader
20010621,india,President sends good wishes to Musharraf
20010621,india,Bandh affects life for second day in NC Hills
20010621,india,Ceasefire extension was for talks: Padmanabhaiah
20010621,india,Nagaland parties ask Manipur; others to remain calm
20010621,india,Vajpayee earns goodwill from courtesy call
20010621,india,We have to deal with the govt of the day in Pak: India
20010621,india,Rs 38-cr J&K plan to revamp industrial training
20010621,india,All-party meet convened on Musharraf visit
20010621,unknown,Pak was never Enemy No. 1; says Jaswant
20010621,india,145 die of malaria in Assam: Minister
20010621,india,Delhi police thwarts JKIF plan to revive outfit
20010621,india,One killed; arms consignment recovered in Jammu
20010621,india,Advani to meet Manipur political parties
20010621,india,One injured as bomb hurled at a mosque
20010621,india,No specific agenda for summit
20010621,india,LeT suffers major setback; 4 killed in Kashmir
20010621,india,SIMI demands ban on RSS and VHP
20010622,business.india-business,Six-point strategy to speed up FDI flows
20010622,business.india-business,I-T hauls up firms; banks; FIs for investing in tax-free bonds
20010622,city.kolkata,She is everyone's darling
20010622,india,2 LeT commanders killed in Kashmir
20010622,city.kolkata,Stage set for Nasscom arrival in city
20010622,india,Ethnic Naga people begin exodus from Imphal
20010622,city.kolkata,Minister flays closure of Dunlop unit
20010622,city.kolkata,Schools will remain tuition-free
20010622,city.kolkata,Mushrooms claim two lives
20010622,india,Navy to the rescue of Chinese vessel
20010622,india,14 former ULFA men gunned down in Assam
20010622,city.kolkata,Police rescue Sikh pilgrims at station
20010622,city.kolkata,Crime nexus hits Jagaddal peace
20010622,city.kolkata,METRO FILE
20010622,city.kolkata,Grandparents changing roles
20010622,india,Trinamul may rejoin NDA
20010622,india,Bharat Shah hospitalised; court seeks report
20010622,india,I saw Gulshan Kumar lying in pool of blood
20010622,india,Dawaram's appointment as joint STF chief challenged
20010622,india,Naxalites kidnap surrendered extremists; kill three
20010622,city.kolkata,6 die in Birbhum road mishap
20010622,city.kolkata,Seized antique statue worth $100;000: Expert
20010622,city.kolkata,CPT berths for pvt bodies
20010622,india,Court asked to fix date in July for Ayodhya cases
20010622,business.india-business,DPC; MSEB to fight legal battle
20010622,city.kolkata,Howrah grapples with severe water crisis
20010622,unknown,Perfect lessons from India
20010622,city.kolkata,Runu Guha Niyogi is dead
20010622,city.kolkata,New VC to enforce 'corporate policy' in Visva-Bharati
20010622,city.kolkata,Fair & foul cries over tuition ban
20010622,city.kolkata,Contact lens programme by eye major
20010622,city.kolkata,Nine districts arsenic hit; says report
20010622,business.international-business,TCS sets up Asia-Pacific HQ in Singapore
20010622,unknown,Juniper jumps for joint venture
20010622,business.india-business,Imports of 300 sensitive items down 11%
20010622,city.kolkata,Railways cool to child labour
20010622,business.india-business,RPL gets Cabinet nod to dilute Reliance shares
20010622,india,STF arrests three Shiv Sainiks for rioting
20010622,india,Insurgents surrender in Tripura
20010622,city.kolkata,Police gears up to curb cyber crime
20010622,city.kolkata,CRIME FILE
20010622,city.kolkata,Decentralised economy is the need of the hour
20010622,city.kolkata,Industrialists get a freer hand
20010622,business.india-business,Daewoo reworks marketing strategy
20010622,city.kolkata,Ticket to ride: Touts rule Howrah
20010622,india,Hurriyat will have to be involved later: Bhat
20010622,india,Sonia to leave for Iceland; US today
20010622,india,Damaged tanker's owners had come to Mumbai
20010622,city.kolkata,Centre must clarify stand on greater Nagaland: Keishing
20010622,city.kolkata,Software net to catch smugglers
20010622,business.india-business,Enron debacle would dampen flow of FDI into India
20010623,india,Plot to blow up US embassy; one more held
20010623,business.international-business,Nissan; Mitsubishi cut global vehicle output in May
20010623,unknown,Cartridges all set to drive the printer mart
20010623,business.india-business,Strategic partner may get 5 directors on A-I board
20010623,unknown,Hua Qunduo is new Chinese ambassador to India
20010623,india,Indo-Bangla boundary talks in Dhaka from July 2
20010623,unknown,No breakthrough expected in Indo-Pak summit
20010623,business.india-business,Duty drawback rates partially rolled back
20010623,unknown,India for time-bound abolition of nuclear weapons
20010623,india,India for time-bound abolition of nuclear weapons
20010623,india,Sonia to address UN session
20010623,india,BJP reviews functioning of frontal organisations
20010623,india,Railways announces cancellation/diversion of services
20010623,india,Bharat Shah pleads for treatment in pvt hospital
20010623,unknown,Violence flares up in Northern Ireland again
20010623,india,Bogies derailed with thundering sound
20010623,unknown,On the wine routes of Bordeaux
20010623,india,Religious leaders' help sought to save girl child
20010623,business.india-business,No distress export of diesel: Ram Naik
20010623,cricket,HC asked to urge BCCI about sponsorship amount
20010623,business.india-business,World Bank announces $913.8 million aid to India
20010623,india,Seer's silk route to China
20010623,india,Tussle in Iskcon over rath yatra
20010623,unknown,Dhanraj Pillay to set up new hockey academy
20010623,home.science,Soft shield turtle skins seized
20010623,india,Manipur stir spreads to interiors; death toll 14
20010623,india,8 ultras killed in Jammu and Kashmir
20010623,unknown,Medal hopes in AAG shooting event dim: Jaspal Rana
20010623,india,High-profile team involved in kidnap of businessman
20010623,unknown,Phadke downs a tenacious Lakhani
20010623,unknown,Athletes look to better marks
20010623,india,MLAs not allowed to enter Manipur Bhavan
20010623,unknown,Gopichand; Popat in Malaysian; Indonesian Open
20010623,unknown,24 firms evince interest in 4th cellular slot
20010623,unknown,Powell optimistic about Mideast peace prospects
20010623,cricket,CBFS increases prize money for Sharjah tournament
20010623,india,India; China expert group meet next week
20010623,india,Pakistani Rangers fire rockets at Indian posts
20010623,unknown,India emerging as R&D centre for IT
20010623,unknown,India to buy radar for low-flying aircraft
20010623,india,People's groups in Manipur lambast MLAs; MPs
20010623,india,Gogoi demands review of Nagaland ceasefire extension
20010623,india,Hurriyat seeks meeting with Vajpayee; Musharraf
20010623,india,Sanjay Dutt exempted in blast case
20010623,unknown,RPG consolidating retail business with 'Giant'
20010623,india,MQM chief sings 'Saare Jahan Se Achha;...'
20010623,india,Three killed; 30 injured in ambush in Manipur
20010623,india,BJP has a formula for Manipur
20010623,unknown,Violence flares up in Northern Ireland again
20010623,india,Dara seeks interview with Orissa governor; CM
20010623,business.india-business,Summertime; and IIM on easy street
20010623,cricket,Is it time to expect less from Sachin?
20010623,unknown,Bin Laden starts recruitment drive
20010623,india,A 'setback' for Pakistan: NCP
20010623,cricket,Spotlight will be on batsmen in tri-series
20010623,unknown,Musharraf to hold office of President for 5 years
20010623,india,CBI court to take up Ayodhya case on July 27
20010623,business.india-business,Tatas; SIA; Videocon; cases referred to Cabinet
20010623,india,Khema promises General a grand view of Taj
20010623,business.india-business,HLL unveils action-plan for food revolution
20010623,unknown,World Bank announces $913.8 million aid to India
20010623,cricket,Hooper rues form of his men ahead of one-dayer
20010623,india,R.K. Laxman to undergo surgery
20010623,india,Railway safety snaps into focus
20010623,unknown,Saurav Ghosal wins squash title in Singapore
20010623,unknown,Jeev in joint third place at Mizuno Open
20010623,india,No breakthrough expected in Indo-Pak summit
20010623,india,STF arrests three Shiv Sainiks for rioting
20010623,india,Walled city waits for General 'Nanhe' Musharraf
20010623,india,Delegation from Pakistan craves for peace
20010623,india,Train plunges into river in Kerala; more than 50 killed
20010623,unknown,Harinder claims Amit Varma trophy
20010623,unknown,Lanka Oppn brings no confidence motion against govt
20010623,india,A park to give peace a chance
20010623,home.science,Emergency contraceptive will come in phased manner
20010623,india,Samajwadi Party wooing the urban elite
20010624,cricket,A depleted Zimbabwe might stretch India
20010624,india,On poll-eve; Bareilly gets gasohol project
20010624,india,Four Lashkar militants killed in Kashmir
20010624,india,Fresh notification on Ayodhya under study
20010624,entertainment.hindi.bollywood,Rani Mukherjee: As friendly as ever
20010624,india,Two bogies recovered from river at accident site
20010624,india,Trains cancelled; diverted
20010624,home.science,Three dead; 17 affected by mysterious disease
20010624,jugular-vein,Stitch In Time
20010624,removed,The culture of non-payment
20010624,cricket,India off to a flyer
20010624,india,Options before India; Pak are limited: Hurriyat
20010624,india,No need to reclaim land; it's ours: Muivah
20010624,india,Curfew reimposed in Manipur
20010624,entertainment.hindi.bollywood,Bobby Deol's fresh attempt to woo audiences
20010624,unknown,Cops defeat Khidderpore in IFA league
20010624,unknown,Of Bill Gates' billions and Milligan's millions
20010624,unknown,Paes has good prospects at Wimbledon
20010624,entertainment.hindi.bollywood,'Gadar' lands in trouble again!
20010624,india,Eyewitnesses say bridge collapsed
20010624,business.india-business,Subsidies on LPG; kerosene to stay: Naik
20010624,business.india-business,Prasar Bharati seeks agency to monitor DD reach
20010624,home.science,India to indigenise Russian reactors
20010624,home.science,China bans use of PPA drugs
20010624,india,Invitation a historic opportunity for Pak: Advani
20010624,entertainment.hindi.bollywood,Aishwarya; Hrithik pair up for new Sippy film
20010624,unknown,The Proletarian for Justice Cup
20010624,unknown,Of Bill Gates' billions and Milligan's millions
20010624,business.india-business,Siemens' buy-back offer to begin from June 25
20010624,home.science,Rs 10 lakh grant for Kozhikode Medical College
20010624,india,Options before India; Pak are limited: Hurriyat
20010624,cricket,'Streaken' Zimbabwe surrender opener
20010624,business.international-business,China-Russia trade hits record level
20010624,removed,Taming the pensions explosion
20010624,india,GM crops have the genetic panel in a flap
20010624,india,50 feared drowned as boat capsizes in West Bengal
20010624,india,Another attempt on Omar Abdullah's life
20010624,unknown,Musharraf invites parties to discuss India trip
20010624,india,Kaiga atomic power plant to be functional by 2005
20010624,business.india-business,Meet to finalise Madhavpura revival plan from June 25
20010624,entertainment.hindi.bollywood,Ajay Devgan listens to his directorial calling
20010624,india,Begum Sehba Musharraf loves Kashmiri food
20010624,india,Mishap calls for better track renewal
20010624,india,Hurriyat flip-flop courtesy Geelani
20010624,home.science,India needs to tap potential of PCs
20010624,india,Centre to review Naga ceasefire
20010624,india,SP hopes to form govt in UP; wary of Mayawati
20010624,unknown,Clashes in Colombia kill 56; govt frees rebels
20010624,home.science,All-faith convention vows to save girl child
20010624,business.international-business,Satellite's corrupt cops still on the run
20010624,unknown,Musharraf has packed schedule during India visit
20010624,india,One held in murder of Bangladeshi scribe
20010624,entertainment.hindi.bollywood,Amitabh's face off with son Abhishek
20010624,india,Missile boat sinks tanker's bow off Goa coast
20010624,india,Now; HC steps in to stop e-mail abuse
20010624,business.international-business,US loses key WTO case to EU
20010624,entertainment.hindi.bollywood,Amisha Patel: Sunny side up!
20010624,entertainment.hindi.bollywood,FDCI plans fashion week in August
20010624,home.science,Experts call to tap Gangotri's melting ice
20010624,business.india-business,Forex reserves swell by $153 m to $43;160 m
20010624,india,Railways to replace German coaches
20010624,india,Manipur leaders to boycott meet; students held
20010624,india,Worst train tragedy after Perumon
20010624,unknown,Dhanraj Pillay to set up new hockey academy
20010624,india,Govt reviewing security at sensitive Ayodhya sites
20010624,entertainment.hindi.bollywood,Fardeen Khan: Love ke liye kuch bhi karega!
20010624,india,Army appeals for peace in Manipur
20010625,business.international-business,Gaz De France to hedge Petronet's risk
20010625,unknown,India should develop softwares to unleash potential of PCs
20010625,city.bengaluru,Jump red light and a fine will wait for you at home
20010625,city.delhi,200 missing persons untraced
20010625,cricket,India pulverise Zimbabwe
20010625,unknown,Does SAI lack drive?
20010625,business.india-business,HDFC to buy 8% stake in Positra SEZ for Rs 150 cr
20010625,india,Liberhan rejects Katiyar's plea in Ayodhya case
20010625,business.india-business,Media Lab takes IT to the have-nots
20010625,unknown,Anand looks forward to Kramnik
20010625,city.kolkata,Cong; SULFA call for bandhs in Assam
20010625,city.mumbai,India reinforces itself as space power
20010625,city.delhi,Traffic police plan more centres for collecting fines
20010625,city.kolkata,Citizens have right to relief from calamity
20010625,city.mumbai,New article
20010625,unknown,A little push for women's tennis
20010625,city.kolkata,Communal tension flares up as NLFT rebels kill 3
20010625,cricket,Fresh disclosures likely in Gupta's book: Condon
20010625,city.kolkata,Curfew to be relaxed in Manipur for 8 hrs
20010625,city.bengaluru,Govt sits on medical; engg seat matrices
20010625,unknown,Will hockey get the attention it deserves?
20010625,unknown,GM Michael Adams wins Ordix Open
20010625,unknown,Base is alright; but where are the funds
20010625,city.delhi,'Orthodox' religious leaders' presence at meet opposed
20010625,unknown,Premji; Tejpal among Businessweek's stars
20010625,unknown,Epishin; Dreev share lead after straight wins
20010625,city.delhi,Hot off the press and straight to the hawkers
20010625,business.international-business,Lord Paul against vested interests in open trade
20010625,unknown,Karamjit Kaur sets national record in pole vault
20010625,unknown,The Proletarian wins Justice Cup
20010625,city.delhi,Civic agencies ignore Jagmohan's order
20010625,unknown,Man with mission to get India Olympic medals
20010625,unknown,Dhanraj Pillay to set up new hockey academy
20010625,cricket,Harare airport seems to shrink
20010625,city.mumbai,Chaos reigns as Dadar flyover goes under water
20010625,unknown,To whip or not to whip?
20010625,unknown,And now a Net dispute redressal system
20010625,city.mumbai,AICC reconstitutes MPCC; reduces size
20010625,cricket,Flamboyant; focused Sachin made India win
20010625,city.bengaluru,No two ways about this 'one-way man'
20010625,unknown,Few hiccups envisioned in tennis; AITA on the job
20010625,unknown,Jiang thanks tenors for boosting Beijing's image
20010625,unknown,Records tumble; yet meet promises little firework
20010625,city.delhi,City government files glowing self appraisal
20010625,cricket,IWCC unveils plans to develop women's cricket
20010625,city.delhi,Rs 8 cr cargo fraud detected at IGI airport
20010625,business.india-business,Without reforms can we have a sustained bull run?
20010625,city.mumbai,Braving all odds; this crusader's battle rages on
20010625,city.kolkata,Iskcon factions in chariot race
20010625,cricket,BCCI officials tight lipped over CBI sleuths' visit
20010625,india,Indefinite curfew reimposed in Imphal east; west
20010625,cricket,India look the best side for tri-series
20010625,cricket,Indian team's 'think-tank' goes out of order
20010625,cricket,Hockey; tennis and now cricket for Vece Paes
20010625,cricket,Locals stay away as Zimbabweans flounder
20010625,unknown,China to have largest mobile phone market soon
20010625,unknown,Jeev shoots 3-under 69; finishes fourth
20010625,india,Hurriyat to wait for response from Vajpayee; Musharraf
20010625,business.india-business,Desperately seeking disinvestment
20010625,india,Brigadier to move court over sacking
20010625,city.delhi,DU admissions from Tuesday
20010625,unknown,Madras Race Club introduces monsoon races
20010625,city.mumbai,Andheri-Kurla road is a nightmare
20010625,cricket,Only a temporary truce
20010625,business.india-business,Global oil majors queue up for IBP pie
20010626,unknown,Jeev invited to US PGA Tour event
20010626,home.science,Veterinary drugs being used for humans in Pak
20010626,entertainment.hindi.bollywood,Amitabh Bachchan: Hero worship
20010626,home.science,Unusual rains result of global warming
20010626,business.india-business,Balmer Lawrie to be demerged
20010626,unknown,Archana beats Yamini in ITA women's masters
20010626,unknown,Hampi eyes junior world chess title
20010626,unknown,Medwin holds razor-edge
20010626,entertainment.english.hollywood,Does Michael Jackson still have it?
20010626,city.delhi,Roll-model buses: DTC goes AC
20010626,india,BSF post attacked with rockets in Kashmir
20010626,india,Police kills 10 MCC men in Jharkhand
20010626,unknown,Knee replacement for former Indian hockey player
20010626,india,Talk to Pant; PMO signals to Hurriyat
20010626,home.science,Another case of female infanticide in TN
20010626,india,Fernandes takes initiative to resolve Manipur crisis
20010626,home.science,Sonia in New York to address UN session on AIDS
20010626,india,Musharraf to pay homage to harmony in Ajmer
20010626,india,Agitation against ceasefire to intensify in Manipur
20010626,home.science,Sister becomes surrogate for brother's child
20010626,unknown,India-China group on LAC to meet on June 28
20010626,city.lucknow,Mayawati demands special quota for MOBCs
20010626,cricket,Streak gives up hope; concentrates on Windies
20010626,cricket,CBI sleuths' leave without visiting BCCI office
20010626,unknown,Will hockey get the attention it deserves?
20010626,city.lucknow,Niralanagar residents gherao power sub-station
20010626,india,Laden orders blasts at US installations in India
20010626,city.lucknow,Maj Saxena cremated with full honours
20010626,cricket,Zimbabwe regrets decision
20010626,city,bengaluru
20010626,india,50 injured in blast at Jammu railway station
20010626,city.delhi,Pvt clinics thrive in vicinity of Govt hospital
20010626,unknown,Bhutia raises eyebrow over Merdeka selection
20010626,city.delhi,More environment projects for schools this year
20010626,city.delhi,Dikshit loyalists dominate House panel on MCD
20010626,india,HC summons file on Ayodhya case
20010626,city.mumbai,Pawar calls for efforts to ease Indo-Pak tension
20010626,unknown,AIFF likely to finalise sponsors on July 18
20010626,city.delhi,Dikshit loyalists dominate House panel on MCD
20010626,unknown,Merdeka Cup failure not unexpected: experts
20010626,entertainment.hindi.bollywood,Protest against 'Gadar' spreads to Gujarat
20010626,unknown,The Proletarian wins Justice Cup
20010626,city.bengaluru,Airport: Govt to hold talks with Siemens consortium
20010626,cricket,Brajesh Patel honoured with life time award
20010626,unknown,Bhutia keen to play for India during England tour
20010626,business.india-business,Dolphin gets aggressive; slashes call rate
20010626,city.delhi,Police pulled up for incorrectly registering case
20010626,city.lucknow,For Dadri; Rajnath is godsend
20010626,home.science,AIDS cannot be fought by making moral judgments
20010627,city.bengaluru,Desilting: Patil says state will go ahead
20010627,india,Pyrdiwah village belongs to Meghalaya: Minister
20010627,india,DoT to reply against Madras HC stay
20010627,city.lucknow,Cong confident of forming govt in UP: Tiwari
20010627,city.delhi,Lawyer evading arrest granted anticipatory bail
20010627,india,Congress not an asset but a burden: Mamata
20010627,city.bengaluru,I can make Veerappan surrender: Kolathur Mani
20010627,city.kolkata,Search for boat tragedy victims proves futile
20010627,city.bengaluru,Devanahalli project: Govt keeps Siemens Ventures on toes
20010627,city.ahmedabad,Four possessing brown sugar arrested
20010627,city.pune,Respect rights of gays; lesbians: NGOs
20010627,city.kolkata,AIFF likely to finalise sponsors on July 18
20010627,city.chandigarh,Court orders medical examination of jailed former minister
20010627,city.kolkata,Passport racket cracked
20010627,city.patna,Campaign against extremists in north Bihar begins
20010627,india,Panel meets tomorrow on Central allocation to states
20010627,home.science,Kerala gets non-alcoholic toddy
20010627,india,Blast meant to scare away pilgrims: IG
20010627,city.ahmedabad,CERC seeks total ban on liver tonics
20010627,india,Search for boat tragedy victims proves futile
20010627,india,BSP to launch stir for fresh notification on Ayodhya trial
20010627,india,German journalist had met ULFA leaders in Bhutan
20010627,india,Route transfer to Konkan Rail may have saved disaster
20010627,unknown,Well(s); it was a revelry worth diving into
20010627,city.hyderabad,Cong of raking regional feelings: Naidu
20010627,india,Nitish absolves Rly staff in train mishap
20010627,unknown,Music; art; drama contests galore
20010627,india,Uma Bharti dares Digvijay Singh to arrest her
20010627,india,High alert sounded in Jammu
20010627,india,Jaya drops Cabinet minister; to induct new face
20010627,city.mumbai,Bombay Snapshot: Hats of Bombay
20010627,india,Dear Prez; do you remember Ankara?
20010627,india,ED seeks custody of articles seized from JKIF men
20010627,home.science,Brain operation performed in China 5;000 years ago
20010627,india,Police kills 10 MCC men in Jharkhand
20010627,city.chandigarh,HC dismisses petition by city-based businessman
20010627,india,Ram responsible for demolition of mosque: Katiyar
20010627,india,Saints to take final call on temple construction
20010627,city.kolkata,Naga student leader for extension of ceasefire
20010627,city.patna,10 MCC men killed in police encounter
20010627,india,Dara Singh associate arrested
20010627,india,HC dismisses Enron plea
20010627,city.patna,Division of assets; liabilities between BSEB & JSEB
20010627,city.delhi,Police have no strategy to check misuse
20010627,city.bengaluru,Rule against thin polybags has been there on paper
20010627,city.mumbai,Police volunteer system a big hit
20010627,india,Cabinet paves way for extension to Cabinet Secy
20010627,india,Bring along PoWs; Sena tells Musharraf
20010627,unknown,AICTE nod for 130 more engg seats
20010627,india,Manmohan blames govt's economic policies
20010627,city.mumbai,Two HC judges sworn in
20010627,home.science,Size does matter; say scientists
20010627,city.patna,Mass exodus of trade majors continues
20010627,city.delhi,Walia seeks explanation for LNJP lapse
20010627,city.ahmedabad,Student dies as school building collapses
20010627,city.delhi,Mayor tells retired MCD officials to vacate flats
20010627,india,Act 1 of Manipur drama ends with ceasefire review
20010627,city.hyderabad,Naidu takes a dig at TRS donor meet
20010627,city.bengaluru,Police misuse Net ... yeh bill mangey more
20010627,unknown,Charges to be filed against Narvekar
20010627,india,Key witness in Gulshan Kumar case found dead
20010627,unknown,Derailment takes holiday specials off tracks
20010627,city.patna,'PMC unable to fulfil people's expectations'
20010627,india,Laden orders blasts at US installations in India
20010627,city.hyderabad,Cong ready for debate with CM on development
20010627,city.lucknow,Powermen stage stir; demand Enron's exit
20010627,india,Musharraf to spend an hour at Taj Mahal
20010627,city.hyderabad,Feeling the heat cops abandon traffic booths
20010627,india,NDA to discuss Naga ceasefire: Fernandes
20010627,city.mumbai,Key witness in Gulshan Kumar case found dead
20010627,india,Corporates hope for Pak clearance to gas pipeline
20010627,city.chandigarh,Chauhan files anticipatory bail application
20010627,india,Manipur leaders seek President's intervention
20010627,home.science,Tata Cellular launches Voice Me service
20010627,city.lucknow,AU students gherao chief minister's secretary
20010627,city.delhi,Private schools found overcharging students
20010627,city.hyderabad,Congress struggles to find a candidate
20010627,city.lucknow,BJP bid to strengthen base
20010627,city.lucknow,Dy mayoral polls may be held soon
20010627,india,Cabinet clears Competition Bill to phase out MRTPC
20010627,india,Major among 25 killed in J&K
20010628,city.pune,3 sentenced to jail terms for abetting suicide
20010628,unknown,Needless fuss
20010628,city.patna,Workers; engineers give an ultimatum to BSEB
20010628,city.thiruvananthapuram,Train mishap: Screw pile gave way first
20010628,india,No US access to military bases; asserts Govt
20010628,city.chandigarh,Another Major charged with cowardice
20010628,entertainment.hindi.bollywood,Abhishek reserves 'special appearance'
20010628,city.bengaluru,Train mishap: Screw pile gave way first
20010628,unknown,MK flays ex-minister's arrest
20010628,unknown,He has a suggestion for PM; Musharraf
20010628,city.pune,West should remove subsidies as per WTO: Pawar
20010628,unknown,5 new long-distance trains from south
20010628,city.bengaluru,Colleges won't lose 3 depts after all
20010628,city.hyderabad,City cinema halls not geared to fight fire
20010628,city.delhi,CBI gets 3 months to complete probe in Verma case
20010628,city.lucknow,BJP out to cash in on BC bickerings
20010628,unknown,Increase in liquor fee hits industry in Goa
20010628,city.pune,NIIT to double overseas training centres
20010628,india,Trinamul; Congress MLAs want continuance of pact
20010628,city.bengaluru,Prema wants 5-year term for mayors
20010628,city.chandigarh,BSP to keep equidistance from Cong; Akalis
20010628,india,PM may have to put off major Cabinet reshuffle
20010628,unknown,Recruitment drive for Army from July 5
20010628,city.delhi,HC reserves order on anti-impotence drug
20010628,city.thiruvananthapuram,There's no money for new courses
20010628,unknown,Sudhakaran remanded till July 4
20010628,cricket,We should have won easily
20010628,entertainment.hindi.bollywood,Mumbai cinema halls beef up security for 'Gadar'
20010628,city.patna,BSEB panel for proceedings against guilty
20010628,city.ahmedabad,Hall attacked by anti-'Gadar' mob resumes screening
20010628,city.delhi,Andhra for breakfast; Kashmir for dinner!
20010628,city.delhi,JK militants claim Pant invited them for talks
20010628,city.mumbai,Anticipatory bail for Tyagi opposed
20010628,city.chandigarh,Major found guilty of disobedience during Kargil conflict
20010628,unknown,Will hockey get the attention it deserves?
20010628,city.hyderabad,CM urged to stall HCL privatisation
20010628,city.mumbai,Shekhar Suman insures life for Rs 10 cr
20010628,city.mumbai,Agra summit will not yield any result: Thackeray
20010628,unknown,Medwin holds razor-edge
20010628,india,Musharraf-Hurriyat meet not welcome; says India
20010628,city.delhi,Super Bazaar issue referred to Cabinet
20010628,india,The General is a sensible and a noble person
20010628,city.kolkata,No wishing away Ichhamati rage
20010628,city.hyderabad,Hyderabad University and Sun Microsystems sign pact
20010628,unknown,Anand; Kramnik draw first two boards
20010628,city.mumbai,BEST may reinvite bids for fibre optic cables
20010628,india,Next round of Sino-India border talks tommorrow
20010628,business.india-business,A cellular giant is born
20010628,city.patna,Shortage of meter readers hits power board
20010628,city.pune,Verdict in high-profile murder trial on Friday
20010628,india,Jaya to extend special courts' term
20010628,india,HC asks Red Fort shootout case accused to surrender
20010628,india,Manipur movement may fall into militants' hands
20010628,city.ahmedabad,'Govt aid went to upper castes; NGOs' to Dalits; minorities'
20010628,india,Man lying in coma for 17 years
20010628,entertainment.hindi.bollywood,Aamir Khan to bring extra footage to 'Lagaan'
20010628,unknown,Demand to include Gavdas; Kunbis in OBC list
20010628,city.ahmedabad,Dry spell causes concern; 50 talukas hit in Saurashtra
20010628,entertainment.english.hollywood,Moulin Rouge
20010628,city.ahmedabad,Keshavanand exonerated from all charges
20010628,city.delhi,Trouble over screening of Gadar
20010628,city.kolkata,Alert as DVC releases water
20010628,city.hyderabad,GPS introduced in Ranga Reddy district
20010628,india,Cong keeps mum on Mamata's remarks
20010628,city.kolkata,Come animals; tribals prefer tree houses
20010628,unknown,Train accident toll rises to 51
20010628,city.bengaluru,Monsoon: No need to press the panic button
20010628,city.chandigarh,Muslim intellectuals discuss Wakf board functioning
20010628,city.mumbai,BMC turns a deaf ear to pedestrians' demands
20010628,city.lucknow,Speaker's plea to abstain from intoxicants
20010628,cricket,ACB announces ODI series with India
20010628,cricket,Stewart quizzed by Condon's team
20010628,city.pune,Film-hungry fans lap up Gadar; Lagaan fare
20010628,entertainment.hindi.bollywood,Big B is all praise for brave little Aamir
20010628,city.thiruvananthapuram,Train accident toll rises to 51
20010628,city.bengaluru,Unfair exchange: Give bribe; get no job
20010628,city.chandigarh,BJP national executive to meet in Amritsar
20010628,city.kolkata,NGOs fight uphill drug battle
20010628,unknown,Residents ask CM to stop child prostitution
20010628,city.kolkata,Torture methods needed to hasten probe; say cops
20010628,city.hyderabad,Forest official guilty of smuggling re-appointed
20010628,unknown,Venues will be spruced up; says minister
20010628,city.ahmedabad,Crop loss due to drought this year Rs 6;881 cr
20010628,city.thiruvananthapuram,Committee to study power tariff hike
20010628,india,Khalistan dreamer Chauhan is back home
20010628,entertainment.hindi.bollywood,Bipasha Basu gets serious
20010628,unknown,A meeting of tech management minds
20010628,cricket,Lessons aplenty to be learnt from ZCU
20010628,city.thiruvananthapuram,Move over Coke; here comes Kerasudha
20010628,city.lucknow,LJP demands 23 pc quota for MBCs
20010628,entertainment.hindi.bollywood,Lagaan: Just perfect
20010628,city.patna,Centre's move takes Bihar by surprise
20010629,city.ahmedabad,NHRC chairman meets Keshubhai
20010629,unknown,Sudhakaran's bail plea rejected
20010629,city.hyderabad,Cong mocks Naidu for backing out of debate
20010629,unknown,Travel agents prefer physical transaction
20010629,entertainment.hindi.bollywood,I have no plans to perform in Pakistan: Lata
20010629,city.patna,Fodder scam cases review today
20010629,city.kolkata,Bengal budget passed without much ado
20010629,unknown,Marketing body mooted for fishermen
20010629,india,Sisters get death penalty for killing 9 children
20010629,city.lucknow,Samata Party to fight on 105 seats in UP
20010629,city.kolkata,Bengal govt to cut down on expenditure
20010629,unknown,DGP rejects Veerappan's offer to surrender
20010629,city.ahmedabad,Women BJP corporators storm into mayor's office
20010629,city.patna,Marandi govt has fallen short of expectations
20010629,city.mumbai,No threat to MHADA-built houses: BMC
20010629,city.kolkata,Cong reacts sharply to criminals' arrest from stadium
20010629,business.india-business,It's official; Batata; BPL announce merger
20010629,city.hyderabad,Congress renews its challenge to CM
20010629,city.bengaluru,This Samaritan gives love and food to orphans
20010629,city.patna,Gaya telecom dist defaulters owe Rs 6 cr to BSNL
20010629,city.bengaluru,Slack BCC engineers; health inspectors pulled up
20010629,city.mumbai,Pakistan will not launch air attack on Mumbai
20010629,city.patna,HC refuses to intervene in TVNL case
20010629,city.thiruvananthapuram,Kadalundi bridge was written off 12 years ago
20010629,unknown,Goa invests Rs 4.3 crore to rebuild Gujarat village
20010629,city.chandigarh,Pathankot to enter air map from tomorrow
20010629,city.delhi,Rs 87 cr for new bridges on drains
20010629,unknown,Oppn ruckus forces Stalin to cut short meet
20010629,india,PF claims to be settled in 2-3 days
20010629,city.kolkata,Mamata flays Bengal govt over Salt Lake issue
20010629,city.pune,BPL Mobile announces new tariff
20010629,india,Khalistan undercurrent strong in West: Chauhan
20010629,city.bengaluru,Rs 252 crore interest on farm loans waived
20010629,city.ahmedabad,BSF; police lookout for 2 infiltrators in Kutch
20010629,entertainment.hindi.bollywood,Manoj Bajpai wants a change
20010629,city.thiruvananthapuram,Panel to stop women's harassment
20010629,entertainment.hindi.bollywood,Shah Rukh Khan miffed at Lady Luck
20010629,city.mumbai,Three additional commissioners to be promoted
20010629,india,Manipur students body warns political parties
20010629,city.thiruvananthapuram,Murdered woman's body exhumed
20010629,city.hyderabad,BJP to go it alone in Kurnool
20010629,business.india-business,A-I share deal to boost sell-off price
20010629,city.lucknow,Committee for social justice a mere election stunt: Mulayam
20010629,unknown,IIT branch in Goa on the anvil
20010629,city.delhi,Fake US visa racket busted; four held
20010629,unknown,Goa varsity will enjoy autonomy: CM
20010629,city.chandigarh,Finally Chauhan reaches home
20010629,city.pune,Pawar asks people to protest ban on onion export
20010629,unknown,STF offensive a bid to suppress truth: Nedumaran
20010629,city.lucknow,UP govt sets up committee for reservation issue
20010629,city.patna,BJP demands special House session on law and order
20010629,city.ahmedabad,Gujarat University student beats up professor
20010629,unknown,Govt takes new look at evacuee property
20010629,city.chandigarh,Centre to set up centres for disabled in Haryana
20010629,city.hyderabad,TDP-BJP talks hit snag in Guntur
20010629,india,Tehelka panel issues notice to Yashwant Sinha
20010629,city.chandigarh,Balyogi wants code of conduct for legislators
20010629,unknown,Jaya refuses to hear media complaint on reporter's arrest
20010629,city.delhi,Four Kashmiri militants seek bail
20010629,city.delhi,Mayawati seeks job quota for MBCs
20010629,city.ahmedabad,ISI agent stabbed inside Sabarmati jail
20010629,city.kolkata,Oppn stalls House proceedings over Salt Lake case
20010629,city.bengaluru,Rabid wildlifer ready with bandit tale
20010629,city.thiruvananthapuram,India rises in list of most corrupt countries
20010629,business.india-business,Hindujas are not pulling out: Shourie
20010629,city.mumbai,NCP protests MTNL charging telephone rent
20010629,city.lucknow,Ayodhya case: UP seeks Advocate General's opinion
20010629,city.bengaluru,3 more BCC projects will see light in August
20010629,city.chandigarh,Haryana plans to install cobalt therapy units
20010630,city.bengaluru,No cassette received from the brigand: Kharge
20010630,business.india-business,Panel calls for freeing agricultural marketing
20010630,city.delhi,West Delhi jeweller fleeced
20010630,city.bengaluru,75 foreign films to be shown in international fest
20010630,city.bengaluru,Hindi essential to keep country together: Sushma
20010630,city.bengaluru,We are for freedom of press
20010630,city.delhi,MTNL seeks to restrain laying of telenet cables
20010630,unknown,Will hockey get the attention it deserves?
20010630,city.mumbai,Star unveils new lineup to woo weekend viewers
20010630,india,Kashmir not a barometer to Indo-Pak relations
20010630,unknown,Allocated appeals most
20010630,unknown,Karunanidhi; Stalin arrested
20010630,city.bengaluru,Pak too invited for film fete
20010630,india,Call to protect intellectual property rights
20010630,india,Down memory lane; a la Zia?
20010630,india,Tech hiccups mar tele-conference on women's issues
20010630,business.india-business,Toontown reaches out to India
20010630,city.mumbai,State govt portraits go missing
20010630,city.delhi,Court frees criminal; police team uneasy
20010630,india,Focus on farm sector in 10th Plan: Vajpayee
20010630,city.mumbai,Fardeen Khan exempted in cocaine seizure case
20010630,cricket,Disparity in Badal's constituency: Prasad
20010701,unknown,How They Grew Rich
20010701,cricket,India stamp authority with easy win
20010701,cricket,4 held on charges of betting
20010701,unknown,How they grew rich
20010701,cricket,Zimbabwe need to pull up their socks
20010701,cricket,This Indian side is full of promise
20010702,india,Why is the Govt soft towards Khalistan leaders?
20010702,unknown,New avatar of online advertising
20010702,entertainment.hindi.bollywood,Love Ke Liye Kuch Bhi Karega
20010702,removed,The threat of green fascism
20010703,entertainment.hindi.bollywood,June is Sunny Deol's lucky month
20010703,unknown,Indiabulls launches F&O trading online
20010703,cricket,Harvinder; Mohanty performances heartening
20010703,india,'Disruption of 'Gadar' part of sinister plan'
20010703,india,Kanpur riot-hit await justice
20010703,india,Curiously; moderate Muslim leaders want SIMI banned
20010703,india,Pak soldier among 20 killed in J&K
20010705,city.mumbai,Probe ordered into Gulshan murder witness's death
20010705,city.delhi,CNG conversion firms get a raw deal
20010705,india,TN police issue clarification on arrest
20010705,india,Display of video clipping flayed; DMK for legal action
20010705,city.lucknow,Carpet traders seek better facilities
20010705,city.mumbai,Sanjay Dutt denies charges in bomb blast case
20010705,india,Army foils infiltration bid in Drass
20010705,india,Swaggering commandos chase shadows in amchi Mumbai
20010705,city.hyderabad,AISF protests lathicharge on Kurnool volunteers
20010706,cricket,New cricket stadium to come up in Jaipur
20010706,unknown,Bill Gates HailStorm to revolutionise .Net services
20010706,india,Karunanidhi cases will be pursued: AIADMK
20010706,cricket,Karsan Ghavri to coach Bengal Ranji team
20010706,unknown,IBM India announces range of PCs
20010706,business.india-business,Govt package to face difficulty in redeeming US-64 fully
20010707,cricket,We wanted to keep winning streak going
20010707,india,Thousands of women protesters lay siege around Imphal
20010707,city.delhi,Ex-Nizam's jewels to be on display in Delhi
20010707,india,India shrugs off Pervez letter as 'non-issue'
20010708,cricket,Indo-Pak cricket match in Sept?
20010708,entertainment.english.hollywood,Media merger wave hits China ahead of WTO entry
20010708,business.india-business,Grasim industries; workers reach closure agreement
20010708,city.delhi,Case against former Imam withdrawn
20010708,entertainment.hindi.bollywood,Madhuri Dixit: Yeh raaste hain theatres-goers ke!
20010708,unknown,Hockey camp to remain in Jammu: IHF
20010708,unknown,Swati; Prakash agree to quick draw
20010708,business.india-business,DSE provides liquidity in US-64 for small investors
20010708,india,Lashkar assures Amarnath Yatra pilgrims
20010708,unknown,An unsustainable social contract
20010708,unknown,Indians register victories at blind chess meet
20010708,removed,Don't expect justice from a kangaroo court
20010708,business.india-business,Price rigging needs to be checked
20010708,entertainment.hindi.bollywood,Amir bowls over Pink City
20010708,india,TN sets up one-man panel to probe police excesses
20010708,entertainment.english.hollywood,Australia gets a treat of Hindustani music
20010708,india,News channels vie to capture Agra summit live
20010708,india,Film stars to lend colour to UP poll campaign
20010708,india,Hussain's brush with Agra for peace
20010708,unknown,Mahesh-Elena team in Wimbledon semi-finals
20010708,unknown,Madras monsoon races during Aug/Sept
20010708,cricket,India fail at the crunch; once again
20010708,home.science,Drug to control diabetes-related eye damage
20010708,india,Manipur MLAs; MPs threaten to resign
20010708,business.international-business,Pak studying response to Indian offer to reduce tariffs
20010708,india,Stalin out on bail; to take legal action against police
20010708,cricket,Dighe; Sodhi fail to take India through
20010708,entertainment.hindi.bollywood,Sushmita Sen: Doubly special
20010708,city.delhi,Delhi police issue guidelines on processions
20010708,unknown,Cyberglobe bags ISO 9001 certification
20010708,cricket,Dighe; Sodhi fail to take India through
20010708,unknown,Mohan Bagan looking for greener season
20010708,entertainment.hindi.bollywood,Abhishek Bachchan: Sincerity pays!
20010708,cricket,India go down fighting to West Indies
20010708,business.international-business,G-8 finance ministers hold summit in Rome
20010708,cricket,India-Pak cricket match slated for September
20010708,india,No quick fix on Kashmir possible
20010708,removed,The death-knail of debt trap
20010709,unknown,Make ragging a cognisable offence; says Cong MLA
20010709,unknown,Indian DGMO welcome to Pak: Musharraf
20010709,unknown,10 more Coast Guard stations soon
20010709,india,Siachen dispute can be solved
20010709,city.bengaluru,Govt vehicles with Kannada number plates go scot-free
20010709,india,People may not allow Manipur Govt to function
20010709,city.lucknow,No truck with Cong in UP: NCP
20010709,cricket,Indian cricket grounded by mediocrity
20010709,business.international-business,China not dumping goods into India: CII
20010709,unknown,Delhi-Nagercoil superfast train soon
20010709,unknown,Indian DGMO welcome to Pak: Musharraf
20010709,city.hyderabad,Rosaiah reiterates free power promise
20010709,city.kolkata,Centre bypassing parties in important decisions
20010709,city.ahmedabad,Mi-8 crash was due to 'pilot distraction': SWAC chief
20010709,unknown,IT jobs are here again!
20010709,city.bengaluru,70 per cent turnout in local body polls
20010709,cricket,We made a mess of it; laments Ganguly
20010709,city.hyderabad,Probe all unanimous poll winners: CPI
20010709,city.lucknow,De-silting of canals on war-footing: Minister
20010709,city.bengaluru,Wild elephants gore woman to death
20010709,city.kolkata,Row between CPM leaders; sports minister deepens
20010709,city.delhi,Major disaster averted at Delhi airport
20010709,india,India; Bangladesh agree on passenger train service
20010709,city.kolkata,KPP leaders differs on armed movement
20010709,unknown,Hurriyat row won't affect summit: Pak
20010709,city.ahmedabad,ACB has teeth; but needs permission to bite!
20010709,city.hyderabad,YSR complains for police high-handedness
20010709,city.delhi,Traffic cops to put up city maps for Afro-Asian Games
20010709,city.delhi,CBI traces 4 bank accounts of former ED official
20010709,city.pune,NIIT ties up with Citibank; IFC for educational loans
20010709,unknown,Jaya concedes Guruvayur temple plea for wood
20010709,city.mumbai,BJP lashes at state govt for fund mismanagement
20010709,city.chandigarh,Summit will help solve vexed issues: Dhindsa
20010709,business.india-business,Fall in volumes may force DSE to merge with BSE
20010709,city.lucknow,Indo-Pak summit brings Agra into prominence
20010709,city.mumbai,Blast accused denies sending people to Pak for arms training
20010709,cricket,Tendulkar; Zaheer top averages
20010709,city.mumbai,Act demolishes dream of slum-free city
20010709,city.hyderabad,Not much expected out of PWG; govt talks
20010709,city.ahmedabad,Rain throws city life out of gear
20010709,city.bengaluru,Feeder canal row on water panel agenda
20010709,city.patna,Rs 8.14 cr Central grant for AIDS control
20010709,city.kolkata,Manipur faces political uncertainty
20010709,business.india-business,Telecom M&A: Small firms see space to survive
20010709,india,Need to curb police highhandedness
20010709,city.kolkata,Trinamul trains its guns on Calcutta Municipal Corp
20010709,unknown,LTTE brands Sathya Sai Baba anti-Tamil
20010709,city.ahmedabad,Six crude bombs found on MSU campus
20010709,cricket,Selectors can't ignore good fielders any more
20010709,city.pune,CDAC installs supercomputers at 12 institutions
20010709,unknown,Euclid shuts shop in India
20010709,city.lucknow,'Chalo Gaon Ki Sune' to be launched again: Kalraj
20010709,business.india-business,Making the mission possible
20010709,city.lucknow,UPCC strengthening organisational base
20010709,unknown,Top co-op bank officials implicated in scam
20010709,india,Mudgal to sing for Musharraf
20010709,unknown,DMK complains to President against probe
20010709,unknown,Hurriyat row won't affect summit: Pak
20010709,business.india-business,Make UTI an asset management firm
20010709,india,UP craftsmen keen on presenting gifts to Musharraf
20010709,business.india-business,US-64: Paid more earned less
20010709,city.mumbai,BMC may regularise small industrial units
20010709,unknown,Medical centre opened at Margao for policemen
20010709,unknown,State credit deposit ratio down
20010709,unknown,Cabletron charts $50m India investment
20010709,india,Centre to review Naga ceasefire extension
20010709,unknown,'Private players can boost India's military prowess'
20010709,city.bengaluru,Voters wooed with rice and sarees
20010709,business.india-business,Godbole panel recommends privatisation of MSEB
20010709,cricket,A matter of few butterflies
20010709,india,Police reporting for Indian origin visitors opposed
20010709,unknown,New system does not favour Indians: Padukone
20010709,city.patna,Reservation quota not to exceed 50%: Marandi
20010709,city.chandigarh,PM's intervention sought to dissolve PGPC
20010709,business.india-business,US-64 crisis not 'disastrous': AMFI chief
20010709,unknown,Japan hammer Thailand; win title
20010709,city.patna,Thakur against closure of library
20010709,city.patna,Cong dissidents not to reply to show-cause notices
20010709,city.patna,Replace 'dumb' Rabri; Modi urges Laloo
20010709,city.delhi,Arguments in Bofors case may begin tomorrow
20010709,city.ahmedabad,Executive Council grants affiliation to 15 colleges
20010709,city.chandigarh,Dhillon dubs Chauhan's return as 'betrayal of Sikhs'
20010709,unknown,Theft bid: One gets bail
20010709,unknown,Bradford burns in mainland Britain's worst riots
20010709,unknown,Jayalalitha terms Ramadoss opportunistic
20010709,city.thiruvananthapuram,Jaya nod for sandalwood to Guruvayur temple
20010709,city.hyderabad,PWG's tit for tat for TDP-BJP combine
20010709,city.delhi,Yamuna Pushta; mandi to be relocated; says Kapoor
20010709,india,India unruffled by Pak rhetoric
20010709,india,BJP leader's arrest a blow to party's poll prospects
20010709,unknown,Jeev finishes joint third at Hiroshima
20010709,unknown,Sriram Jha maintains lead
20010709,india,DGMO likely to visit Pakistan on Tuesday
20010709,city.thiruvananthapuram,Kerala giving top priority to IT: CM
20010709,city.mumbai,Maharashtra seeks WB support for reforms
20010710,india,Nitish tells rail managers to ensure safety; efficiency
20010710,india,Flood situation in Orissa worsens
20010710,city.delhi,Social scientists upbeat about summit
20010710,india,Division of Kashmir will invite catastrophe: QMC
20010710,entertainment.hindi.bollywood,Nandita Das' second coming
20010710,city.thiruvananthapuram,Groom 72; bride 62 tie the knot
20010710,entertainment.hindi.bollywood,Arjun's new role
20010710,unknown,Can Alis score an ace of sorts?
20010710,india,ICSSR member quits
20010710,india,Centre; states close to agreement on power reforms
20010710,india,Unilateral concessions can backfire
20010710,city.thiruvananthapuram,Heavy rain in south Kerala disrupts normal life
20010710,india,India; Pak can't isolate Hurriyat: Bhat
20010710,city.thiruvananthapuram,Palmolein case: Notice to Karunakaran
20010710,city.bengaluru,11 aboard Tata Sumo die in bus smash
20010710,cricket,Yuvraj; Khurasia; Sanghvi recalled
20010710,cricket,Zimbabwe tour was good exposure for youngsters
20010710,india,50 yrs' 'terms of estrangement' still on
20010710,india,Govt search for 'fighting fit' hospital in Agra
20010710,india,Jaya gets two weeks to file reply in TIDCO case
20010710,india,PWG puts five conditions for truce
20010710,city.mumbai,Heavy rains lash Mumbai; affects normal life
20010710,home.science,Hi-tech farming equipment to be developed
20010710,unknown,Japan; India through to final
20010710,city.mumbai,Cabinet will decide on Enron on Wednesday
20010710,india,Cong dissidents not to reply to show-cause notices
20010710,unknown,Jeev Milkha breaks into top-200
20010710,city.delhi,Hearing of Manu's bail plea deferred
20010710,unknown,'Drained out' Tollygunge prepare again
20010710,city.delhi,HC declines to intervene in MoU for Taj maintenance
20010710,home.science,HP; Intel roll out itanium-based systems
20010710,india,Institute dupes students of crores
20010710,city.mumbai,3 Salem gangsters arrested for Dewani's killing
20010710,unknown,Endorsement is the new Maharaja
20010710,city.thiruvananthapuram,Landslide: Lensman missing
20010710,india,24 feared drowned in Uttar Pradesh boat capsize
20010710,city.bengaluru,Drunkards take over Nandi Hills
20010710,india,Army court orders major's dismissal
20010710,india,PM's call fails to calm Manipur; angers Nagaland
20010710,city.delhi,New CNG norms likely this week
20010710,india,Parents of imprisoned boys pin hopes on summit
20010710,india,Heavy rains lash Mumbai; affects normal life
20010710,india,BJP National Executive meeting from Aug 3
20010710,unknown,Leela pips Naren in pulsating finish
20010710,city.mumbai,3 Chhota Rajan aides killed in encounter
20010710,city.bengaluru,BCC now has a 3-pronged plan
20010710,india,Rabri does not bunk office: Laloo
20010710,india,PM; Musharraf can build upon Lahore MoU
20010710,cricket,Cronje starts sports club
20010710,city.mumbai,NCP will never join hands with Sena-BJP
20010710,cricket,Sachin's injury: A big blow to India
20010710,city.bengaluru,Pregnant woman dies; 9 hurt in building mishap
20010710,india,Summit brings Agra into prominence
20010710,india,Parties back Vajpayee's core concerns on Summit
20010710,india,India offers visas to Pakistanis at the border
20010710,city.delhi,TV channels better their best for the summit test
20010710,india,AIADMK to contest four RS seats; TMC given one
20010710,india,Minimum wages fixed for unskilled labourers
20010710,home.science,Amitabh launches crusade against cancer
20010710,unknown,Kalra best in fray
20010710,city.bengaluru,BMP tightens its belt
20010710,india,Karunanidhi to boycott judicial probe
20010711,city.thiruvananthapuram,Minister takes week-end custody of son
20010711,city.bengaluru,Rowdy hacked to death in Vijayanagar
20010711,city.ahmedabad,Another scam surfaces in Vadodara telecom
20010711,city.patna,BJP MLA surrenders; refused bail
20010711,city.kolkata,Fee hike in govt aided colleges
20010711,city.delhi,And now; Planet M in Karol Bagh
20010711,city.bengaluru,Chikka Vidhana Soudha plan deals a big blow to heritage
20010711,city.mumbai,Thackeray opposes giving Jinnah House to Pak
20010711,unknown,Unborn baby undergoes surgery
20010711,india,Omar Abdullah sent as special emissary to Libya
20010711,city.chandigarh,Bye-elections for civic bodies in Punjab on July 29
20010711,city.pune,Bharati Vidyapeeth gets exemption from octroi
20010711,city.bengaluru,Doctors to be paid more
20010711,city.delhi,Give up old secretariat; Jagmohan tells Dikshit
20010711,unknown,Bush's India visit can't be confirmed: White House
20010711,unknown,Do not brush aside TRS; Hegde tells Naidu
20010711,entertainment.hindi.bollywood,Hysteria all around
20010711,india,TN govt seeks more time from NHRC on assault report
20010711,city.bengaluru,Beer drinkers want bigger kicks
20010711,city.hyderabad,Centre working on procedure to arrest ministers
20010711,unknown,Jaipal unhurt as dais collapses
20010711,unknown,Broadcasting: Cutting edge lies in alliance
20010711,city.chandigarh,10 IAS officers transferred in Haryana
20010711,business.india-business,Strenghten Indo-Pak trade ties: CII
20010711,city.kolkata,Who is afraid of the CAG reports?
20010711,india,HC vacates stay on I-T proceedings against Sasikala
20010711,home.science,Summer heat may lead to cardiovascular disease
20010711,entertainment.hindi.bollywood,HC bans showing of Tum Bin on cable; internet
20010711,city.lucknow,CM asks for reopening of Britsh Library
20010711,india,MTNL call centres for grievance redressal on anvil
20010711,india,Defence units' staff defer strike decision
20010711,city.lucknow,UP toughens stance on power sharing
20010711,city.chandigarh,SBI-life insurance scheme to be introduced in Punjab
20010711,city.pune,Amte launches satyagraha against SSP
20010711,unknown,Japan; India to meet in finals
20010711,india,SAARC project stymied by Indo-Pak tension
20010711,city.kolkata,State's ground water depleting at alarming rate
20010711,india,DoT throws norms to winds to accommodate violations
20010711,unknown,We will explain CM how to provide free power: Cong
20010711,india,Price of PDS wheat; rice reduced by 30%
20010711,city.delhi,Demolish Sainik Farms; enforce law: Panel
20010711,unknown,Blair condemns race riots as thuggery
20010711,city.thiruvananthapuram,State ties up with Railways to rev up tourism
20010711,unknown,East Bengal to suspend Bijen Singh
20010711,unknown,Tata to invest Rs 500 cr in Internet business
20010711,unknown,TV; Net key drivers of entertainment industry
20010711,city.patna,Landlord urinated in my mouth; alleges Dalit
20010711,unknown,When does ban end; ask fishermen
20010711,city.mumbai,Civic workers to decide on agitation over ex gratia
20010711,city.bengaluru,Despite slowdown; Infosys comes out tops
20010711,city.pune,Data points to rising pollution in city
20010711,city.lucknow,Cong demands special session to discuss quota issue
20010711,india,Daler Mehndi seeks security cover
20010711,business.india-business,Infosys sees Rs 800 cr profit this fiscal; Q1 net soars 56%
20010711,business.india-business,Distacom to sell its 49% stake in Spice
20010711,business.india-business,BPL to buy out France Telecom in Batata
20010711,unknown,Samsung's infotech arm claims 50% share in HDD
20010711,india,Jammu; Ladakh resent hype over Kashmir
20010711,city.mumbai,HC rejects plea againt Andheri flyover
20010711,india,Oppn does a volte face over summit agenda
20010711,cricket,Marsh; Healy inpsired Dighe
20010711,city.ahmedabad,Amdavadis meet their 'Waterloo' on city roads
20010711,unknown,25 yrs in Karachi-on-Thames & just 3 words of English
20010711,city.chandigarh,Haryana govt signs MoU with IBM
20010711,unknown,BAI meeting to consider Divya's inclusion
20010711,city.mumbai,MSEB proposes 30% tariff hike for domestic users
20010711,home.science,UNDP go-ahead to GM foods dismays opponents
20010711,city.thiruvananthapuram,Kerala under seige from rains
20010711,business.india-business,US slowdown takes its toll on Infosys
20010711,india,No change in status of LoC: India
20010711,city.hyderabad,Saratkumar is DMK's choice for RS seat
20010711,city.chandigarh,Cong demands announcement of paddy procurement price
20010711,unknown,Professor asked to act as principal
20010711,cricket,Tendulkar's injury caused by his left boot spike
20010711,india,19 militants among 25 killed in J&K
20010711,india,No-war pact can cut both ways
20010711,city.kolkata,CM rejects Centre's suggestion on massacre probe
20010711,city.ahmedabad,A Cong conspiracy; alleges Kanjibhai
20010711,city.hyderabad,HC upholds Dawaram appointment to STF
20010711,unknown,Elaborate security for polls
20010711,unknown,Vivid Dreams and Golden Throne favourites
20010711,city.kolkata,Trial run for Kolkata-Dhaka train today
20010711,entertainment.english.hollywood,Sweet November
20010711,city.lucknow,Rajnath; Sikh leaders criticised for inaction
20010711,home.science,India's health card reads 'poor'
20010711,city.patna,Fluorosis menace fails to move govt
20010711,city.delhi,School part of DLF City master plan
20010711,city.hyderabad,TN govt seeks more time from NHRC
20010711,city.patna,CBI move for sanction to prosecute Laloo; Jagannath
20010711,business.international-business,Indian Oil; Reliance among Forbes' international 500
20010711,business.india-business,NPP will not exempt R&D-savvy from DPCO
20010711,city.ahmedabad,Keshubhai attends BJP CMs' meet in Delhi
20010711,cricket,Tendulkar's absence a big blow: Wright
20010711,unknown,Issue of saw mills crops up again
20010711,city.ahmedabad,MSU students leaders protest against payment seat proposal
20010711,entertainment.hindi.bollywood,'Mafia' fear grips Bollywood
20010711,city.mumbai,GoM to tackle rehab of slum dwellers
20010711,unknown,Gaurav Gadodia keeps up winning streak
20010711,city.lucknow,Fernandes for contesting polls on common platform
20010711,city.thiruvananthapuram,It is not 100% literacy; but quality that matters
20010711,city.patna,Telecom staff go on lightning strike
20010711,city.pune,Villagers stall work on water plant in Warje
20010712,unknown,Subhash Ghai: Going great guns!
20010712,india,Petition seeks ban on cyberporn
20010712,india,Ketan Parekh seeks anticipatory bail
20010712,india,Manipur MLA's house attacked by militants
20010712,unknown,Ferrero stops seeds crashing
20010712,india,4 soldiers killed in Kargil blast
20010712,india,Yakub Memon pleads innocence
20010712,business.india-business,Bharti Cellular reduces airtime tariff for 'Magic'
20010712,home.science,India unveils space plane
20010712,unknown,TN boys; girls into finals of U-14 tennis
20010712,india,AJYCP to go ahead with 12-hour Assam bandh
20010712,unknown,Dhanraj Pillay to be dropped from tourney
20010712,india,Army chief reviews situation along Indo-Pak border
20010712,home.science,Govt to issue ordinance on sex determination
20010712,india,Unregistered pilgrims directed to other shrines
20010712,india,Karsan men offer to return money
20010712,home.science,China develops moth-free rice
20010712,unknown,Anand opens campaign against Morozevich
20010712,india,SC upholds govt order on international seminars
20010712,unknown,Rights issue may spoil China's Olympics bid
20010712,unknown,Club or country dilemma for players
20010712,business.india-business,ONGC nod for increasing production in major fields
20010712,unknown,Distance no bar for two Naga chess players
20010712,business.india-business,Rupee ends barely changed against dollar
20010712,unknown,Sophisticated riding complex for Delhi Police
20010712,unknown,Top corporate houses to cross swords
20010712,india,Contract killings need to be tackled by all: SC
20010712,india,Making a fine art of bribery
20010712,india,Militants targeting women; children; says J&K govt
20010712,india,Amrish Puri gets police protection
20010712,india,States cautioned on sex determination tests
20010712,india,Four factors that made Bangalore an icon
20010712,india,Mumbai varsity lends voice to stories
20010712,cricket,BCCI questions Jadeja's claim
20010712,india,Sohail Khan summoned by ED
20010712,unknown,Hockey stars to run academy with 'waste'
20010712,india,Sinha denies any resignation move
20010712,india,Students defy curfew in Manipur
20010712,unknown,The country should be disappointed; says Dhanraj
20010712,business.india-business,Essar slashes airtime tariff on cash card
20010713,city.kolkata,Mayor working on plans to weed out total corruption
20010713,business.india-business,Dupont on expansion drive in India
20010713,unknown,Rare jewels on display in Coimbatore
20010713,city.hyderabad,Left slams TD; BJP for rigging polls
20010713,city.lucknow,Commissioner for tripartite talks on fee hike issue
20010713,city.delhi,Security decried; but facelift praised
20010713,city.kolkata,Jyoti Basu receives Mother Teresa award
20010713,city.pune,Punjabi film-maker S S Phool dead
20010713,city.delhi,Robbers net over Rs 16 lakh in two incidents
20010713,unknown,Budget presented; HUDCO to pump in funds
20010713,unknown,Delaying solution to Kashmir will be very dangerous: Musharraf
20010713,edit-page,SACRED SPACEbrNurturing Relations
20010713,india,Naga organisations resent review of ceasefire
20010713,edit-page,Chandrika's Gauntlet
20010713,city.hyderabad,Mahbubnagar to witness four-cornered contests
20010713,city.ahmedabad,Violence makes a mark on NGU campus
20010713,city.patna,Private schools fleecing students; guardians
20010713,unknown,Govt mulls rebids for 4th cellular slot in 4 circles
20010713,city.thiruvananthapuram,Fake note racket: 4 held
20010713,city.ahmedabad,Bohra leader's birthday celebrated
20010713,unknown,A life powered by visions of academic excellence
20010713,edit-page,Escape from Agra
20010713,city.mumbai,Follow apex court guidelines on bandh: High Court
20010713,unknown,PeTA goes full blast on 'go-vegetarian' drive
20010713,city.thiruvananthapuram,Kerala asks Centre not to shift 3 vessels
20010713,city.kolkata,Three injured after contact with live wire
20010713,unknown,Erratic power cuts trigger ruckus
20010713,city.delhi,Clarification sought on inter-state buses
20010713,unknown,Roads in mining areas to be widened; concretised
20010713,unknown,IT industry records highest ever growth in 2000-01
20010713,city.ahmedabad,City constable convicted to 8 yrs in prison
20010713,city.ahmedabad,Charges are all fake
20010713,city.kolkata,Body of LF chairman Sailen Dasgupta laid to rest
20010713,city.delhi,Can and able but for the cable
20010713,city.patna,Govt orders probe into spurious drugs supply
20010713,business.india-business,Essel sells 50 lakh Zee shares to US investor
20010713,city.lucknow,AU admission panel's guidelines to students
20010713,city.mumbai,Dead man walking: Amar Upadhyay
20010713,city.ahmedabad,350 building plans pending due to officials' apathy
20010713,city.delhi,It's better rate than ever for tomatoes in the red
20010713,city.kolkata,Govt to set up lok adalats to speed up cases
20010713,city.chandigarh,Constable held for escape of undertrail
20010713,city.delhi,The road ahead: CNG queues to get longer
20010713,city.kolkata,Introduction of Tenancy Act draws flak
20010713,business.india-business,More bad news on growth front
20010713,business.india-business,Controls on sugar industry to go soon: Shanta
20010713,edit-page,Lets Talk Kashmir brVisas Scholarships are a Distraction
20010713,edit-page,MIDDLEbrMore Downs than Ups
20010713,unknown,Dhaka-Agartala bus service begins
20010713,business.india-business,Shourie denies favouring Tatas in Air India bid
20010713,city.hyderabad,Charminar to be traffic-free zone soon
20010713,city.lucknow,Heavy downpour disrupts life in Allahabad
20010713,city.lucknow,Govt's MBC escapades only an election stunt: Sathi
20010713,city.kolkata,Purulia armsdrop convict may be released soon
20010713,unknown,Sarathkumar files papers for RS
20010713,india,23 killed in Jammu and Kashmir
20010713,business.india-business,UTI package likely today?
20010713,city.lucknow,SP leader's call to workers
20010713,unknown,Medical transcription institutes are going empty
20010713,city.hyderabad,Despite cheating; we will win; says Congress
20010713,city.patna,Strike is over; but garbage; stink remain
20010713,city.lucknow,Mulayam lashes out at BJP
20010713,city.patna,Electric trains to be extended up to Danapur
20010713,city.delhi,Hotel owner gets damages for faulty EPABX
20010713,city.mumbai,Bollywood under Abu Salem's spell
20010713,india,Advani may talk tough with Musharraf
20010713,city.lucknow,Govt's stand on Kashmir condemned
20010713,city.pune,Lokmanya Tilak Award for M S Swaminathan
20010713,unknown,PSG Trust enters platinum jubilee year
20010713,city.hyderabad,Govt can't fix urban development charges: HC
20010713,city.lucknow,Farm support project launched
20010713,india,We can offer to live as good neighbours: Jaswant
20010713,city.thiruvananthapuram,Freeze on salary hike suggested
20010713,city.chandigarh,Rs 1.05 crore released for Kanyadan scheme
20010713,home.science,Biodegradable substitute for plastic
20010713,unknown,Blackwill confirmed as US ambassador to India
20010713,city.chandigarh,Inclusion of Sikh shrines in Indo-Pak talks sought
20010713,entertainment.hindi.bollywood,Madhuri Dixit: From Animosity To Amicability
20010713,unknown,IT pros may find a haven in Switzerland
20010713,city.hyderabad,TDP confident of winning 375 ZPTCs
20010713,city.hyderabad,We've done well: BJP
20010713,city.patna,Plea for full-time VC; pro-VC in Bihar varsity
20010713,city.ahmedabad,48 dams in Saurashtra getting fresh rainwater
20010713,edit-page,MIDDLEbrBride and Prejudice
20010713,unknown,Army says soldiers may have been involved in rape
20010713,city.lucknow,Life term for three
20010713,business.international-business,Dupont on expansion drive in India
20010713,city.mumbai,Revamp of state police is on the cards
20010713,city.kolkata,Girl gets job in railways after 18 years of wait
20010713,city.delhi,Police seize pirated books worth Rs 1 cr
20010713,edit-page,THE SPEAKING TREEbrAvatars Affirm Eternal Verities
20010713,city.mumbai,HC admits cyberporn complaint as PIL
20010713,business.international-business,Pak doesn't click with Indian IT training cos
20010713,city.delhi,Aks: A sneak preview
20010713,india,BJP apprehensive of 'failed summit'
20010713,city.patna,Rs 94 lakh spent but drains remain choked
20010713,city.hyderabad,VMC corporators up in arms against state govt
20010713,business.india-business,Maharaja will fly Chennai-HK direct
20010713,city.hyderabad,National oral health programme from today
20010713,city.kolkata,Police in a fix over hospital's refusal to inquests
20010713,city.kolkata,Woman sneaks into airport tarmac; lies down
20010713,city.kolkata,Biman Bose set to become Left Front chairman
20010713,unknown,Indians record fastest growth rate in New York
20010713,unknown,New project to bring more water to Chennai
20010713,unknown,Govt planning flyover at Bastora
20010713,unknown,Indo-Pak ties conducive for S Asia peace: China
20010713,india,Old ships being dumped on Indian ports: Coast Guard
20010713,city.kolkata,Man-elephant conflict posing severe threat
20010713,unknown,Brochure on Goa released
20010713,city.lucknow,Daily hearing in Ayodhya case
20010713,city.hyderabad,'Never-paid' cases owe Rs 29 crore to Water Board
20010713,city.hyderabad,Plea to end unsafe abortions
20010713,entertainment.hindi.bollywood,Manoj Bajpai: Kissed By A Mosquito!
20010713,city.hyderabad,Prof Baxi speaks to law students on Constitution
20010713,unknown,Goa's missing girls cause for worry; say specialists
20010713,city.lucknow,Minister invites students for talks
20010713,city.thiruvananthapuram,Nehru award for Leela Edwin
20010713,city.ahmedabad,MSU student leaders give 'total bandh'call
20010713,city.ahmedabad,Half of Rajkot lives in squalour
20010713,city.patna,It's an ordeal to travel on PG rail section
20010713,city.kolkata,I-T department revamped
20010713,unknown,Laden has raised 35;000-strong militant force
20010713,city.lucknow,HC quashes joint director's order
20010713,city.chandigarh,EC orders to expedite issue of photo ID cards
20010713,unknown,Indian IT firms facing challenging times: Premji
20010713,city.delhi,Who reined in the rain?
20010713,city.hyderabad,Azhar's case hearing on July 19
20010713,business.india-business,Investor protection fund likely by next week
20010713,city.hyderabad,Go places with 'Jumbo' passport
20010713,city.delhi,HC bans cable operators from showing Aks
20010713,city.lucknow,LNN drive against polythene
20010713,entertainment.hindi.bollywood,Akshaye Khanna: Worth The Wait!
20010713,city.ahmedabad,3 arrested in Padra land scam; hunt on for kingpin
20010713,unknown,Trains to run on diverted routes
20010713,business.india-business,HC issues contempt notice to Netware Infosys
20010713,business.india-business,Biocon; TransCorp in technology battle
20010713,city.mumbai,UTI crisis to aggravate
20010713,city.mumbai,Sohail Khan grilled for alleged forex earnings
20010713,business.india-business,Govt may amend Act to allow RBI to lower SLR
20010713,city.kolkata,Consumer Information Centre inaugurated
20010713,unknown,Hashers to unwind in Goa bash
20010713,city.delhi,Cong MLAs move privilege motion against Jagmohan
20010713,unknown,Pak doesn't click with Indian IT training cos
20010713,city.hyderabad,Banjaras seek corporation for their welfare
20010713,city.patna,Staff lock up Garhwa college
20010713,unknown,Laden has raised 35;000-strong militant force
20010713,business.india-business,Investors urge Centre to intervene in US-64 scheme
20010713,city.patna,Govt orders probe into spurious drugs supply
20010713,india,Tribal ministry had questioned BALCO sale
20010713,city.delhi,Heightened threat of terrorist attack
20010713,city.mumbai,Bomb blast accused Yakub Memon pleads innocent
20010713,entertainment.hindi.bollywood,Amitabh Bachchan: In All My Bearded Glory
20010713,city.ahmedabad,Govt declares Vadodara 'cholera-threatened'
20010713,city.delhi,I think; therefore I am: Das spake Nandita
20010713,city.delhi,Four held on cheating charge
20010713,city.mumbai,4 arrested for 'kidnapping' hotel manager
20010713,india,Fernandes opposes troops pull back from Siachen
20010713,city.hyderabad,Lok Satta observers for Kurnool PR polls
20010713,city.chandigarh,Court notice to Punjab govt on Chauhan's bail plea
20010713,india,Agarthala-Dhaka bus formally flagged off
20010713,city.thiruvananthapuram,Kerala flood situation improves
20010713,unknown,Sincere officers won't be victimised: Jaya
20010713,city.delhi,An experiment with spirit of adventurism
20010714,city.bengaluru,Rs 2 cr sought for drought relief
20010714,city.mumbai,Rail police bust gang of thieves
20010714,city.bengaluru,Row over toddy tapping snowballs
20010714,business.india-business,Wilful defaulters should be sent to jail: Sinha
20010714,city.kolkata,Lack of infrastructure impeding industrial growth
20010714,city.pune,92 cases of octroi evasion exposed
20010714,business.india-business,JPC; govt set to train guns on HFCL; Zee
20010714,city.pune,Teacher held for raping blind students
20010714,india,Maharashtra buckles down under PWG threat
20010714,india,Lone's associate held for Charar-e-Sharief blast
20010714,india,PM; General want to rewrite history
20010714,unknown,HP Lab in India by the year end
20010714,india,Proposed Bill will curb power of CBI; CVC: Vittal
20010714,city.bengaluru,Outer Ring Road to wear a new look soon
20010714,city.bengaluru,Desiltation: Centre voices support
20010714,city.thiruvananthapuram,MPs; rly minister to review Kerala rail projects
20010714,unknown,Food processing to touch 10 pc by decade-end
20010714,city.kolkata,CMC hands over ponds to private parties
20010714,city.ahmedabad,Cholera; gastro cases on rise in city
20010714,india,Banks told to send big defaulters to jail
20010714,city.bengaluru,MUDA gears up to save Lingambudhi tank
20010714,city.bengaluru,Kodagu Planters' Association meets
20010714,business.india-business,Berger; ICI form JV to make auto; ind coatings
20010714,city.bengaluru,UAS Dharwad bags national award
20010714,city.chandigarh,Hussainiwala border point should figure in talks
20010714,city.delhi,Ding dong Aby Baby sings a song
20010714,city.delhi,Many Happy Returns. Love; Mummy!
20010714,business.india-business,Eli Lilly to make India global bulk drug outsourcing hub
20010714,city.bengaluru,Karnataka-Kerala task force to curb border crime
20010714,india,Centre urged to review medical colleges fees
20010714,city.kolkata,Metro Railway ticket counters inadequate
20010714,business.india-business,Rupee stages mild rally against $
20010714,india,Action plan to check Maoist activities in UP
20010714,india,Tripartite talks on Bodo issue held
20010714,unknown,Escape from Agra
20010714,city.chandigarh,Peace activist determined to reach India Gate
20010714,unknown,No hopes of justice from commission: MK
20010714,city.ahmedabad,Two-member team to probe VTD scam
20010714,city.mumbai,Officials shocked over 'error' for regularising slums
20010714,business.india-business,Guidelines for advisors; bidders for disinvestment
20010714,india,Fardeen exempted from appearing in narcotics case
20010714,city.mumbai,Sachin's foot in right form
20010714,city.kolkata,Govt allocates Rs 50 lakh for floods
20010714,city.delhi,For Imran; Kashmir is not an also-ran
20010714,city.chandigarh,Chautala stresses on modifications in WTO
20010714,business.india-business,Sinha confident of achieving indirect tax target
20010714,city.bengaluru,Jowar; ragi to be included in PDS
20010714,city.bengaluru,Engineering colleges of Tumkur will be networked
20010714,india,Remembering Delhi's phat-phatis
20010714,city.mumbai,IA; Jet flights to Delhi will be delayed today
20010714,city.delhi,SC seeks report on demolition of orphans' room
20010714,india,Probe ordered into spurious drugs supply
20010714,business.india-business,UTI redemptions at Rs 2;265 crore in June: AMFI
20010714,city.chandigarh,PM may raise issue of Sikh shrines with Musharraf
20010714,city.bengaluru,HP Lab in India by the year end
20010714,business.india-business,Skumars' flip-flop e-com venture
20010714,city.lucknow,Sexual harassment forces girl to commit suicide
20010714,city.lucknow,Procession in old city turns violent
20010714,india,Prime plot for Chavan trust raises eyebrows
20010714,city.bengaluru,Sub-treasury opens at Moodabidri
20010714,india,3 ultras; Army jawan among six killed in Kashmir
20010714,city.thiruvananthapuram,Antony budget: No cheer for guzzlers; taxing times ahead for traders
20010714,city.patna,Laloo haunts Marandi's 'Shravani fair' at Deoghar
20010714,city.chandigarh,Misconception about plastic should be removed
20010714,business.international-business,Improve quality to boost exports: Thai minister
20010714,city.bengaluru,Chithi now speaks in Hindi
20010714,city.lucknow,Union minister hopeful of better power scene in UP
20010714,india,SC notice to Sukh Ram in telecom scam
20010714,city.bengaluru,HDUDA financial position sound: Chairman
20010714,unknown,Sarath Kumar to try his luck in politics again
20010714,city.pune,Admissions to 11th standard begin
20010714,india,British official hopeful of Bleach's release
20010714,city.patna,CBI biased against Mishra; NCP tells governor
20010714,unknown,CBI chargesheeets Chennai Corp Commissioner
20010714,business.india-business,HC orders Bajaj Auto to make 701 workers permanent
20010714,city.lucknow,Mystery shrouds ABVP student leader's disappearance
20010714,city.thiruvananthapuram,Previous govt fiddled; while Kerala burned
20010714,city.patna,Ministers defend hike in perks
20010714,city.delhi,First tango with the Prez's taste buds
20010714,city.mumbai,Digging in with gusto
20010714,business.india-business,B.K. Modi to meet FIs again today
20010714,business.india-business,Promoters' stake in Zee Telefilms down to 59%
20010714,city.delhi,Three held for stealing forex worth Rs 3 crore
20010714,city.bengaluru,Lawyers demand permanent HC bench
20010714,business.india-business,Murdoch upbeat on Indian market
20010714,city.delhi,Daryaganj shops to stay open; but traffic will be stopped
20010714,unknown,HC paves way for chargesheeting Godinho
20010714,city.bengaluru,Coorg Council opposes Chelavara hydel project
20010714,business.india-business,Bengal sets up panel to decide on fate of PSUs
20010714,unknown,No polluting industries to be allowed; says minister
20010714,city.delhi,2 officials of Fire Service held for demanding bribe
20010714,city.kolkata,Musharraf's visit creates new haves and have-nots
20010714,india,June records highest toll of militants
20010714,city.chandigarh,Trade unions to go on strike on July 23-24
20010714,city.patna,Govt to submit fresh names for appointment of VCs
20010714,india,Protests against ceasefire continue in Manipur
20010714,india,Farmer wins back land after 55 years
20010714,india,Tension in Wokha town in Nagaland
20010714,city.delhi,School bus crisis escalates; so do fares
20010714,city.thiruvananthapuram,SC asks Pillai for additional documents
20010714,city.kolkata,Good news for city's heart patients
20010714,unknown,Rs 13 lakh earmarked for sanctuary
20010714,city.chandigarh,Trade unions to go on strike on July 23-24
20010714,city.lucknow,Naresh flays anti-reform staff
20010714,city.kolkata,Opposition demands probe into Wakf scam
20010714,city.ahmedabad,'Operation Daman' to enforce dry law in Surat
20010714,city.bengaluru,AIISH's hi-tech library opening today
20010714,india,The flip side of Goa's prosperity
20010714,city.bengaluru,Bank launches 3 new schemes
20010714,city.bengaluru,Water for TB canal by July 25
20010714,city.bengaluru,30;000 illegal houses to be regularised
20010714,city.bengaluru,Language enterprise software from iCode
20010714,city.ahmedabad,Shifting of lions from Gir draw legislator's ire
20010714,unknown,Do's and dont's for road users in monsoon
20010714,city.mumbai,Leptospirosis outbreak shows no signs of subsiding
20010714,unknown,State defends arrests in its reply to NHRC
20010714,city.bengaluru,Hegde gives wake-up call to Krishna govt
20010714,unknown,National Sample Survey underway
20010714,business.india-business,Sinha meets banks; FIs to tackle slowdown
20010714,city.chandigarh,PM may raise issue of Sikh shrines with Musharraf
20010714,india,2 CRPF jawans killed in ambush in Arunachal
20010714,india,UN report draws flak from eco groups
20010714,business.india-business,Improve quality to boost exports: Thai minister
20010714,unknown,Deer strays into village
20010714,unknown,All RS nominees to be declared elected
20010714,business.india-business,Sugar industry stands to gain in WTO regime
20010714,business.india-business,UTI to get bank loan for equity holding
20010714,unknown,Youths promised jobs abroad; cheated of Rs 10 lakh
20010714,city.bengaluru,Rain continues to lash DK
20010714,city.bengaluru,World meet on tropical biodiversity from Sunday
20010714,city.ahmedabad,Amarsinh who? Congress what?
20010714,city.pune,Need to probe several agencies in adulteration case
20010714,city.kolkata,Mamata has no option but to crawl back to NDA
20010714,india,Bail of accused in Gulshan case cancelled
20010714,city.thiruvananthapuram,Kerala joins hands with Karnataka to check smuggling
20010714,india,Monsoon session of Parliament from July 23
20010714,city.delhi,Shahi Imam's blessings
20010714,city.bengaluru,Bellary in the throes of cable war
20010714,city.bengaluru,Thefts rock Gadag
20010714,business.india-business,Divestment norms won't affect Morgan Stanely
20010714,city.delhi,Police fear parking muddle
20010714,business.india-business,Hunt for Nasscom president in last leg
20010714,city.chandigarh,Peace activist determined to reach India Gate
20010714,city.bengaluru,Mangalore student for children's meet in Japan
20010714,unknown,Mobile Internet needs killer applications: PWC
20010714,business.india-business,FIs to stay away from Modi Rubber open offer
20010714,city.chandigarh,Council urges meeting with Musharraf to discuss PoW issue
20010714,city.lucknow,Consumer fair a boost to industrial activity: Singh
20010714,city.bengaluru,Nanaiah warns erring officials
20010714,city.chandigarh,Chautala stresses on modifications in WTO
20010714,city.patna,Left parties to hold rally on Nov 7
20010714,business.india-business,Brokers meet on July 17 to chart action plan
20010714,city.bengaluru,Raichur advocates cry for changes in Bar rules
20010714,city.bengaluru,Smart cards to be issued to drivers in a year
20010714,city.chandigarh,Misconception about plastic should be removed
20010714,india,BSNL official set ablaze by driver
20010714,city.kolkata,Trinamul accuses govt of favouring promoters
20010714,city.kolkata,Biman Bose elected new Left Front chairman
20010714,city.delhi,Misplaced fear
20010714,city.delhi,Taking stalk of an official treebute
20010715,india,IT has little impact on rural Karnataka
20010715,city.delhi,'Gandhi's ideals need of the hour'
20010715,city.hyderabad,9 gangsters wanted for murders; looting held
20010715,unknown,Marriages are made at swayamwarams; blessed by brokers
20010715,city.patna,RJD leader demands compensation package
20010715,city.delhi,Air traffic normal
20010715,city.delhi,VVIPs get set for a new jet
20010715,city.hyderabad,Seminar on bridging the digital divide
20010715,unknown,Demo with a difference at Tiananmen Square
20010715,city.delhi,The dilemma of being Devyani
20010715,home.science,Chinese; French experts join hands on cloning laws
20010715,city.bengaluru,2 teenagers killed in hit-and-run
20010715,business.india-business,Indo-Myanmar border trade declining
20010715,unknown,Coast security official dies in mishap
20010715,unknown,STF denies rumours about abduction
20010715,city.hyderabad,Revive panel that probed Yeleru scam: Cong
20010715,city.mumbai,Jinnah Hall hosts silence; cobwebs of history
20010715,city.mumbai,Chhota Rajan gangster nabbed
20010715,city.ahmedabad,Varsity campuses continue to simmer
20010715,city.bengaluru,Fake cops rob counsellor
20010715,city.hyderabad,Sainik Welfare Dept may come under Revenue wing
20010715,india,Kashmiris not optimistic about Agra summit
20010715,india,Prisons are worse than hell: Phoolan
20010715,india,Peace talks between BNLF-Mizoram govt fizzle out
20010715,home.science,Microbological labs asked to undergo strict checks
20010715,city.mumbai,Indian Express' campaign costs it an apology
20010715,city.patna,Inland container depot at Fatuha soon
20010715,city.hyderabad,Plea to reduce excise duty on anti-AIDS drugs
20010715,entertainment.hindi.bollywood,Twinkle Khanna: The perfect wife
20010715,business.india-business,Militancy reduces poverty in Kashmir
20010715,city.hyderabad,ISCE schools have no computer teachers
20010715,city.hyderabad,Elaborate security for polls in Karimnagar
20010715,unknown,China deploying ballistic missiles: Rumsfeld
20010715,unknown,SWAMINOMICS
20010715,business.india-business,MONEY WISE brSensex faces a roller coaster
20010715,business.india-business,Forex reserves swell by $141 mn to $43;596 mn
20010715,unknown,6 more RS seats set to fall vacant
20010715,unknown,Moscow; Dhaka want peace to emerge from Agra
20010715,city.mumbai,Alexander for establishment of processing industries
20010715,business.india-business,Mphasis shareholders okay equity sale to Chrysalis
20010715,india,Air chief Tipnis does not salute Musharraf
20010715,city.hyderabad,Teachers discuss new trends in education
20010715,city.ahmedabad,Gastro; malaria on the rise in Surat
20010715,city.patna,BSRTC employees' woes unending
20010715,city.hyderabad,'Unity' in Congress may upset TDP's applecart
20010715,unknown,US looks for Pak flexibility on Kashmir
20010715,city.lucknow,LU students plan 'Chatra Panchayat' on July 19
20010715,unknown,Nepal heading for prolonged turmoil
20010715,city.hyderabad,TRS chief sees govt's hand in Madhava's killing
20010715,city.chandigarh,Panun Kashmir apprehensive about Vajpayee-Musharraf talks
20010715,entertainment.hindi.bollywood,Big B: In all his bearded glory
20010715,unknown,JUGULAR VEIN
20010715,city.ahmedabad,Vaghela to review merger with Congress
20010715,city.kolkata,Assam officials told to communicate through e-mails
20010715,city.delhi,Hey fuchcha; first day? Gotcha!
20010715,city.bengaluru,2 night travellers stabbed; robbed
20010715,city.bengaluru,Reaching for a composition that goes beyond religion
20010715,city.ahmedabad,Snag in state's computer literacy drive
20010715,city.delhi,Summit is fine; but what about visas?
20010715,city.hyderabad,Karnataka liquor flows into Kurnool
20010715,unknown,Nigerian Charles collapses; dies at Cooperage
20010715,city.kolkata,Vectra pricing being reworked
20010715,city.bengaluru,Maharani College celebrates 25 years
20010715,city.mumbai,Activists attack move to amend Slum Areas Act
20010715,city.bengaluru,Rs 15 crore more drought relief released
20010715,unknown,MEN & IDEAS
20010715,india,Leptospirosis claims 16 lives in Mumbai
20010715,city.ahmedabad,Tax evasion to tune of Rs 100 crore detected
20010715,city.lucknow,CM told to drop unpopular measures
20010715,entertainment.hindi.bollywood,Preity Zinta: Dancing queen
20010715,city.bengaluru,Woman ends life after killing baby
20010715,india,Massive rallies; protests in Manipur
20010715,city.delhi,Nondescript haveli turns into a must-see
20010715,business.india-business,Financial sector reforms jeopardise economy
20010715,india,Hurriyat gets only tea and sympathy
20010715,home.science,Hindu woman wins payout for cow cartilage operation
20010715,city.hyderabad,Transco office to make way for NTR museum
20010715,city.hyderabad,MCH gears up for elections
20010715,unknown,Revelry amid death threat; nepotism charges
20010715,city.thiruvananthapuram,Chemists seek tax withdrawal
20010715,unknown,Readers And Writers
20010715,city.chandigarh,Sick fertiliser units to be privatised
20010715,city.patna,Power engineers demand improved distribution system
20010715,city.patna,Govt decision on revised pay scales discriminatory
20010715,india,Manipur students threaten to launch separatist movement
20010715,city.bengaluru,4 killed in road mishaps
20010715,india,CBI to probe into irregularities in Bihar agri dept
20010715,city.hyderabad,Dastkar Andhra show on July 20
20010715,city.delhi,A portrait of the young man as an artist
20010715,city.delhi,A heart-to-heart date with chocolate
20010715,city.hyderabad,Repolling peaceful
20010715,city.pune,Uddhav Sena not afraid of Srikrishna report
20010715,business.india-business,UTI board fails to firm up exit route for US-64
20010715,city.lucknow,Pak students visit Loreto; SEWA
20010715,entertainment.hindi.bollywood,Govinda: Small screen blues
20010715,city.kolkata,GM India may hike margins of dealers
20010715,india,India; Pakistan do some plainspeaking
20010715,city.delhi,Tiger Woods? Derek Jetter? Kelly Dorji? Maybe!
20010715,city.delhi,Their bodies; our bodies
20010715,city.delhi,Visit begins on a palatable note
20010715,city.chandigarh,Investigating officers awarded certificates
20010715,india,Bangladeshi intruder killed in BSF firing
20010715,india,Talks fruitful; says Mushrraf
20010715,business.international-business,Commemorative coin for Beijing's Olympic bid success
20010715,unknown,China deploying ballistic missiles: Rumsfeld
20010715,unknown,Nose-job gives Hindu identity a facelift
20010715,city.delhi,Heavy bandobast keeps city on track
20010715,city.kolkata,Indo-Pak flags flutter at Kalighat temple
20010715,city.delhi,Sceptical city clings to hope
20010715,india,Settlements in no man's land hinders border fencing
20010715,city.hyderabad,Telangana groups seeks CM's apology
20010715,city.lucknow,Musharraf to meet city-based relative in Agra
20010715,city.bengaluru,Diabetes experts now target walkers
20010715,india,10 injured in grenade blast in Kashmir
20010715,india,Jammu bandh against Musharraf visit
20010715,city.thiruvananthapuram,Anglo-Indians want more college seats
20010715,city.hyderabad,Congress fights a losing battle in Sunday polls
20010715,city.delhi,Gunning for peace they soldier on
20010715,city.delhi,Sherbet for Musharraf
20010715,india,Chhota Rajan gangster nabbed
20010715,city.thiruvananthapuram,Onam trade fair in Kochi next month
20010715,city.mumbai,Underworld targets Bollywood big guns
20010715,india,Indian Express' campaign costs it an apology
20010715,city.bengaluru,Police give safety tips to hotel owners
20010715,home.sunday-times.deep-focus,HOPE FLOATS
20010715,city.patna,Musharraf's visit revives old bitter-sweet memories
20010715,city.bengaluru,Foot problem has roots in the back
20010715,unknown,Novack derails Corretja; runs into Ferrero
20010715,india,Enact legislation for temple construction: VHP
20010715,city.ahmedabad,Seven more MSU student leaders arrested
20010715,unknown,OUT OF COURT
20010715,city.bengaluru,Exam fee difference bothers students
20010715,city.delhi,Making song and dance about item numbers
20010715,india,AK-47 bayonets recovered from pond in Midnapore
20010715,india,10 ultras among 15 killed in Kashmir
20010715,city.bengaluru,Survey tries to strike at the root of civic problems
20010715,city.hyderabad,ABVP demands withdrawal of cases
20010715,city.mumbai,UTI board fails to firm up exit route for US-64
20010715,unknown,Deny arms to terrorists: India
20010715,city.chandigarh,General alert on Indo-Pak border
20010715,unknown,Ramadoss to await PM's invitation
20010715,india,Day 1: India; Pak draw LoC on rhetoric
20010715,entertainment.hindi.bollywood,Karan Nath: In a Boney Kapoor film
20010715,unknown,Pak chief justice sworn in as acting president
20010715,business.india-business,Transfer pricing rules to aid higher tax collections
20010715,unknown,Readers and writers
20010715,city.hyderabad,Teachers demand ban on entry of foreign varsities
20010715,india,Trinamul has discriminated against me: Panja
20010715,city.thiruvananthapuram,Abhaya Dev Award for Yesudas
20010715,city.bengaluru,Another feather in state's cap
20010715,city.delhi,'Medical' trouble near police HQ
20010715,city.hyderabad,Osmania students end mess stir
20010715,city.hyderabad,Govt-naxal peace overture hailed
20010715,city.hyderabad,Construction may begin soon in Cyberabad
20010715,city.lucknow,We'll be watching you; Alva tells prison officials
20010715,india,For Kashmiri women; it's been double jeopardy
20010715,city.bengaluru,UN; AICC accolades must spur Krishna ahead
20010715,city.hyderabad,CJ expresses concern over piling up of cases
20010715,unknown,Demo with a difference at Tiananmen Square
20010715,india,India suggests extradition treaty with Pak
20010715,city.kolkata,Online school teaches Indo-Pak peace
20010715,city.mumbai,Sena ministers to boycott banquet; tea parties
20010715,cricket,No threat to Sharjah: Noorani
20010715,city.thiruvananthapuram,People's Plan auditor report soon
20010715,india,IAF choppers rescue 2 UK schoolgirls in Himachal
20010715,city.hyderabad,Free ante-natal camp on July 16
20010715,city.patna,Mahto caught in 'Jee Mantriji' syndrome
20010715,city.hyderabad,Implement GO 610 in total; demand Telangana staff
20010715,city.thiruvananthapuram,Office-bearers of Kerala Konkani Academy
20010716,city.hyderabad,Police to buy unmanned plane to spy on naxalites
20010716,unknown,Employment alert for the jobless
20010716,business.india-business,Rs 28 cr Citigroup funding for Daksh
20010716,city.bengaluru,Hassan dist seeks special drought grant
20010716,unknown,2.4 lakh two-wheelers ply on Goa roads
20010716,city.lucknow,Pottery technology centre at Chinhat soon
20010716,home.science,Online medical service: Govt seeks ISRO help
20010716,unknown,Pay for beach bed: Regulations to hit tourism
20010716,india,Proxy war threatening internal security: Minister
20010716,city.thiruvananthapuram,All-party meet condemns Nadapuram violence
20010716,india,Afforestation drive leads to man-elephant conflicts
20010716,unknown,Groundnut village programme launched
20010716,city.hyderabad,Old City dances to teenmar to mark Bonalu
20010716,unknown,Arroyo accused of influencing Estrada trial
20010716,business.india-business,FIIs net buyers in equities at Rs 261.2 crore
20010716,city.bengaluru,30;000 illegal houses to be regularised
20010716,business.india-business,UTI offers limited exit; to announce NAV from Jan
20010716,city.delhi,Midnight snarl at Dhaula Kuan
20010716,city.ahmedabad,New form of intoxication baffles Nadiad police
20010716,home.science,Sound of Music to prevent suicide in metro
20010716,city.bengaluru,150 industrial units to get financial aid
20010716,business.india-business,Spice in talks with cellphone majors for merger
20010716,home.sunday-times.deep-focus,This is Pakistan's last chance
20010716,india,Bollywood hits lure underworld back
20010716,unknown,Jiang; Putin to discuss Agra summit
20010716,business.india-business,NRI industrialists optimistic about Indo-Pak summit
20010716,india,Pak media hopeful of normalising of ties
20010716,india,Grandson of late Congress leader commits suicide
20010716,home.sunday-times.deep-focus,What about the people of Jammu and Ladakh?
20010716,city.hyderabad,Violence mar polls in Cuddapah; 3 MLAs hurt
20010716,india,Police nabs Khalistan militant
20010716,city.ahmedabad,Snag in state's computer literacy drive
20010716,city.bengaluru,New office-bearers for Bar Association
20010716,business.india-business,Indian languages to bridge digital gulf
20010716,city.bengaluru,Oppn to corner govt over 'drought situation'
20010716,city.lucknow,Net-enabled pathology centre inaugurated
20010716,unknown,Titan Wireless-Gateway Net service in India
20010716,city.lucknow,Dalit Muslims demand quota
20010716,unknown,A World of Extremes
20010716,cricket,Summit's biggest gain might be cricket
20010716,business.india-business,Small UTI investors heave a sigh of relief
20010716,business.india-business,Entreprenuer: The vanguard of growth
20010716,unknown,IT Companies: Will Q3 be the turning point?
20010716,entertainment.hindi.bollywood,'Lagaan' hits Top 10 in Britain
20010716,city.hyderabad,BJP demands early poll for municipal corporations
20010716,city.bengaluru,Prema has no more political ambitions
20010716,unknown,China open to strategic tie-up with India; Russia
20010716,unknown,Shock over arrest of Jaya's political adviser
20010716,city.kolkata,Damodar siltation caused floods in lower Bengal
20010716,city.lucknow,Group clash in Mall; several injured
20010716,india,14 blasts in Jammu; 2 militants killed
20010716,unknown,Vigilance dept put on the mat
20010716,city.ahmedabad,Destination Mount Abu for Congress corporators
20010716,india,No progress unless Kashmir issue is resolved
20010716,unknown,US report on 'trafficking' unsubstantiated: Pak
20010716,entertainment.hindi.bollywood,Amjad Ali Khan optimistic about Indo-Pak summit
20010716,city.lucknow,One hurt as rival taxi operators clash
20010716,business.india-business,GDP projected to grow by 6.3%: CMIE
20010716,city.bengaluru,Moily the writer is busy
20010716,city.hyderabad,Impersonator in railway exam arrested
20010716,city.lucknow,18-member MLA team for 5-nation study tour
20010716,city.lucknow,School chalo drive launched in Fatehpur
20010716,home.sunday-times.deep-focus,A door opens; a process starts
20010716,business.india-business,RBI governor says economy is in good shape
20010716,city.kolkata,Manipur's flourishing tradition of martial arts
20010716,business.india-business,Inflation rises to 5.16%
20010716,city.ahmedabad,Consumer rights curricula for schools; colleges
20010716,india,Punjab has many pending issues with Pakistan
20010716,city.bengaluru,Lok Adalats useful to clear long-pending cases
20010716,city.kolkata,CM issues strict warning to KPP-KLO duo
20010716,city.lucknow,Governor gives go-ahead for SI's prosecution
20010716,city.mumbai,Nigerian footballer dies during match
20010716,unknown,You Make Money; I Make Money
20010716,india,Options on Kashmir limited but progress possible
20010716,unknown,Dattu death: Cops' statements recorded
20010716,city.bengaluru,Rotaract members installed
20010716,city.lucknow,Money attracts staff for duty in LU
20010716,cricket,No other reason for Sachin's absence: Ganguly
20010716,city.hyderabad,Govt hospitals refuse emergency cases after 8 pm
20010716,city.bengaluru,Umashree ready for the next role
20010716,city.bengaluru,Maid servant ends life
20010716,home.sunday-times.deep-focus,We want more than a renovated haveli
20010716,city.delhi,Tomb's history on Braille plates
20010716,unknown,Straight Answers
20010716,city.delhi,Purification ritual goes foul; four Sainiks arrested
20010716,city.hyderabad,TTD has more than 200 kg gold in coffers
20010716,india,65% polling in Andhra local bodies poll
20010716,india,Hopes soar as talks enter extra time
20010716,unknown,Arrest was meant to eliminate me: MK
20010716,city.lucknow,Atal to attend BJYM convention in Agra
20010716,entertainment.hindi.bollywood,'Lagaan' woos South Africans too
20010716,city.bengaluru,Dipping Thippagondanahalli causes worry
20010716,business.india-business,Active govt role needed to tackle fakes
20010716,unknown,Levy was pregnant with Condit's baby: Report
20010716,india,PM delivers strong message on terrorism
20010716,city.mumbai,Pakistani flag burnt
20010716,city.lucknow,Efforts will be made to recover the Kohinoor: CM
20010716,home.science,US conducts successful missile shield test
20010716,unknown,George Bush president and a father
20010716,business.india-business,Textile policy envisages export target of $50 b
20010716,city.hyderabad,Congress indulging in terror tactics; says TDP
20010716,city.bengaluru,Online medical service: Govt seeks ISRO help
20010716,city.hyderabad,Plea to provide land for church in KPHB colony
20010716,city.lucknow,Drinking water should be government's top priority
20010716,india,The Taj casts a spell on Musharraf
20010716,unknown,EU-India round table meet begins today
20010716,city.delhi,Corporation sets up grievance committee
20010716,city.kolkata,City police grappling with murder cases
20010716,city.ahmedabad,A grassroots professor in the ideas market
20010716,city.delhi,CBI closes case outside jurisdiction
20010716,unknown,Summit a futil exercise: Jaya
20010716,city.hyderabad,Repoll ordered in four booths in Vijayawada
20010716,city.ahmedabad,Date farming can be a boon for Kutch
20010716,city.pune,One dead; 10 ill due to food poisoning
20010716,city.delhi,Temple sees no harm in hosting clothes sale
20010716,city.ahmedabad,Police obtain crucial evidence in ISD scam
20010716,city.ahmedabad,BJP holds Lok Darbar in Ahmedabad
20010716,unknown,10 wounded in claymore mine blast in Jaffna
20010716,business.india-business,FIs seek Rs 45 crore guarantee from Modis
20010716,city.bengaluru,Our economy package for N Karnataka was not implemented: Moily
20010716,india,Massive agitation against ceasefire in Manipur
20010716,edit-page,A World of Extremes
20010716,unknown,Partition of property: Plea to end proceedings
20010716,city.lucknow,Standard of higher education going down: Minister
20010716,unknown,Govt won't tolerate violence in mining sector: Kamat
20010716,city.bengaluru,Forum formed to oppose varsity amendment Act
20010716,unknown,US conducts successful missile shield test
20010716,home.science,CM for strategy to tackle malnutrition
20010716,business.india-business,DPC's LNG carrier to be deployed in spot market
20010716,city.mumbai,NCP cadres in Vidarbha are discontent: MLC
20010716,city.thiruvananthapuram,Guzzling Keralites help fill state coffers
20010716,india,Online school teaches Indo-Pak peace
20010716,edit-page,SACRED SPACEbrFriendly Neighbour
20010716,cricket,No easy replacement for Sachin; says Dravid
20010716,india,PM; Musharraf begin fourth round of talks
20010716,unknown,Book reveals close links between Blair; Hindujas
20010716,city.lucknow,Mega road-laying project in the offing
20010716,city.ahmedabad,Little response to water harvesting in Rajkot
20010716,city.bengaluru,Man injures brother with axe
20010716,unknown,Gaudenzi wins Swedish Open
20010716,business.international-business,NRI industrialists optimistic about Indo-Pak summit
20010716,city.hyderabad,RTC to increase night services
20010716,business.india-business,Maruti to invest Rs 550 crore
20010716,city.delhi,The counterfeit menace
20010716,business.india-business,FIIs' stake in MRL may be Purnendu Chatterjee's holding
20010716,home.sunday-times.deep-focus,For Kashmir; survival is the bottomline
20010716,business.india-business,Lower manufacturing calls for VAT; internal competition
20010716,india,Heavy security deployment in and around shrine
20010716,unknown,Bicholim set to face monsoon threat
20010716,city.kolkata,Acupuncture to combat drug addiction
20010716,city.lucknow,Contributions of CB Gupta recalled
20010716,city.mumbai,'Oppn briefed about CM's absence at tea party'
20010716,business.india-business,Govt for amending I-T laws to tax e-commerce firms
20010716,city.mumbai,Terms of probe should be finalised in 8 days
20010716,city.delhi,Operators to pay tax demanded on off-the-road buses
20010716,business.india-business,Somebody errs; others pay the price
20010716,india,In visiting Ajmer; the General concedes a point
20010716,business.india-business,NIIT not to cut back on spending
20010716,city.pune,Discontent brewing among Vidarbha NCP cadres
20010716,city.bengaluru,When homeopathy brings hope
20010716,city.delhi,DMA calls for medical strike today
20010716,city.kolkata,15 monkeys caught at Loreto College; Darjeeling
20010716,unknown,Goa gears up for the major ice cream brands
20010716,city.mumbai,Official and wife booked for graft
20010716,city.bengaluru,Moderate rain in DK
20010716,city.lucknow,Youth attempts suicide at Shakti Bhawan
20010716,city.chandigarh,PM urged to take up issue of gurdwaras in Pak
20010716,city.bengaluru,Kalyana mandap gives residents sleepless nights
20010716,unknown,TN celebrates Kamraj's 99th birth anniversary
20010716,city.ahmedabad,Keshubhai in Kutch to supervise rehabilitation
20010716,city.hyderabad,Workshop on patient-doctor ties held
20010716,city.kolkata,Let trade and commerce flow; Kashmir can wait
20010716,city.kolkata,Rains inundate city; residents combat potholes
20010716,city.kolkata,Humiliation led domestic help to commit suicide
20010716,india,Cong to raise UTI issue during Parliament session
20010716,home.science,Incorrect diagnosis can lead to organ failure
20010716,city.delhi,Man shot at
20010716,unknown,DMK optimistic about Agra talks
20010716,city.bengaluru,A small gesture can go a long way
20010716,city.bengaluru,Cong pays homage to Sandra
20010716,india,3 Trinamul MLAs detained by police
20010716,business.india-business,Banks need funds to become technologically competent
20010716,unknown,Tracking Netizen is big business
20010716,city.patna,Insanitary conditions prevail in Ara
20010716,city.thiruvananthapuram,New urban development policy soon
20010716,city.bengaluru,Haveri Guru Bhavan seems a dream
20010716,city.bengaluru,Demolition of memorial: Upset activists to meet today
20010716,india,Foetal attraction spawns a 'bringing up baby' industry
20010716,city.mumbai,'Revoke permission to Tata's LNG project at Trombay'
20010716,edit-page,On the Job
20010716,city.bengaluru,Incorrect diagnosis can lead to organ failure
20010716,business.india-business,MP-based companies record 13% growth: CMIE report
20010716,city.patna,Bokaro citizens hail change in trains routes
20010716,city.bengaluru,CM vows to keep fighting state's cause
20010716,india,Plan to attack Amarnath pilgrims foiled
20010716,business.india-business,IT Companies: Will Q3 be the turning point?
20010716,india,20 militants killed in Kashmir
20010716,city.bengaluru,Man mistakes pesticide for medicine; dies
20010716,unknown,NIIT not to cut back on spending
20010716,city.chandigarh,Four killed in separate road mishaps
20010716,india,Begum Sehba prays for peace
20010716,city.lucknow,Ansari's gunner killed in shoot-out
20010716,city.ahmedabad,Vested interests interfering in varsity affairs
20010716,unknown,DMK MP's plea to Election Commission
20010716,home.sunday-times.deep-focus,What was promised
20010716,city.delhi,Speed up trials involving senior citizens; says HC
20010716,unknown,Spice in talks with cellphone majors for merger
20010716,business.india-business,TISCO seeks acquisition opportunities in select fields
20010716,city.thiruvananthapuram,Bi-weekly M'lore-Thiruvananthapuram train soon
20010716,city.lucknow,BJP demands quota in private jobs
20010716,city.chandigarh,Haryana to release funds for repair of roads
20010716,india,Musharraf's assurance on PoW issue
20010716,business.india-business,DoD may consider liberalising terms for IA selloff
20010716,unknown,Hezbollah denies involvement of Indian soldiers
20010716,business.india-business,Market cool to Agra talks
20010716,city.bengaluru,End of an era for Victoria Hotel
20010716,india,I'm an optimist; let's hope for the best: Pervez
20010716,india,SGPC asks PM to take up Niazi issue at talks
20010716,city.bengaluru,Take quarters or face action; govt docs told
20010716,unknown,Azgaonkar's wit enlivens Assembly
20010716,business.india-business,NTPC not to buy Enron equity: Centre
20010716,india,ICAR honours a farmer with award
20010716,city.bengaluru,Cobbled paths; swaying palms; birdsong and bouquets
20010716,india,Shiv 'bhakts' give police a sleepless night
20010716,city.bengaluru,Afforestation programme opened
20010716,business.india-business,J.J. Irani stresses on achieving targets
20010716,city.delhi,State of affairs in drug control department
20010716,city.delhi,Tihar XI trounce Air Force boys
20010716,unknown,Arrest was part of plot to eliminate me
20010716,city.kolkata,Tea gardens created up to June to get NOC
20010716,unknown,Marco Fu shapes Hong Kong triumph
20010716,india,Vajpayee to take Lahore road again
20010716,city.mumbai,Summit would help check terrorism: Bhujbal
20010716,unknown,Spurious liquor trade flourishing in Goa
20010716,india,Militants launch suicidal attacks on Army camps
20010716,city.bengaluru,Middle-class buyers keep realtors in business
20010716,city.bengaluru,Mysore don to present paper at international meet
20010716,city.lucknow,Govt to look into cable operators' demands
20010716,edit-page,MIDDLEbrTrain to India
20010716,city.bengaluru,CM tells doctors to look beyond money
20010716,unknown,Rs 28 cr Citigroup funding for Daksh
20010716,india,PM; Musharraf begin fourth round of talks
20010716,city.bengaluru,P B Kore to take oath as MLC today
20010716,city.bengaluru,Gadag-Bijapur passenger to stop at Angadageri
20010716,city.hyderabad,Patients at govt hospitals forced to buy medicines
20010716,city.hyderabad,Ambassador bows out as police prefer sleek models
20010716,unknown,DMK hopes for fruitful talks
20010716,city.bengaluru,Bi-weekly M'lore-Thiruvananthapuram train soon
20010716,city.hyderabad,Govt move on educating slum children has few takers
20010716,business.india-business,Govt to get Rs 1;486 cr from 4th cellular slot
20010716,city.lucknow,Govt likely to offer a rollback in AU fee hike
20010716,edit-page,THE SPEAKING TREEbrTree Saplings As Prasadam
20010716,home.sunday-times.deep-focus,For UK Kashmiris; there is no freedom from fear
20010716,city.hyderabad,Govt; naxal peace overture hailed
20010716,city.patna,After Munger; cerebral malaria grips Lakhisarai
20010716,city.delhi,Nondescript haveli turns into a must-see
20010716,india,Another batch of pilgrims leaves for Amarnath
20010716,india,Naga bandh affects normal life
20010716,india,Delhi experiences mild tremor
20010716,unknown,Congress can bring back Kamaraj rule: Vazhapadi
20010716,city.hyderabad,Sikh students felicitated
20010716,city.bengaluru,Small industries overlooked: DSIA
20010717,city.ahmedabad,Police obtain crucial evidence in ISD scam
20010717,city.mumbai,Three dacoits arrested at Kandivli; arms recovered
20010717,city.patna,Gaya mukhiyas to form union to fight for more powers
20010717,india,Vajpayee is no pushover on Kashmir
20010717,india,Pak pulls off a media coup
20010717,city.bengaluru,Scribe's murder: Verdict on July 30
20010717,india,BJP; Cong blame Pak for breakdown
20010717,city.pune,Parties gear up for civic body polls
20010717,india,Release of PM's remarks neutralise Musharraf
20010717,city.chandigarh,Villagers prevent arrests of BKU leaders
20010717,city.mumbai,CM fails to turn up on Day 1
20010717,city.delhi,SC warns govt of contempt action
20010717,home.science,Govt attaches importance to bio-diversity
20010717,city.bengaluru,Umasri; 4 others take oath as MLCs
20010717,india,Top Al-Bader militant killed in Kashmir
20010717,unknown,US media focus on after-summit 'bitterness'
20010717,edit-page,Political Fashions
20010717,city.hyderabad,CITU urges govt to extend IPP
20010717,india,25 killed in landslides in Rudraprayag
20010717,india,Talks fail; summiteers abandon climb
20010717,city.bengaluru,1 killed; 15 hurt as bus rams tree
20010717,city.bengaluru,BJP dharna over Raichur drought
20010717,city.lucknow,BSP list sans names of two local MLAs
20010717,india,Was Musharraf muzzled?
20010717,city.hyderabad,Big cat 'Marredpally' dead
20010717,city.lucknow,Book presented to Musharraf was authored by AMU founder
20010717,city.pune,Anti-liquor committee alleges police connivance
20010717,entertainment.hindi.bollywood,Akshay Kumar: Itsy bitsy
20010717,city.pune,Two held for assaulting state bus crew
20010717,unknown,S African of Indian origin elected WCO president
20010717,unknown,Rajasthan Football on the sidelines
20010717,city.hyderabad,AIDS hotline goes cold
20010717,city.chandigarh,Talwandi rejects Niazi as PSGPC chief
20010717,india,Give up rigid stand on Kashmir: RSS tells Pak
20010717,city.bengaluru,Rains are here at last
20010717,entertainment.hindi.bollywood,Nandita has no time for bookies
20010717,india,Shiv Sena likely to quit NDA
20010717,city.delhi,Priyanshu Chatterjee: Young & unsung but fit for a hit
20010717,city.patna,Implementation of revised UGC payscales
20010717,india,Assam observes bandh against Nagaland truce
20010717,city.kolkata,CPI blames CPM for govt's poor performance
20010717,home.science,140 hospitals constructed under WB-aided project
20010717,city.bengaluru,Supply-billing gap worries power panel
20010717,unknown,Bold Chieftan is favourite
20010717,city.delhi,MCD loath to demolish houses of the influential
20010717,city.pune,Two held for assaulting state bus crew
20010717,unknown,India; Israel sign $2 billion arms deal
20010717,india,Musharraf has benefited: VHP
20010717,india,RLD buying time on poll pact with BJP
20010717,city.lucknow,LU students vent anger on maxi-cabs
20010717,city.bengaluru,Drought: Hassan seeks special grant
20010717,unknown,Police launches poster war against naxals
20010717,city.patna,MCC man admits his involvement in rifle loot case
20010717,india,Backward Malappuram goes upwardly mobile
20010717,city.mumbai,Aks is something daring; says Amitabh Bachchan
20010717,city.patna,Sweepers on roll: 39. Sanctioned strength: 88
20010717,india,41 killed in Kashmir violence
20010717,india,14 blasts in Jammu; 2 militants killed
20010717,city.bengaluru,Punaroor gets a warm felicitation
20010717,city.bengaluru,Ministers are double-faced; say anti-pipeline activists
20010717,city.mumbai,Vasai encounter case takes new twist
20010717,city.bengaluru,KSU Bill: Teachers stage dharna
20010717,city.bengaluru,Lloyd finds a home in Seon Ashram
20010717,city.delhi,Hundreds of cars financed by fraud loans
20010717,entertainment.hindi.bollywood,Manisha Koirala heads down south!
20010717,india,BJP launches backward classes quota politics in UP
20010717,city.kolkata,One killed; five injured in road accident
20010717,india,Dawood leaves Pak to avoid embarrassing Musharraf
20010717,city.chandigarh,HRTC employees' strike politically motivated'
20010717,city.kolkata,College admissions prove too complex a process
20010717,city.bengaluru,AIDS programme in universities takes off
20010717,unknown,UN offers no comments on Indo-Pak summit
20010717,home.science,Septuplets doing well
20010717,city.kolkata,Daring armed attack on youth at busy Rajabazar
20010717,city.chandigarh,Not fit enough to be zonal hospital
20010717,city.bengaluru,Arrested anti-tuition agitators released
20010717,city.bengaluru,Epilepsy surgery comes as a relief to 'drugged' patient
20010717,entertainment.hindi.bollywood,Namrata Shirodkar: No more cagey about stages
20010717,entertainment.hindi.bollywood,Sandali; a familiar face; unique name
20010717,edit-page,SACRED SPACEbrPeace Efforts
20010717,india,Were Sushma's remarks deliberate?
20010717,city.mumbai,Gold worth Rs 15 lakh seized
20010717,city.bengaluru,PUC bifurcation needs thought; says MLC
20010717,india,Agra summit not a failure; say analysts
20010717,city.patna,After Munger; cerebral malaria grips Lakhisarai villages
20010717,city.ahmedabad,New form of intoxication baffles Nadiad police
20010717,city.hyderabad,Bapatla; Amalapuram to have computerised reservation system
20010717,city.hyderabad,CPI extends support to govt staff stir
20010717,city.hyderabad,Instrumentation seminar concludes
20010717,city.bengaluru,No-trust move against APMC head defeated
20010717,india,Kashmir not the sole issue: Jaswant
20010717,city.bengaluru,Visa curbs sadden Australia-bound students
20010717,india,All is not lost yet; say Jaswant; Sattar
20010717,city.bengaluru,CET seat availability list
20010717,city.hyderabad,New council hall at MCH office
20010717,city.bengaluru,Old Madras Road is State Bank Road now
20010717,city.bengaluru,Oh; for the raindrops!
20010717,unknown,Sun and Rain in good shape
20010717,city.bengaluru,This geneticist foresaw the biotech revolution
20010717,city.kolkata,More PSUs in West Bengal to be privatized
20010717,business.india-business,TELCO among top 10 losers
20010717,city.bengaluru,Bio-tech policy needs swadeshi touch: Report
20010717,india,Maneka raps states for not utilising funds
20010717,city.bengaluru,BJP demo for drought tag to Bellary
20010717,india,Ahead from Agra
20010717,unknown,Aghi is chair of Indo-American House panel
20010717,india,Militants killed 9;600 civilians in J&K since 1989
20010717,city.bengaluru,Passport to frustration
20010717,unknown,Indian doctors are coolies in British medical Raj
20010717,unknown,29 athletes leave for Brunei meet
20010717,entertainment.hindi.bollywood,HC disposes appeal against relief to Shilpa
20010717,unknown,Musharraf back in Islamabad
20010717,city.delhi,Dikshit undergoes emergency bypass surgery
20010717,city.kolkata,CPM tries to give clean chit to transport minister
20010717,city.pune,Anti-liquor committee alleges police connivance
20010717,city.kolkata,West Bengal Power Development Corporation signs MoU
20010717,city.hyderabad,B.Com admissions counselling
20010717,unknown,Only an elected Govt can negotiate:Pak parties
20010717,city.bengaluru,Bhagyashree wins Vachana contest
20010717,city.lucknow,Cable operators strike deal with ET Dept
20010717,city.patna,A hyper-cautious Laloo flags off Ram's Rath
20010717,city.pune,Officers hit back; plan mass casual leave
20010717,city.hyderabad,Zest for life increases with knowledge of vedanta
20010717,city.kolkata,279.370 cases pending before high court
20010717,city.mumbai,Doctor gets police cover after shooting incident
20010717,city.bengaluru,Bank official gets 2 years RI for graft
20010717,city.hyderabad,Repolling in Krishna district peaceful
20010717,business.india-business,Rupee gains against $
20010717,city.bengaluru,Railway bridge to open by Nov
20010717,city.kolkata,A needle that heals
20010717,city.pune,Mob goes on rampage after bus crushes boy
20010717,city.bengaluru,MLC ridicules reforms in education sector
20010717,city.bengaluru,I said 'No' to Lucky
20010717,city.mumbai,Naik allays fears on LPG shortage
20010717,entertainment.hindi.bollywood,Tusshar Kapoor: Fanning blues
20010717,city.hyderabad,News on fake Rs 50 notes keeps Vijayawada on toes
20010717,city.pune,Bureaucratic rivalry takes ugly turn
20010717,business.india-business,US-64: It's a losing game for investors
20010717,unknown,Silverline Tech; Panama Tech in B2B JV
20010717,city.hyderabad,67% polling in second phase
20010717,india,Civil disobedience movement planned in Manipur
20010717,city.pune,Officers hit back; plan mass casual leave
20010717,city.bengaluru,NIMHANS: You pay for waiting here
20010717,unknown,Randhir Singh elected IOC member
20010717,edit-page,THE SPEAKING TREEbrYour Karma Empowers You
20010717,city.delhi,Quake rocks Delhi
20010717,unknown,Santosh wins Thane Varsha marathon
20010717,city.bengaluru,Scribes' workshop at August end
20010717,city.bengaluru,2 killed; 10 injured as jeep overturns
20010717,city.hyderabad,Medical students protest against food quality
20010717,city.bengaluru,British Council enriched with new IT data bank
20010717,entertainment.hindi.bollywood,Sci-fi movies festival in Kolkata from July 20
20010717,india,PM to brief NDA leaders on summit
20010717,entertainment.hindi.bollywood,Lisa Ray: Filmi business yet again
20010717,city.delhi,This Khan is his own man
20010717,city.bengaluru,300 bags of rice seized
20010717,india,Plan to attack Amarnath pilgrims foiled
20010717,city.bengaluru,Protect our rights; don't give sympathy; say disabled
20010717,unknown,London bobby: How not to breach the thin blue line
20010717,city.mumbai,IAS officials condemn attacks on public servants
20010717,india,Unsung heroes to get place in the sun
20010717,cricket,Holland win dramatic ICC Trophy final
20010717,unknown,Pak hopeful of Hurriyat leaders' Islamabad visit
20010717,edit-page,MIDDLEbrThe Southern Sharmaji
20010717,india,Police nabs Khalistan militant
20010717,city.patna,Laloo distorted Bihar's history and geography: Ranjan
20010717,city.mumbai,Expert presses alarm bell: Says four-D approach is must for sports success
20010717,city.bengaluru,Karnataka shows WiLL for rural telephony
20010717,entertainment.hindi.bollywood,'Updated version of Ramayana'; 'Mahabharata' on Zee
20010717,city.bengaluru,HC upholds sale of site to film assn
20010717,city.kolkata,Illegal detention by railway police
20010717,city.kolkata,Govt awaiting report on reforming education system
20010717,india,RAF jawans raid Jharkhand CS's house
20010717,india,The stumbling phrases
20010717,city.bengaluru,COD probe sought into graft
20010717,city.hyderabad,TRS coy about its winning chances
20010717,city.pune,Dacoit; aide acquitted of robbery; murder
20010717,business.india-business,Block deals in limelight in listless market
20010717,unknown,Straight Answers
20010717,india,Sushma goes on the defensive
20010717,unknown,Beijing to invest a record $22 bn
20010717,city.kolkata,Construction of all flovers to be completed on time
20010717,city.chandigarh,Police arrest 15 BKU activists to prevent rally
20010717,unknown,Top Chinese award to renowned Indian rice breeder
20010717,edit-page,Banking on Hope
20010717,city.bengaluru,JD(S); Cong share panel chairman's post
20010717,unknown,Govt for amending I-T laws to tax e-commerce firms
20010717,edit-page,Development Deficit
20010717,unknown,Indian woman to serve jail term for kidnapping
20010717,city.ahmedabad,Rains damage roads; VMC indifferent
20010717,city.hyderabad,Cong asks CM to take stock of water scarcity
20010717,city.bengaluru,Govt may reintroduce SAS
20010717,city.pune,Parties gear up for civic body polls
20010717,city.bengaluru,Booking your train ticket at snail's pace
20010717,city.bengaluru,Oppn puts govt on the defensive over drought
20010717,unknown,Not ideal Samba; but enough for 2-0 win
20010717,unknown,Opposition vows to impeach Chandrika
20010717,city.bengaluru,New Sahitya Parishat chief aims high
20010717,unknown,Notice was given for Musharraf press meet
20010717,city.delhi,DU teachers complain of not being re-appointed
20010717,india,SC notice to UP; CBI in Ayodhya case
20010717,india,Allay fears on GM crops; Nitish tells experts
20010717,city.delhi,One dead; 7 hurt in accidents
20010717,india,Shelton to begin India visit today
20010717,cricket,Super league reintroduced in Ranji Trophy
20010717,unknown,Keep talking; says US
20010717,city.lucknow,LU bans ragging on campus
20010717,india,Ahmedabad's oldest relic set to regain its glory
20010717,business.india-business,SC allows Balco plea on discrimination
20010717,entertainment.hindi.bollywood,Akshay Kumar: Martially speaking
20010717,unknown,Vijayan let off with a fine
20010717,city.delhi,Two murders in 24 hours
20010717,city.lucknow,Down memory lane
20010717,city.delhi,Mooch ado about a close shave
20010717,city.patna,Imarat Shariah asks Jharkhand govt to meet demands
20010717,india,Bharat Shah admitted to pvt hospital
20010717,business.india-business,Strategic sale of holdings least priority: UTI chief
20010717,city.hyderabad,PJR asks Naidu to quit to allow Yeleru probe
20010717,unknown,Graf-Agassi marriage in January: Reports
20010717,city.pune,Bureaucratic rivalry takes ugly turn
20010717,city.bengaluru,3 IPS officers promoted
20010717,entertainment.hindi.bollywood,Bharat Shah admitted to pvt hospital
20010717,city.bengaluru,Houses pay tribute R K Narayan; legislators
20010717,unknown,New book claims close Blair-Hinduja links
20010717,city.ahmedabad,City's ancient ved shala to be revived
20010717,city.bengaluru,Paying phone bills is the toughest part
20010717,india,Prabhakar's bail plea rejected
20010717,city.kolkata,With boxes containing statistics
20010717,city.chandigarh,2 Pak nationals held; BSF mum
20010717,home.science,Action against spices reprocessing plant revoked
20010717,india,'Pak didn't agree to pre-summit agenda'
20010717,city.bengaluru,Belgaum corporation rises above language divide
20010717,city.chandigarh,Not fit enough to be zonal hospital
20010717,india,Musharraf back in Islamabad
20010717,india,Stalin's close associate; family commit suicide
20010717,india,Bangladeshi infiltrator killed in Assam
20010717,city.delhi,For aaj ka MLA; it's hum do; humare aath!
20010717,city.pune,Mob goes on rampage after bus crushes boy
20010717,unknown,City mourns Esheku' death
20010717,unknown,Pakistan media sees a spoiler in India
20010717,city.bengaluru,JNMC alumni get organised
20010717,city.pune,Dacoit; aide acquitted of robbery; murder
20010717,city.bengaluru,Vajpayee fans pray for summit's success
20010717,city.kolkata,Oppn fails to defer budget discussion
20010717,home.science,Patel appeals to explore market for herbal medicines
20010717,city.ahmedabad,Majevadee Gate area gets sodium lights
20010717,city.hyderabad,Ban on mobile phones in counting centres
20010717,unknown,Gen Shelton comes calling
20010717,cricket,No threat to Ganguly captaincy; says Borde
20010717,city.delhi,He's out to have a ball in the big; bat world!
20010717,city.lucknow,BL closure: Industrial bodies seek PM's intervention
20010717,city.lucknow,Kidnapping drama baffles police
20010717,city.bengaluru,Grease the palm; get your kerosene
20010717,city.bengaluru,Kingpin of petrol scam arrested
20010717,india,Agra summit: A baraat gone awry
20010717,city.mumbai,I'm still with BJP: Udayanraje Bhosale
20010717,india,Thiyam gives up Padma Shri in protest
20010717,home.science,Bengal for mandatory pre-marriage blood test
20010717,city.bengaluru,Soliga tribals are my family: Sudarshan
20010717,unknown,East Bengal too strong for FCI
20010717,city.hyderabad,Polls in Rayalaseema pass off peacefully
20010717,city.delhi,SC order casts a damper on ragging
20010717,city.patna,Musharraf's statements impress Patnaites
20010717,city.delhi,RBI guard shoots self
20010717,city.mumbai,Counsel reads out conversation between Shakeel; Sanjay Dutt
20010717,entertainment.hindi.bollywood,Chandrachur Singh disarmed!
20010717,city.ahmedabad,Five more MSU student leaders arrested
20010717,city.bengaluru,Junior doctors to shun work from July 23
20010717,city.bengaluru,DC dwells on people power
20010717,edit-page,Shooting in Nepal
20010717,unknown,Hockey stars to run academy with 'waste'
20010717,unknown,A man of single-minded focus and fealty
20010717,india,Pak scribes heckle MEA spokesperson
20010717,city.bengaluru,3 nabbed for 5-year-old robbery
20010717,city.bengaluru,Hoax bomb call delays Cauveri Express
20010717,home.science,3 dead; 300 affected from gastroenteritis in Nasik
20010718,city.bengaluru,Fake Lok Ayukta officials cheat public
20010718,city.hyderabad,BJP rues alliance with TDP
20010718,city.hyderabad,FAPI plea to privatise APTransco
20010718,unknown,Panel to probe arrests yet to begin work
20010718,city.delhi,Red Fort shootout: 2 more named accused
20010718,city.thiruvananthapuram,Move to change population base-year opposed
20010718,city.ahmedabad,Cong protests VMC's inability to keep city clean
20010718,city.pune,Plea against bail for fuel racketaccused rejected
20010718,city.bengaluru,HC admits plea of BSF man's widow
20010718,unknown,US for sustained Indo; Pak partnership
20010718,city.lucknow,Rains disrupt normal life
20010718,bombay-times,Census enumerators unpaid still
20010718,city.delhi,Rumours of DU official quitting unconfirmed
20010718,city.hyderabad,Kurnool: TDP jolted; Cong gets a shot in the arm
20010718,city.delhi,Media's role not helpful; says P.N. Dhar
20010718,city.delhi,Income tax dept urges speedy filing of returns
20010718,unknown,Queen filly Snow Dew is the best
20010718,city.bengaluru,Jayachandra says what CM didn't
20010718,city.bengaluru,BU's warning to colleges on unapproved courses futile
20010718,unknown,Treasury benches mum at voice vote
20010718,unknown,Cuncolim police staff suspended; relief for Dattu's family
20010718,unknown,Burying of rotten rice stalled
20010718,city.lucknow,BJP fomenting communal strife: SP
20010718,city.delhi,Digging causes havoc to MTNL network
20010718,city.hyderabad,Flat owners are caught between MCH; builders
20010718,city.chandigarh,Harpreet death case: CBI records Sohal's statement
20010718,business.india-business,Relief for investors with 3;000+ units soon
20010718,city.lucknow,Agitating AU students clinch victory on fee hike
20010718,city.delhi,Conjunctivitis cases on rise
20010718,unknown,She has baby on train; travels on
20010718,city.delhi,Mulayam blames Govt for summit failure
20010718,city.ahmedabad,Student leaders; political bosses told to behave
20010718,unknown,Bharti to launch Airtel; Magic in Kolkata
20010718,entertainment.hindi.bollywood,Daler Mehndi: The icon of Indipop
20010718,city.delhi,Joshi blames Cong for Ayodhya tangle
20010718,city.ahmedabad,GU certificates now by registered post
20010718,business.india-business,Coca Cola closes 2 plants in Mumbai; Pune
20010718,city.patna,Threat to Patna airport's existence
20010718,city.delhi,Maneka raps states for not utilising funds
20010718,unknown,Govt tables tourism master plan in Assembly
20010718,city.bengaluru,The huge black speed-breaker is..a cow
20010718,city.bengaluru,JD(U) calls for permanent policy on drought
20010718,city.delhi,Gang of thieves busted; three arrested
20010718,city.ahmedabad,RIL employs innovative tech to rebuild Kutch
20010718,city.delhi,Govt approach was ad hoc: Cong
20010718,unknown,Baichung to lead India in English tour
20010718,entertainment.hindi.bollywood,Showcasing the best of Polish realistic cinema
20010718,city.hyderabad,MCH yet to release citizens charter
20010718,city.hyderabad,Plea on promotion of Urdu language
20010718,city.thiruvananthapuram,Leadership award for K M Mathew
20010718,city.ahmedabad,Surat-based gang linked to Chhota Shakeel busted
20010718,unknown,Graft case filed against 2 ex-ministers
20010718,city.patna,The painful way to receive the PAN card
20010718,business.india-business,Satellite-based system for airports soon
20010718,business.india-business,PSU bank chiefs meet UTI chief for US-64 assistance
20010718,city.mumbai,Enron probe's terms will be decided in a week
20010718,city.ahmedabad,Student detained; one injured in lathicharge
20010718,city.thiruvananthapuram,Antony bows to pressure; withdraws registration scheme
20010718,city.mumbai,Vasai encounter case takes new twist
20010718,city.patna,CBI asked to submit report in health deptt case
20010718,unknown,UK looks up to Indian nurses
20010718,city.ahmedabad,Miffed Saurashtrians raise banner of separate state
20010718,business.india-business,Tyco to make B'lore plant global sourcing base
20010718,city.delhi,Govt will boost mental health programme: Thakur
20010718,city.bengaluru,Govt apathetic as NGOs labour for children's rights
20010718,city.bengaluru,CM reacts to sorry state of post-mortem affairs
20010718,unknown,Indya.com ties up with Citibank
20010718,city.delhi,Proposal to run battery-operated buses in Old City
20010718,unknown,CAG report points to wasteful expenditure
20010718,business.india-business,HLL eyes organic tea segment
20010718,city.mumbai,Judicial probe into Puntambe firing ordered
20010718,city.hyderabad,AIYF plans nationwide stir
20010718,city.delhi,Govt reacts to contempt threat
20010718,entertainment.hindi.bollywood,Big B overwhelmed by Kolkata's adulation
20010718,city.ahmedabad,Rains damage roads; VMC indifferent
20010718,city.bengaluru,Varsities Bill won't be withdrawn
20010718,city.lucknow,High Court serves notice on chief secretary
20010718,city.pune,Cong drops demand on Hedgewar portrait
20010718,city.ahmedabad,Nestle ghee rated best
20010718,city.chandigarh,Post offices to become 'financial supermarkets'
20010718,business.international-business,Give grants to poor countries; US tells WB
20010718,city.lucknow,LCP joint poll campaign from Aug 10
20010718,city.pune,Indian agricultural produce not competitive: Dr Ghanekar
20010718,city.delhi,Delhi Govt to seek extension of Sept 30 deadline
20010718,unknown,Summit failure disappoints Lankan media
20010718,city.thiruvananthapuram,Jaya offering shifted to locker
20010718,city.lucknow,The other side of BL closure story
20010718,city.thiruvananthapuram,Kerala uses IT to make life simpler for general public
20010718,unknown,Land Army constructs school in Goa
20010718,city.thiruvananthapuram,Traders' hartal causes hardship
20010718,city.bengaluru,Tumkur ZP okays plan outlay of Rs 3;500 lakh
20010718,city.delhi,New Bill on restructuring ICWA
20010718,city.lucknow,TAFCO closure dashes workers' hopes
20010718,city.ahmedabad,Farmers lay siege at Rajkot
20010718,city.hyderabad,Frequent transfer of officials hits MCH programmes
20010718,city.lucknow,Cong workers defy order; storm Mothijheel area
20010718,city.pune,Govt library faces congestion problem
20010718,business.india-business,No increase in bonus of policy-holders: LIC
20010718,unknown,Units in Satari close down; many jobless
20010718,city.ahmedabad,17 remanded for conspiracy to sabotage Gadar screening
20010718,unknown,India's Net subscription touches 11.2 lakh
20010718,city.hyderabad,Cong likely to join hands with TRS
20010718,business.india-business,HC stops Govt from finalising cellular bids
20010718,cricket,Ganguly leads India to victory
20010718,unknown,HC dismisses disqualification plea
20010718,city.thiruvananthapuram,Lack of trauma care taking a heavy toll
20010718,city.delhi,BJP; Sangh relieved at summit failure
20010718,cricket,Former cricketers for lifting Cronje's life ban
20010718,unknown,US reviewing sanctions on India
20010718,city.hyderabad,HCL staff stage dharna to protest privatisation
20010718,unknown,Woman dies of burns in GMC
20010718,business.india-business,Saga of IT-aided design
20010718,city.delhi,SC's verdict clips police's wings
20010718,unknown,Congmen burn Mani Shankar aiyar effigy
20010718,unknown,Anomalies exist in Indian sports diet structure
20010718,entertainment.hindi.bollywood,Yaadein's domestic rights at Rs 8.44 cr
20010718,city.chandigarh,Musharraf failed to grab attention of many students
20010718,city.ahmedabad,Complaint against school for map controversy
20010718,unknown,30 hurt in Sivaganga clashes
20010718,city.pune,Agra summit disappoints PoW's parents
20010718,city.mumbai,Inflexible stance led to breakdown of Agra talks
20010718,city.ahmedabad,Adm to involve communities to combat natural disasters
20010718,city.patna,Four gunned down in Pandarak
20010718,city.mumbai,MPCB turns a deaf ear to noise pollution
20010718,city.bengaluru,Software services to contribute 7.5 pc to GDP
20010718,city.hyderabad,YSR retains grip on Cuddapah
20010718,city.hyderabad,Gastro claims 3 lives in Nashik
20010718,city.delhi,Dikshit recovering fast
20010718,city.thiruvananthapuram,Cruelty to animals rife in the name of religion
20010718,unknown,Award for eucalyptus resarch
20010718,unknown,India should promote free software concept
20010718,city.mumbai,Pleas challenging luxury tax on gutkha admitted
20010718,unknown,Blackwill sworn in as US ambassador to India
20010718,city.pune,Food-processing zones in Pune; Nagpur mooted
20010718,city.delhi,Were Sushma Swaraj's remarks deliberate?
20010718,unknown,Order on Mahdhani plea likely today
20010718,city.lucknow,Major rivers in spate
20010718,city.bengaluru,Intel has big plans in Bangalore
20010718,city.mumbai,Govt firm on imposing duty on leave; licence accommodation
20010718,city.pune,Three held for selling stolen silver
20010718,city.pune,Govt. staff will strike work on July 25
20010718,city.chandigarh,MC commissioner asks for details of soap controversy
20010718,city.delhi,What price perfection?
20010718,unknown,MLA demands water for his people
20010718,unknown,Forces on full alert in J&K
20010718,city.delhi,On the write side of a trip down Yaadein lane
20010718,city.delhi,City's waste not suited for landfills: NGO Forum
20010718,unknown,Tanker injures 2 bike riders
20010718,city.delhi,Vajpayee & Sachin top the cool pool
20010718,unknown,DMK joins in plea challenging Jaya's appointment
20010718,business.india-business,States may fix margin for PDS shops: Govt
20010718,city.hyderabad,Pink wave sweeps Telangana districts
20010718,unknown,Hopes dashed: US media
20010718,city.pune,Bank break-in attempted
20010718,city.lucknow,India has vast potential for growth
20010718,business.india-business,Insurance claims to be settled in 7 days
20010718,unknown,Jaya refutes plot to kill MK during arrest
20010718,city.ahmedabad,Vala to present state budget on July 26
20010718,city.chandigarh,GMCH employees form union
20010718,city.pune,Move afoot to amend MRTP Act
20010718,unknown,Crime probes pathetic; says prosecutor
20010718,city.thiruvananthapuram,Seminar on heritage from tomorrow
20010718,business.india-business,Car wars: Global models at Indian prices
20010718,city.delhi,Musharraf should sympathise with plight of POWs
20010718,city.pune,IT optional subject in junior colleges
20010718,city.ahmedabad,New British visa office in Ahmedabad by year-end
20010718,city.delhi,Yoga & the science of Bharat Thakur
20010718,unknown,Mahdhani refused hospital treatment
20010718,city.lucknow,Delimitation work in hills to be completed soon
20010718,city.delhi,J&K told to specify number of pilgrims allowed
20010718,unknown,Musharraf to hold press meet on Friday
20010718,business.india-business,Moet-Hennessy to market cognac; champagne in India
20010718,city.patna,MU fails to use UGC funds for sports; says Senator
20010718,city.bengaluru,Rs 68-cr Bellary project awaits govt nod
20010718,city.hyderabad,Youth to be enlightened on AIDS
20010718,unknown,UK still hopeful; hails talks
20010718,city.hyderabad,CM reviews power supply situation
20010718,city.hyderabad,Congress takes early lead in Krishna district
20010718,city.ahmedabad,SGU V-C placates students demanding admissions to all
20010718,entertainment.hindi.bollywood,Zakir Hussain plans retirement
20010718,city.bengaluru,India; Pakistan have moved an inch closer
20010718,unknown,Give more to art and culture: Minister
20010718,city.ahmedabad,VRS to employees of slum clearance board
20010718,unknown,Motorola bags $12 m Pacific Bangladesh contract
20010718,city.hyderabad,Congress erodes TD base in East Godavari
20010718,city.delhi,BJP launches backward classes quota politics in UP
20010718,city.delhi,Is a flash in the PAN on the cards?
20010718,business.india-business,MF industry grew by 46.49% in 1999-2000
20010718,city.bengaluru,Govt not responsive to drought; says Dal
20010718,city.ahmedabad,Violence at city school; motive still not known
20010718,city.patna,Road robbers' gang busted; 3 bodies recovered
20010718,unknown,Jaya criticises MK for shunning panel
20010718,city.delhi,BCCI told to furnish merits of case against Jadeja
20010718,city.patna,Make summit draft proposals public: Laloo
20010718,city.mumbai,NCP to contest civic poll on its own strength
20010718,unknown,Dronacharya back with pupils
20010718,unknown,Musharraf's visit a gimmick; says Sharif
20010718,city.chandigarh,CISF to be deployed at Raja Sansi Airport in August
20010718,city.bengaluru,Revenue loss has dented exchequer: CAG
20010718,unknown,Blackwill's brief: Transform ties with India
20010718,city.patna,Teachers given best possible treatment: Minister
20010718,unknown,Soccer suffering in Rajasthan
20010718,city.thiruvananthapuram,LDF had sought several crores from WB; Assembly told
20010718,unknown,Speaker discharged from bank fraud case
20010718,city.hyderabad,Road-widening set to erase city's icon
20010718,city.mumbai,Citizens can be of utility value to BMC
20010718,city.delhi,Troubled waters
20010718,city.patna,Kidnapped officials to be recovered soon; says SP
20010718,city.hyderabad,HUDA defies HC order
20010718,city.hyderabad,Govt finalises developer for Shamshabad airport
20010718,city.lucknow,Agra summit outcome hurts martyrs families
20010718,unknown,Committee to monitor coaching
20010718,city.delhi,Two held for abetting undertrial's escape
20010718,city.thiruvananthapuram,Temple feeds elephants in ritual
20010718,city.lucknow,IT is a well of opportunities for CAs
20010718,unknown,No more criminals in local administration
20010718,city.lucknow,V P Singh hits out at BJP on fee hike
20010718,business.india-business,Auto car; two-wheeler sales up in June
20010718,city.mumbai,Sena-BJP members stage walkout from Council
20010718,unknown,PMC clears Rs 10 lakh scheme
20010718,city.bengaluru,BCC begins groundwork for polls
20010719,unknown,Flyover scam: Bail orders reserved till July 23
20010719,city.hyderabad,Hydrology workshop to study Patancheru problem
20010719,city.hyderabad,High-rise structures under scrutiny for fire safety norms
20010719,city.ahmedabad,MSU expects good response to finance scheme
20010719,entertainment.hindi.bollywood,Storytelling; a dying tradition?
20010719,city.lucknow,CM's assurance on fee hike
20010719,city.lucknow,GSVM College stir enters ninth day
20010719,city.lucknow,ADA to organise Naksha Adalat
20010719,city.bengaluru,Hampi comes to life in pictures and paintings
20010719,city.delhi,Sacked ICSSR chairman Sondhi to move court
20010719,unknown,No Indian PoWs in Pakistani jails
20010719,entertainment.hindi.bollywood,Daler Mehndi: The icon of Indipop
20010719,city.hyderabad,Godavari belt prefers Oppn to foundation stones
20010719,city.thiruvananthapuram,No pay if you go on strike; govt staff warned
20010719,india,PM calls meet of N-E CMs on ceasefire
20010719,removed,Opener's slot continues to plague Indians
20010719,unknown,Will chip power hit a speed breaker?
20010719,city.ahmedabad,MSU sure of a good response to self finance scheme
20010719,business.india-business,Bids for 4th cellular slot received
20010719,cricket,Kumble to return to competitive cricket
20010719,entertainment.hindi.bollywood,Anuradha Paudwal's new album launched
20010719,unknown,NHRC seeks comments from MK; Union ministers
20010719,unknown,Swiping our way into electronic money age
20010719,city.mumbai,Slum dwellers bribe surveyors
20010719,city.thiruvananthapuram,Congman hurt as CPM workers hurl bombs
20010719,unknown,India's approach to defence lacks spirit: Report
20010719,city.kolkata,Amitabh is awesome; Aamir friendly
20010719,unknown,PC market slowdown temporary
20010719,city.ahmedabad,PIL seeking Sabarmati bypoll
20010719,entertainment.hindi.bollywood,Shah Rukh Khan: Paki points!
20010719,city.ahmedabad,Timely rain brightens crop prospects
20010719,city.ahmedabad,Alang yard under darker shadows of death
20010719,unknown,DoT battles to save cellular licensing process
20010719,city.mumbai,Chhota Rajan aide killed in encounter
20010719,removed,Ganguly leads India to victory
20010719,city.patna,Jharkhand minister; chief secy invite HC's wrath
20010719,city.bengaluru,Mandya ZP staff boycott work
20010719,city.lucknow,LU to change question pattern
20010719,unknown,Security tightened after attack on mosque
20010719,city.bengaluru,India Inc. pessimistic on industrial recovery
20010719,cricket,Kumble's comeback later this month
20010719,city.mumbai,Pistol used in Gulshan murder case identified
20010719,city.ahmedabad,Con man claiming links with TOI held
20010719,unknown,Cellular bids caught in litigation tangle
20010719,city.patna,Pharmacists' raises banner against bogus colleagues
20010719,business.india-business,Hyundai Sonata makes its debut
20010719,city.mumbai,Centre accused of not providing drought relief
20010719,city.lucknow,AU and LU cross swords over fees
20010719,city.thiruvananthapuram,Kadalundi bridge likely to be reopened on July 31
20010719,home.science,Scientists to map banana's genes; aiming for sturdier crop
20010719,cricket,India pulled out due to heavy schedule
20010719,unknown,Archer's web of lies puts him in jail
20010719,business.india-business,Ketan denies foreign bank account ownerships
20010719,city.chandigarh,Punjab govt bans controversial book on Guru Nanak
20010719,business.india-business,Siemens Q3 net profit down 48.97 %
20010719,business.india-business,Pay up first; FIs tell Modis
20010719,city.hyderabad,Staff demand IDPL revival
20010719,city.lucknow,Importance of savings highlighted
20010719,city.bengaluru,182 Ashraya houses to be constructed
20010719,business.india-business,TISCO top steel maker; Q1 net crashes 79%
20010719,city.lucknow,Youth killed in eve-teasing row
20010719,city.bengaluru,World Bank concerned about city's smoke
20010719,city.ahmedabad,Minister wants perks for quake-relief staff
20010719,city.thiruvananthapuram,Kerala House passes vote on account
20010719,unknown,US wants strategic ties with India
20010719,unknown,Rapist sentenced to 10 years behind bars
20010719,unknown,Gopi in pre-quarters; Abhinn out
20010719,city.ahmedabad,RBI to take steps against soiled notes in new areas
20010719,unknown,Minister launches tree planting programme
20010719,city.patna,More heart than money to spare for Bihar
20010719,city.lucknow,Guessing game on in the KGMC
20010719,unknown,Its India vs Malaysia in Azlan Shah cup opener
20010719,unknown,Electronic power meters at consumers' cost soon
20010719,business.india-business,India Inc pessimistic on industrial recovery
20010719,unknown,IT training firms need new lessons in education
20010719,business.india-business,UB group to launch flavoured water
20010719,city.patna,'Little England' turns into a hell
20010719,city.hyderabad,MJ engg students invent solar powered car
20010719,city.delhi,Pvt firm to 'identify' obvious civic problems
20010719,city.kolkata,Bengal to allow pvt firms in infrastructure
20010719,cricket,Tendulkar's absence keeps Kiwis optimistic
20010719,city.bengaluru,Wipro to ink pact with iCRM
20010719,business.india-business,Govt targets $50 bn textile exports by 2010
20010719,city.ahmedabad,Physically-challenged swindler arrested
20010719,city.chandigarh,Tohra-Badal rivalry spills over
20010719,city.pune,PCB forms committees to monitor traffic
20010719,city.mumbai,Vidarbha Cong. MLAs join hands with Sena; BJP
20010719,city.delhi,Sahira in no mood to join St Stephens
20010719,city.mumbai,Gangsters convicted for attack on trader
20010719,city.mumbai,'Entire country will oppose PM's Pak visit'
20010719,city.lucknow,Outdoor; emergency wings of hospital inaugurated
20010719,city.kolkata,Mamata had a meeting with Fernandes
20010719,home.science,Emerging genome scenario demands judiciary; legislature's role
20010719,city.delhi,Jagmohan moots restructuring of DDA
20010719,city.mumbai,Relatives allowed to visit Bharat Shah
20010719,entertainment.hindi.bollywood,Sandali: Great debut!
20010719,unknown,Queen filly Snow Dew is the best
20010719,city.hyderabad,Students should take part in nation-building activities
20010719,city.mumbai,Policy to hasten captive power projects soon
20010719,city.patna,Memories of plane crash still haunt Patnaites
20010719,city.patna,Here people bank on crows; for garbage clearance
20010719,city.delhi,AIIMS wakes up to fake take
20010719,business.india-business,Mid-air duel over A-I's future
20010719,city.ahmedabad,Middleman arrested by CBI in HSD scam
20010719,city.bengaluru,Become a crorepati; Karnataka style
20010719,city.hyderabad,Stalemate in VMC over slum-dweller's relocation
20010719,city.lucknow,Ansari's henchman succumbs in hospital
20010719,city.ahmedabad,GEB finds it tough to adhere to coal quality norm
20010719,city.lucknow,Minister seeks help of religious heads
20010719,business.india-business,After A-I; Maruti; HOC to be divested: Joshi
20010719,city.hyderabad,Move to allot college land to Tourism Dept opposed
20010719,entertainment.hindi.bollywood,Manoj Bajpai: Charitra begins at home!
20010719,city.hyderabad,AICTE to clear applications for engg colleges
20010719,home.science,WB launches new environment strategy
20010719,city.ahmedabad,Silver corridor faces hazy future
20010719,city.ahmedabad,High-rise owners file complaint
20010719,city.kolkata,No revival plan for Indian Iron and Steel
20010719,entertainment.hindi.bollywood,Zakir Hussain not to retire
20010719,entertainment.hindi.bollywood,Gracy Singh: Ooh; it's Mr Bachchan!
20010719,city.lucknow,Classes in 51 subjects stopped
20010719,unknown,Dotcommers seek new revenue models
20010719,city.lucknow,Three convicted for killing scribe
20010719,entertainment.hindi.bollywood,'Drama' brings Rajesh; Dimple together again
20010719,india,Govt will not alter stance on Kashmir
20010719,city.lucknow,Wounded PCO owner dead; one arrested
20010719,unknown,Govt will try to revive Mahadayi
20010719,entertainment.hindi.bollywood,Lucky stars with childhood friend Raveena
20010719,city.chandigarh,Top officials charged with corruption
20010719,city.ahmedabad,Minister wants perks for quake-relief staff
20010719,unknown,Maars; Mascon call off merger
20010719,city.ahmedabad,Police lookout for criminals in outskirts of Surat
20010719,city.delhi,Domestic help shot at
20010719,india,Rocca on 2-day visit to India from July 23
20010719,entertainment.hindi.bollywood,'Gadar': Hitting the right chords?
20010719,city.bengaluru,CM defends crackdown against illegal shrines
20010719,city.delhi,It's Soap No 1 for the Infosys Biwi
20010719,city.lucknow,Aliganj trader shot at; looted
20010719,city.hyderabad,Pay your property tax through SBH
20010719,city.chandigarh,Bumper paddy expected: Chautala
20010719,city.ahmedabad,Bastee dwellers flay demolition of Adivasi homes
20010719,unknown,Anand shocked by Morzevich
20010719,city.patna,AG probe into huge withdrawal not yet complete
20010719,unknown,Workshop to debate suicides among teenagers
20010719,city.bengaluru,Judge refuses bail to petrol bunk owners
20010719,city.mumbai,Injectable contraceptive not a shot in the arm: Activists
20010719,unknown,Fish vendors are back at municipal market
20010719,city.kolkata,CPM leaders flay Mamata
20010719,unknown,China sees less chances of war with India
20010719,city.bengaluru,Pepperl+Fuchs sets up development centre in Bangalore
20010719,business.india-business,BSE sub-panel to oversee corporatisation process
20010719,business.india-business,Business Bhailateralism
20010719,city.delhi,Garbage management may save the day
20010719,city.mumbai,Keep your mobile phones outside legislature
20010719,unknown,Naren Kumar races on in Thailand
20010719,city.ahmedabad,NGOs express reservations on two-child norm
20010719,city.patna,PMC administrator ko gussa kyon aata hai?
20010719,city.ahmedabad,Protests continue over dress code
20010719,city.mumbai,Easier procedure for non-immigrant U.S. visas
20010719,business.india-business,Rupee stages smart rally against dollar
20010719,city.lucknow,Canadian students told about astrology
20010719,city.lucknow,Cable operators protest against curbs
20010719,business.india-business,Bush's WB plan will hit India
20010719,city.delhi,Exit Wounds; enter Steven Seagal
20010719,unknown,Indian doctors are in the limelight again
20010719,city.patna,Teachers seek withdrawal of negative provisions
20010719,unknown,Prasad moves towards grandmaster norm
20010719,city.lucknow,Dalit Panthers stage dharna
20010719,city.chandigarh,Paddy procurement arrangements reviewed in Punjab
20010719,city.ahmedabad,Murder probe exposes chinks in police department
20010719,business.india-business,Badla operators route Rs 2;000 cr to MFs
20010719,city.lucknow,Smart City status proves elusive
20010719,city.mumbai,Bhiwandi civic council dissolved
20010719,entertainment.hindi.bollywood,Sony to telecast Smita Thackeray's first TV serial
20010719,cricket,Kiwis will be a handful for India
20010719,city.pune,Bail opposed for accused in fuel racket
20010719,city.thiruvananthapuram,Plea against official's reinstatement
20010719,city.chandigarh,Building bye-laws amended in Haryana
20010719,city.thiruvananthapuram,Bokaro Express rescheduled
20010719,city.bengaluru,Unions stage demo against rly privatisation
20010719,city.bengaluru,Mangalore RTO tops in corruption
20010719,city.delhi,Who will wag the campus fag?
20010719,city.patna,MLA's kin assault phone linemen; work paralysed
20010719,unknown,Elephant kills woman
20010719,cricket,Opener's slot continues to plague Indians
20010719,city.chandigarh,Haryana govt signs MoU with STPI
20010719,entertainment.hindi.bollywood,Saregama's broadcast software division on
20010719,unknown,Centre provides 'Z' security for Karunanidhi
20010719,city.mumbai,Status of women takes a further beating
20010719,city.chandigarh,Improvement in law and order situation: Haryana DGP
20010719,city.mumbai,BMC proposes 20% cut in expenditure
20010719,city.patna,Hike in ministers perk opposed
20010719,city.pune,Extortion bid lands youth in police trap
20010719,city.mumbai,SC declares Matheran eco-sensitive zone
20010719,unknown,Benazir blames Musharraf for talks failure
20010719,city.patna,New party a setback for Ranjan
20010719,city.mumbai,SP objects to branding of Muslims as ISI agents
20010719,city.bengaluru,Worry; elation over plan to shelve airport project
20010719,city.lucknow,Medicos stir continues to hit services
20010719,city.mumbai,Chhota Rajan gangster shot dead in encounter
20010719,entertainment.hindi.bollywood,Akshay Kumar: A resounding comeback?
20010719,city.patna,3rd umpire should be consulted more often
20010719,city.mumbai,Indians score in maths Olympiad
20010719,home.science,Hepatitis-B infection rising in India
20010719,unknown,Jaya gives aid to 2 medical students
20010719,city.ahmedabad,GEB nets record monthly revenue of Rs 682 cr in May
20010719,city.bengaluru,State seeks Rs 736 crore aid
20010719,city.lucknow,Hardened criminal killed in encounter
20010719,home.science,DBT to set up biotech park in Lucknow
20010719,city.chandigarh,Record profit for state tourism
20010719,city.ahmedabad,SPU to sign pact on tech transfer
20010719,city.pune,Citizens to help curb noise pollution
20010719,city.bengaluru,Come join us: New engg colleges woo CET aspirants
20010719,entertainment.hindi.bollywood,Ajay Jadeja: Working in films no joke!
20010719,unknown,Banana King impresses
20010719,city.mumbai,Now; cameras will log proceedings in both houses
20010719,city.bengaluru,Bifurcation move leaves colleges at crossroads
20010719,city.kolkata,VAT to be implemented soon
20010719,home.science,WB extends $30 million loan for elimination of leprosy
20010719,unknown,Vijayan takes AIFF fine in his stride
20010719,business.india-business,Vassal blames SEBI for US-64 crisis
20010719,unknown,Manhunt for doctor; wife in job racket
20010719,cricket,Great opportunity for youngsters: Borde
20010719,business.india-business,Maruti prices to go up soon
20010719,city.ahmedabad,2nd spell of rain brightens crop prospects in Kheda
20010719,business.india-business,Biotech regulator may face hurdle
20010719,unknown,Govt seeks legal advice on cellular logjam
20010719,city.lucknow,BJP might field new faces in polls
20010719,city.hyderabad,3-month jail term for showing contempt to court
20010719,city.hyderabad,Govt missive to premier institutions today
20010719,city.delhi,Summit fizzles; panelists sizzle
20010719,city.hyderabad,Now; focus shifts to ZP chiefs' elections
20010719,unknown,Indian challenge ends with Vaidehi's exit
20010719,city.bengaluru,CET seat availability
20010719,city.ahmedabad,26;000 applications for quake aid gather dust
20010719,city.lucknow,HC stays ADJ order restraining manufacturer
20010719,city.mumbai,State gets four weeks to file response
20010719,city.lucknow,Despite ban; ragging continues
20010719,city.lucknow,Goods train derails; trains diverted
20010719,business.india-business,Bajaj 'Eliminator' hits the road
20010719,unknown,TN Speaker discharged in bank fraud case
20010719,city.mumbai,College teachers to stage protest
20010720,city.hyderabad,Hydrology workshop to study Patancheru problem
20010720,city.delhi,Ramjas students suspended for ragging
20010720,edit-page,Summit as Entertainment brThe Great Indian Soap Trick
20010720,city.patna,Bihar govt unconcerned about kala-azar menace: Thakur
20010720,business.india-business,Govt may raise cess on petrol; diesel
20010720,unknown,National Games funds misused: CAG
20010720,city.thiruvananthapuram,33 per cent reservation for women in Cong soon
20010720,city.thiruvananthapuram,Youth drowns at ritual
20010720,city.delhi,Student shot; 2 hurt in Deshbandhu College clash
20010720,india,State funding for parties' poll expenses likely
20010720,city.bengaluru,CM wants rethink on power subsidy
20010720,city.lucknow,Loan scheme to boost floriculture
20010720,city.hyderabad,Police station on Tank Bund to stem crime tide
20010720,unknown,A Dream Run
20010720,city.kolkata,Bill to decentralise municipal functions
20010720,city.mumbai,Over-burdened morgue raises a stink
20010720,city.hyderabad,3-month jail term for showing contempt to court
20010720,city.lucknow,Units making adulterated butter unearthed
20010720,india,Govt to make efforts for peaceful ties with Pak
20010720,india,Hirakud dam safe; say officials
20010720,india,Musharraf-editors meet not telecast live: NDTV
20010720,city.pune,PCB forms committees to monitor traffic
20010720,city.pune,Rabies stalks city streets
20010720,city.bengaluru,Oppn stops minister from tabling varsity report
20010720,city.hyderabad,Cong keeps its flock together in Cuddapah
20010720,city.hyderabad,3-day mela of gift items from today
20010720,city.lucknow,CM gives a clean chit to UP police
20010720,city.pune,Look out for Mars today
20010720,business.india-business,RBI favours greater freedom to co-op banks
20010720,city.hyderabad,Vizag police staff to be paid wages at workplace
20010720,entertainment.hindi.bollywood,Post-KBC; Bachchan eyes international movies
20010720,city.pune,Extortion bid lands youth in police trap
20010720,city.mumbai,A Professor and a Gentleman
20010720,unknown,Musharraf unveils Pak's MBT
20010720,city.ahmedabad,Contaminated water takes 5 lives
20010720,city.chandigarh,Three nabbed in cheating case
20010720,city.pune,Road stretch to remain partly closed to traffic
20010720,city.hyderabad,CITU opposes closure of railway parcel offices
20010720,business.india-business,RBI foresees higher agri growth this fiscal
20010720,business.india-business,Govt to move SC over 4th cellular slot: Paswan
20010720,city.thiruvananthapuram,Malayalam film for Rome festival
20010720,city.mumbai,Leprosy not confined to poor alone: Report
20010720,unknown,A river that lost its glory with flowing time
20010720,unknown,Hospitality industry decries step-motherly treatment
20010720,city.lucknow,New twist to AU fee structure
20010720,city.mumbai,Watch out for Simply Shekhar
20010720,city.delhi,Traders to hold bandh against Rent Act proposals
20010720,city.lucknow,Muslim forum chief blasts Lucknow SSP
20010720,city.bengaluru,Bangalore couple offers to adopt 4 cows
20010720,city.hyderabad,ENC teams evacuate 800 people to safety in Orissa
20010720,city.lucknow,Higher education only for classes: Minister
20010720,city.kolkata,11-yr-old to defect to Panja
20010720,city.lucknow,Junior doctors threaten indefinite strike
20010720,entertainment.hindi.bollywood,Hrithik's grandmother roped in to compose music
20010720,city.hyderabad,Now; focus shifts to ZP chiefs' elections
20010720,city.lucknow,Lok Janshakti to take to streets
20010720,city.patna,DGP following Laloo's dictates: RJD
20010720,city.hyderabad,Move to allot college land to Tourism Deptt opposed
20010720,city.pune,Bail opposed for accused in fuel racket
20010720,city.kolkata,Homoeopathic education at stake in Bengal
20010720,unknown,SIMI activists behind trouble over Gadar: Minister
20010720,city.thiruvananthapuram,Policy on sand mining urged
20010720,india,Sena activists 'purify' Musharraf's haveli in Delhi
20010720,city.kolkata,Bengal Assembly in for stormy session
20010720,city.thiruvananthapuram,Jnanpith awardee Kurup is forgotten
20010720,india,Gujarat cabinet okays bill on two-child norm
20010720,unknown,More funds to be pumped into housing corporation
20010720,india,United Committee of Manipur meets Advani
20010720,city.pune,Citizens to help curb noise pollution
20010720,city.delhi,Computer Science entrance results out
20010720,city.bengaluru,Pokhran II test yielded 60 kT: Chidambaram
20010720,city.mumbai,We refuse to take it lying down: Mahim residents
20010720,unknown,Gopichand crashes out of Malaysian open
20010720,city.lucknow,Painters take vehicle owners for a ride
20010720,city.kolkata,Police looking for more criminals in Stadium case
20010720,city.hyderabad,Cong keeps its flock together in Cuddapah
20010720,india,Manipuris ask Choaba Singh to resign
20010720,city.hyderabad,MJ engg students invent solar powered car
20010720,city.delhi,Sainiks 'purify' Neharwali haveli
20010720,city.lucknow,Associated college teachers stage dharna
20010720,india,BJP gunning for Jaswant for PR failure
20010720,unknown,GTL net down by 12.88%
20010720,city.kolkata,Child artist denied permission to meet Musharraf
20010720,city.lucknow,AISA activists resort to demonstration
20010720,india,Minister positive about renewable energy sector
20010720,city.delhi,New excise policy to facilitate sale of liquor
20010720,city.mumbai,Jail has hacker Dr Neukar in tears
20010720,unknown,D V Prasad shares lead in Dortmund Open
20010720,india,Saurashtrians to demand separate state
20010720,unknown,Ayurveda students face Marathi handicap
20010720,unknown,DSQ Software denied access to capital market
20010720,city.hyderabad,CPM to back Cong in ZP chief elections
20010720,india,Manu's bail hearing deferred in model murder case
20010720,unknown,Case still stands; says MK
20010720,city.lucknow,HC notices to Central; state govts in Waqf Act
20010720,city.ahmedabad,Government to introduce 'Lokprahari'
20010720,india,More Army columns join in Orissa flood relief
20010720,city.delhi,2 more depose before court in Uphaar case
20010720,city.lucknow,Police clueless over missing ABVP leader
20010720,india,Fernandes meets PM as Ajit Singh likely to join NDA
20010720,city.pune,PCB workers go on flash strike
20010720,city.chandigarh,Train route to be electrified
20010720,city.bengaluru,Defence-less against remote maidens!
20010720,city.mumbai,Straight Answers
20010720,india,V P raps govt for not preparing for summit
20010720,india,Agra-New Delhi expressway on its way
20010720,unknown,The Great Indian Soap Trick
20010720,india,20 ultras among 26 killed in J&K
20010720,entertainment.hindi.bollywood,15 transmitters for DD-I and 5 for DD-II in N-E
20010720,india,NGOs protest AIDS workers' arrests
20010720,edit-page,THE SPEAKING TREEbrAn Agnostic to Keep the Faith
20010720,india,Mamata not invited to rejoin NDA: Sikdar
20010720,city.mumbai,I'm like a mynah: Tata iron man
20010720,city.lucknow,Vaishya Rath Yatra from July 22
20010720,edit-page,MIDDLEbrA Speakers Feelings
20010720,city.pune,PMC nod sought to relax ban on truck movement
20010720,india,I would salute Musharraf if in uniform: Manekshaw
20010720,city.bengaluru,Wipro records 97 pc growth; won't compromise on pricing
20010720,unknown,Anand; Adams settle for a quick draw
20010720,city.hyderabad,Students should take part in nation-building activities
20010720,city.bengaluru,I am happy to work with state again: Somers
20010720,city.lucknow,Overthrow BJP govts; Mulayam tells partymen
20010720,city.hyderabad,Naxal threat looms large on defections
20010720,unknown,Arjun Atwal tied fifth at Sioxland Open
20010720,city.bengaluru,Defence staff call off 2-day strike
20010720,city.hyderabad,Stalemate in VMC over slum-dweller's relocation
20010720,removed,Kiwis will be a handful for India
20010720,city.hyderabad,Crackdown on obscene films; literature
20010720,business.india-business,Top UTI officials charged with fraud
20010720,city.bengaluru,NHPC to generate 810 MW power for state
20010720,city.kolkata,CM says no to 2nd tea auction centre of N Bengal
20010720,removed,Great opportunity for youngsters: Borde
20010720,city.kolkata,Controversial Bengal minister to pen a book
20010720,unknown,Workshop will debate suicides among teenagers
20010720,entertainment.hindi.bollywood,Bachchans don't fret over professional rivalry
20010720,city.mumbai,SIMI activists behind trouble over Gadar Minister
20010720,city.hyderabad,Govt missive to premier institutions today
20010720,city.mumbai,Old guys in the spot light
20010720,city.bengaluru,Govt announces 15-point plan to counter drought
20010720,city.bengaluru,New faces in Wipro top-10 likely
20010720,city.lucknow,Love in the air for celebrated Happy
20010720,city.delhi,Fire claims 4 lives in north-west Delhi
20010720,city.delhi,KVS teachers ruffled by transfers
20010720,india,Apex court admits plea against Jaya
20010720,edit-page,A Dream Run
20010720,city.hyderabad,16 trees to make way for road widening
20010720,city.chandigarh,Vikas Singh to write a book on his experiences
20010720,india,US armed forces chief returns home
20010720,city.hyderabad,Sudharani is TD's choice for Krishna dist ZP post
20010720,city.hyderabad,Cong infighting may cost it Chitoor ZP chief post
20010720,city.delhi,Criminals nabbed
20010720,unknown,IT spendings to slow down to 27%
20010720,city.patna,Stamp on Chandragupta to be issued
20010720,city.lucknow,Last-ditch effort to save British Library
20010720,city.patna,'High-level probe into sammelan's affairs needed'
20010720,india,Cong may take hard line on Agra in House
20010720,india,Haryana leaders allege harassment
20010720,city.delhi,Manu's bail plea to be heard on July 27
20010720,city.hyderabad,Staff demand IDPL revival
20010720,city.lucknow,Of an abandoned child who attains VIP status
20010720,city.kolkata,Census to determine failed co-operatives
20010720,city.ahmedabad,Elusive fire safety norms at govt buildings
20010720,india,Pak troops resort to shelling in Kargil
20010720,india,Deal firmly with Pak; Jammu groups tell govt
20010720,unknown,Bhutia not to play in English tour
20010720,city.pune,PCMC property tax collection to go online
20010720,city.hyderabad,Kurnool poll results surprise factionist-turned politicians
20010720,removed,Tendulkar's absence keeps Kiwis optimistic
20010720,city.thiruvananthapuram,At last; a Kerala MP in NDA fold?
20010720,city.delhi,Cheating case filed against Nugas
20010720,unknown,No human rights violation in TN; claims Jaya
20010720,entertainment.hindi.bollywood,Doctors worried over Bharat Shah's poor health
20010720,city.lucknow,Award for journalists
20010720,city.delhi,Begging is risky business
20010720,city.lucknow,Mango season over; export policy announced
20010720,city.kolkata,Ageing buses scrapped for new ones
20010720,city.ahmedabad,RBI to launch move against soiled notes
20010720,city.hyderabad,High-rise structures under scrutiny for fire safety norms
20010720,unknown,Stormy scene at council meet over Stalin's presence
20010720,city.kolkata,CAG pulls up Bengal govt for poor performance
20010720,city.delhi,Adulterated oil seized; three held
20010720,city.mumbai,Chicken lickin' delicious
20010720,city.ahmedabad,Silver corridor faces hazy future
20010720,city.hyderabad,Centre okays six power projects for state
20010720,city.pune,Undertrials benefit from court-in-jail experiment
20010720,city.bengaluru,Stray dogs in city are above 2 lakh
20010720,city.pune,Cheating case against suspended railway clerk
20010720,edit-page,Katharine the Great
20010720,city.delhi,One man's fight to make city buses barrier-free
20010720,city.bengaluru,Farmers reeling under WTO impact need tax break: Minister
20010720,edit-page,Little Boy Lost
20010720,unknown,Plan to catch rogue elephant
20010720,city.hyderabad,Power sector reforms inevitable: Prabhu
20010720,unknown,DMK won't have role in case against Jaya; rules SC
20010720,india,Jaya says no rights abuse since she took over
20010720,city.lucknow,Striking medicos stick to demand
20010720,city.kolkata,Contaminated water poses hazard
20010720,city.ahmedabad,DRI seizes Adani HSD stock
20010720,city.hyderabad,AICTE to clear applications for engg colleges
20010720,city.bengaluru,Medical shop owner killed; jewellery missing
20010720,city.ahmedabad,Cholera threat in Jamnagar suburbs
20010721,cricket,Indian batsmen look for redemption
20010721,city.bengaluru,Stop scoring points and attend to drought victims
20010721,city.ahmedabad,Anjar TP scheme evokes responses
20010721,city.patna,Fake currency notes increase in Bihar
20010721,home.science,India to sign Budapest treaty
20010721,city.kolkata,BJP extends support to Panja
20010721,city.kolkata,Trinamool rally to be a show of strength
20010721,india,BJP demands probe into Bihar police firing
20010721,business.india-business,ITC net up 21% at Rs 301 crore in Q1
20010721,city.kolkata,Municipalities will become self-sufficient
20010721,city.lucknow,Mayawati gets into election mode
20010721,city.lucknow,Sadakant denies role in slashing of AU fees
20010721,home.science,Condoms help little in disease prevention
20010721,india,Rajnath Singh faces challenge from within
20010721,city.bengaluru,Pining for Kashmir
20010721,india,Decks cleared for Panja to join Union cabinet
20010721,city.mumbai,Muslim organisations flay Rane
20010721,unknown,Trainers unite in Bangalore
20010721,city.kolkata,4 killed; 42 injured in road mishap
20010721,city.lucknow,Junior doctors call off stir
20010721,city.patna,Bagmati river crosses danger level
20010721,city.kolkata,Salvage sunken ship; CPT tells Vietnamese Co
20010721,city.patna,Laloo's fate to be decided on Monday
20010721,city.bengaluru,Tank desilting not under Tribunal's purview
20010721,city.patna,PMCH patients suffer as CT scan packs up
20010721,business.india-business,Forex reserves decline by $37 mn to $43;559 mn
20010721,business.india-business,Tax collections plunge 13% in Q1
20010721,city.ahmedabad,Drivers repair pothole-ridden road
20010721,city.kolkata,Porous borders a major concern: Buddhadeb
20010721,city.ahmedabad,Telecom services being upgraded
20010721,unknown,Internet connections to touch 4.5 lakh by 2004
20010721,entertainment.hindi.bollywood,Prasar Bharati stopped from showing graphics during cricket
20010721,city.lucknow,Yadav expresses reservation on quota issue in UP
20010721,city.ahmedabad,Governor commends Ayurveda to fight mental disorders
20010721,city.bengaluru,Interdisciplinary studies centre opens today
20010721,india,Govt 'silence' on Pak media blitz flayed
20010721,unknown,US warns of Indonesian turmoil
20010721,cricket,Selectors unhappy with Saurav's opening move
20010721,city.delhi,New excise policy to facilitate sale of foreign liquor
20010721,city.delhi,Chargesheet against Rita Singh
20010721,city.chandigarh,Subsidies for fruit growers approved
20010721,city.delhi,Terrorists in town; khaki in the red
20010721,unknown,Silva pilots Scandal Sheet to victory
20010721,business.india-business,IPCL net down 64% to Rs 12.67 cr in Q1
20010721,unknown,Tania's third in world juniors
20010721,unknown,India beat Uzbekistan in Asian basketball
20010721,city.lucknow,Loco shunter still in state of shock
20010721,city.bengaluru,Govt will try for all-party consensus on power reforms
20010721,unknown,Dance; music contest in Sept
20010721,city.patna,Sanitation staff decreasing
20010721,city.lucknow,Biggest haul of fake currency in UP
20010721,city.bengaluru,Help offers pour in for drought victims
20010721,entertainment.hindi.bollywood,Nasseruddin Shah: Back in Mumbai!
20010721,business.india-business,Rural telesubscribers get a cheap deal
20010721,india,SC verdict on Laloo's arrest on July 23
20010721,city.bengaluru,Carnatic musical festival begins
20010721,unknown,Armed forces should eliminate terrorism
20010721,unknown,Bomb hoax: Train held up
20010721,city.thiruvananthapuram,Youth carrying bomb hurt in blast
20010721,india,BMS to oppose Centre's economic policies
20010721,india,Pak troops continue firing in Kargil
20010721,city.bengaluru,Two robbed on highway
20010721,city.ahmedabad,Offer for assistance in biotech research
20010721,city.kolkata,Decks cleared for Panja to join Cabinet
20010721,city.ahmedabad,Micro-centre opened at Amargadh T B hospital
20010721,entertainment.hindi.bollywood,Anil Kapoor: Khal-nayak!
20010721,unknown,DLTA to the rescue
20010721,unknown,Golf selection shenanigans
20010721,city.lucknow,Think global; Muzaffar Ali exhorts film-makers
20010721,home.science,Cloned Chinese goat pregnant
20010721,city.ahmedabad,Police seek training in economic offences handling
20010721,cricket,Rohan Gavaskar tipped to lead Bengal
20010721,city.thiruvananthapuram,Medical varsity soon in Kerala
20010721,unknown,Alcalde claims Nikita Cup
20010721,city.chandigarh,AICC political training deptt organises camp
20010721,city.ahmedabad,Programme for engineering teachers
20010721,city.kolkata,Forward Bloc wants review of Panchayat system
20010721,city.delhi,Traffic police goes high-tech
20010721,cricket,Gilchrist was a demon on the pitch
20010721,city.ahmedabad,Municipal schools to restart in 70 buildings
20010721,unknown,Municipal staff union opposes stir
20010721,india,One killed; 130 students injured in Manipur
20010721,city.patna,Police found guilty in firing case
20010721,unknown,How does heat from the sun reach us through space?
20010721,city.bengaluru,Privatisation must to boost tourism
20010721,city.bengaluru,2 fishermen missing
20010721,city.bengaluru,Farmers warned against use of AP seeds
20010721,unknown,Prasad in sight of GM norm
20010721,city.kolkata,DoT to launch mobile service
20010721,city.bengaluru,Six stop bus; threaten driver
20010721,city.chandigarh,Gulmarg gondola a mixed blessing
20010721,city.thiruvananthapuram,Pillars start journey to Guruvayur
20010721,city.chandigarh,Doubts over sincerity of SGPC decision
20010721,city.lucknow,Plastic surgery with a difference
20010721,home.science,Indian lamps light up California homes
20010721,city.bengaluru,Conwoman squatter arrested
20010721,city.ahmedabad,Govt trashes last year's population policy draft
20010721,city.lucknow,AISA delegation meets VC
20010721,home.science,Gene leading to early heart attacks identified
20010721,city.ahmedabad,Kutch engineers allege harassment by police
20010721,india,13 killed as militants target Amarnath yatra
20010721,city.bengaluru,No power tariff hike for farm sector now
20010721,india,Neyveli plant's thermal unit destroyed in fire
20010721,city.lucknow,Loco shunter still in state of shock
20010721,city.pune,Husband; in-laws sentenced to RI
20010721,city.lucknow,Young couple paraded naked
20010721,business.india-business,Say cheese; desi pizzas for Rs 20
20010721,city.bengaluru,Forget pooja; go teach is the message
20010721,unknown,Eat right to play right
20010721,city.mumbai,Munde for reservation of backward classes
20010721,home.science,64 die of encephalitis in Assam
20010721,home.science,New contraceptive may be harmful
20010721,city.ahmedabad,Meet called to incorporate changes in policy
20010721,entertainment.hindi.bollywood,Amrish Puri: Another popcorn entertainment?
20010721,city.ahmedabad,Pilgrim centres to be developed
20010721,home.science,Firm to manufacture ICGEB malaria vaccine
20010721,city.ahmedabad,BJP manages to save the day at VMC
20010721,city.ahmedabad,Registrar suffers heart attack after wordy duel
20010721,city.patna,He is fighting cancer but has surrendered before PMC
20010721,unknown,Rural telesubscribers get a cheap deal
20010721,india,Urdu papers go soft on tough Musharraf
20010721,city.kolkata,Panja suspended from Trinamool
20010721,home.science,Tibetans live 31 years longer
20010721,unknown,Stray cattle to be kept at govt farms
20010721,business.india-business,Sailing through gloom time
20010721,business.india-business,MONEY WISEbrLessons from US 64 debacle
20010721,city.patna,DGP's verdict: SP is good; IG not bad
20010721,india,Secularism threatened under NDA govt: Sonia
20010721,city.lucknow,Man murdered; valuables looted
20010721,unknown,Dubya; cheap and nasty American import into EU
20010721,city.patna,Bodies of Army jawans arrive
20010721,city.delhi,Hungry kya? Canteen jaa!
20010721,city.bengaluru,Seminar on concern to animals held
20010721,city.ahmedabad,Hosanna under pressure to revoke suspension order
20010721,city.thiruvananthapuram,Jaya's elephant donation was in order: Govt
20010721,city.patna,Officials decline comment on Modi's charges
20010721,entertainment.hindi.bollywood,Keerthi Reddy: Traffickin' Muse!
20010721,unknown,The highway patrol
20010721,city.patna,CBM initiated to improve police functioning
20010721,city.delhi,Kalyan Singh stages rally; courts arrest
20010721,city.bengaluru,Govt papers found in dump
20010721,city.ahmedabad,'White House' to be refurbished
20010721,india,Lakhs in Orissa remain marooned
20010721,india,Bharat a long way from Net-savvy India
20010721,city.patna,Slum dwellers drink garbage water
20010721,city.patna,Rajak to discuss TVNL issue with Prabhu
20010721,city.lucknow,LCP throws a spanner
20010721,city.patna,Stolen rly property worth Rs 7 lakh recovered
20010721,city.patna,Restrict movements of undertrial prisoners
20010721,city.lucknow,Lack of homework cause of summit failure
20010721,city.bengaluru,Burglary? Sorry; it's not our area
20010721,india,Dead-end breakfast wasn't meant to be live
20010721,city.lucknow,Govt schools to introduce evaluation system
20010721,city.ahmedabad,Pucca houses to one lakh BPL families
20010721,india,Parallel to Hurriyat floated
20010721,india,Kalyan stages rally in Delhi; courts arrest
20010721,city.kolkata,Education on the downslide
20010721,india,Sondhi's ouster will open a Pandora's box
20010721,city.delhi,Driving trains easy; but needs skills
20010721,city.bengaluru,Work begins on premier art centre unit
20010721,city.ahmedabad,Seized liquor mostly fake; to be dumped
20010721,city.pune,Bulbule threatens legal action against PCB
20010721,business.international-business,Merrill Lynch pays for playing bull during boom
20010721,city.delhi,Desi masters of the game win Hollywood fame
20010721,india,State funding for parties' poll expenses likely
20010721,entertainment.hindi.bollywood,Yet another case framed against Salman
20010721,city.ahmedabad,No breakthrough yet in missing advocate's case
20010721,city.patna,BCCI yet to recognise Laloo's new avatar
20010721,city.lucknow,More SPTMs at Charbagh soon
20010721,india,Manipur stir intensifies; paramilitary forces keep vigil
20010721,unknown,3 hacked to death in Karur village
20010721,city.ahmedabad,MSU's record collection of Rs 51 lakh on Day 1
20010721,india,Manipur truce withdrawal not advisable
20010721,unknown,Racing goes slow
20010721,unknown,Former UTI chief Subramanyam arrested
20010721,city.patna,Most-wanted elements put police; govt in a fix
20010721,city.ahmedabad,GACL holds sales conference
20010721,unknown,Azad blasts AIADMK leader for Sonia slur
20010721,city.delhi,CBSE on a lookout for alternate grading system
20010721,business.india-business,Reliance; Dot ink basic circles pact
20010721,city.bengaluru,BJP says lung space being encroached
20010721,city.bengaluru,MPs to stand united in Parliament
20010721,business.india-business,VSNL venture to provide services in Nepal
20010721,unknown,Anand's wretched form continues
20010721,city.ahmedabad,Demand for corporation status to Junagadh
20010721,city.bengaluru,Privatisation must to boost tourism
20010721,unknown,Combative Wahid faces impeachment on Monday
20010721,city.ahmedabad,Education secretary to probe stampede
20010721,unknown,Karamjit leads in Asian Zone rally
20010721,city.ahmedabad,No alternative to Keshubhai: Khurana
20010721,city.ahmedabad,Technical snags hamper BSNL service
20010721,unknown,Jaya's elephant donation was in order: Govt
20010721,city.mumbai,Honda launches 'Activa' in city
20010721,city.ahmedabad,MoU signed for bio-technology transfer
20010721,city.patna,MCC activist nabbed in Darbhanga
20010721,city.bengaluru,Hopscotch and marbles and fairy tales; restless is youth
20010721,city.lucknow,Main Accused linked with Kashmiri terrorist outfits
20010721,city.ahmedabad,Essar pays 'evaded' duty of Rs 6.81 cr
20010721,city.patna,Modi urges removal of 'tainted' police officers
20010721,city.patna,Move to free Bihar child workers in Gujarat
20010721,unknown,Fishermen decry govt 'indifference'
20010721,entertainment.hindi.bollywood,Reena: Biwi No 1
20010721,city.chandigarh,Haryana launches project for urban development
20010721,city.ahmedabad,City BJP severs ties with Samata
20010721,city.kolkata,Minister gets clean chit from CPM
20010721,cricket,No need to panic; says Ganguly
20010721,business.india-business,CBI arrests Subramanyam
20010721,city.kolkata,Postal dept to introduce Internet services
20010721,india,Sivaji Ganesan dead
20010721,home.science,Bankura hospital linked up with tele-cardiology
20010721,city.chandigarh,Special provision sought for qualifying hill drivers
20010721,city.patna,VC cancels appointment after two days
20010721,unknown,First Person
20010721,city.lucknow,Trader shot at in Varanasi
20010721,city.chandigarh,More states recommended for inclusion in CIC
20010721,business.india-business,FIs yet to finalise participation in Modi's open offer
20010721,city.kolkata,Fire dept to offer courses
20010721,unknown,Wipro Q1 net zooms 97% to 214 crore
20010721,city.delhi,Karamcharis' strike affects admissions
20010721,removed,Agarkar's sun-stroke; that's the only stroke he has!
20010721,business.india-business,Bharti moves HC; DoT to follow
20010721,city.patna,Sahitya Sammelan victim of infighting
20010721,city.kolkata,Tea plantation workers threaten strike
20010721,city.lucknow,Commuters set Vishwanathganj Rly station ablaze
20010721,home.science,Experts call for universal HBV immunisation programme
20010721,removed,New Zealand defeat India by 84 runs
20010721,city.chandigarh,Better techniques in horticulture sought
20010721,city.ahmedabad,Faculty of commerce teacher-student ratio 1:220
20010721,city.kolkata,No hint from Mamata on joining NDA
20010722,india,People's Front braces to slam Govt
20010722,city.delhi,Lodge FIR against former AIIMS director; professor
20010722,city.lucknow,200 city parks to be developed soon
20010722,entertainment.hindi.bollywood,Aamir Khan: Gaining an international audience!
20010722,city.mumbai,Fest leaves trail of slaughtered animals
20010722,edit-page,Lanka Govt blames UNP for instigating violence
20010722,city.mumbai,Police used third degree methods on hackers
20010722,city.bengaluru,Change in exam system advocated
20010722,india,Militants strike again in J&K; 15 killed
20010722,city.delhi,CBSE on a lookout for alternate grading system
20010722,city.bengaluru,Introduce contract system in govt
20010722,city.lucknow,AU clarification on fees
20010722,city.mumbai,IAF to have light combat plane by 2006
20010722,city.hyderabad,Many traffic policemen lack vision; some motivation
20010722,city.hyderabad,World's most prolific woman film producer
20010722,unknown,Sonia offers condolences
20010722,city.thiruvananthapuram,Kerala to shift to market-driven policy
20010722,city.bengaluru,First aerospace doctor on high alert
20010722,edit-page,Discover the secret of happiness within
20010722,india,Joharis' connections need to be probed
20010722,city.chandigarh,Its PM's prerogative to induct anyone: Chautala
20010722,city.delhi,Police get 3 months to investigate deathdue to gate collapse
20010722,entertainment.hindi.bollywood,Shamita Shetty: Denies Rocky S!
20010722,city.hyderabad,TDP apes Congress; goes for 'sealed covers'
20010722,city.bengaluru,Is Bangalore cheapest city? Many don't agree
20010722,city.delhi,NSUI trade charges on shootout
20010722,city.kolkata,Truck turns turtle; 12 injured
20010722,city.mumbai,No fine on shops sans signboards in Marathi
20010722,business.india-business,Rising fuel costs dent A-I's bottomline
20010722,city.bengaluru,Swimming pool in Mysore on the anvil
20010722,city.lucknow,Reservations to MBCs is unethical
20010722,unknown,YC to launch membership drive
20010722,city.hyderabad,CITU extends support to govt staff stir
20010722,home.science,Study on 'benefits' of smoking causes stir
20010722,unknown,All-party team to meet PM on drought
20010722,city.kolkata,Debating over euthanasia
20010722,unknown,A Muhajir's Prayer
20010722,india,UK scientists dispute Indian claim on Pokhran
20010722,city.bengaluru,Homoeopathist; IAS topper honoured
20010722,unknown,Name an occasion; and Goan Feni is there
20010722,home.science,Safety aspects of nuke power plants stressed
20010722,unknown,PC sales: No revolution in sight
20010722,city.bengaluru,BU I degree results today
20010722,city.bengaluru,Ban around Vidhana Soudha for session
20010722,india,AIDS-stricken AP fights back the virus
20010722,home.science,Report disputes Indian claim on Pokhran test
20010722,city.bengaluru,Thief arrested
20010722,india,Gujjar body threatens protest; stir
20010722,city.lucknow,Kailash hostel inmates have nowhere to go
20010722,city.lucknow,Police unearths arms factory
20010722,city.bengaluru,Click to cook
20010722,city.hyderabad,Demand for ouster of Women and Child Welfare Board chief
20010722,city.patna,Activists leave for Delhi to sit on hunger strike
20010722,business.india-business,Yashwant should quit; demands CPI(M)
20010722,entertainment.hindi.bollywood,Sunny Deol: The perfect 'rebel'!
20010722,city.hyderabad,I'm not a feminist: Shashi Deshpande
20010722,city.bengaluru,Depressed? Therapy can come online
20010722,unknown,Lottery prize yields pittance; says CAG report
20010722,city.patna,No reason to panic
20010722,city.hyderabad,40% of ACB cases end in acquittal
20010722,city.bengaluru,Ananth for duty-free shops in hotels; resorts
20010722,unknown,Tytler re-elected head of Judo Federation
20010722,unknown,New surgical procedures help vitiligo patients
20010722,india,PM blames Pakistan for talks' fiasco
20010722,city.kolkata,Ekta Purushkar presentation ceremony
20010722,city.bengaluru,Govt plans to tackle root of drought problem
20010722,city.hyderabad,Women writers do face discrimination
20010722,city.patna,Shahi to chair Cong disciplinary panel
20010722,india,Johris; a jarring note for BJP
20010722,city.chandigarh,Sukh Ram not to withdraw from coalition
20010722,city.hyderabad,Ayurveda graduates oppose college land alienation
20010722,city.lucknow,Mayawati goes soft on poor 'manuwadis'
20010722,india,Pak troops intensify firing along LoC
20010722,city.lucknow,Outside help sought in FP programmes in UP
20010722,india,Karnataka's online dice
20010722,city.hyderabad,Elaborate arrangements for Urdu meet in Chicago
20010722,city.hyderabad,Illegal house-to-shop conversion hurts MCH
20010722,entertainment.hindi.bollywood,Akshay Kumar: Signed for an Anil Sharma film!
20010722,city.delhi,Student killed
20010722,business.india-business,Should India disinvest Kashmir?
20010722,home.science,UK scientists dispute Indian claim on Pokhran
20010722,city.bengaluru,Plea to keep language academies
20010722,city.hyderabad,Auto strike on Aug 8
20010722,india,Massive rallies; protests in Manipur
20010722,business.international-business,US slump may last longer than expected
20010722,city.thiruvananthapuram,Shantam selected for Cairo festival
20010722,city.mumbai,Dubai-based extortionist hounds businessmen
20010722,city.hyderabad,SEC tells collectors to trace abducted poll winners
20010722,india,Steam engines to roll again
20010722,city.hyderabad,SFI protests delay in issuing bus passes
20010722,city.mumbai,Tetsuya's tale
20010722,city.hyderabad,Students step in to stem traffic chaos
20010722,edit-page,Koirala goes... Again
20010722,india,J&K minister's house attacked
20010722,city.hyderabad,Builder ordered to pay compensation
20010722,city.hyderabad,Arya Samaj meet against caste discrimination
20010722,india,After floods; epidemic threat looms over Orissa
20010722,city.delhi,Roshan; Roshan; leading light
20010722,city.patna,Bihar govt to set up bomb disposal squads in 15 districts
20010722,edit-page,Brando Equity
20010722,city.bengaluru,Prisoners in a different role
20010722,city.patna,Tug-of-war over Maitreya Project
20010722,city.lucknow,Govt to safeguard ex-armymen's interests: CM
20010722,unknown,Diving to greater heights
20010722,india,End of an epic
20010722,city.bengaluru,Sheds; sites given to entrepreneurs
20010722,business.india-business,PC sales: No revolution in sight
20010722,city.bengaluru,UK firm to walk Karnataka through VAT system
20010722,business.india-business,From one Ikon to many models
20010722,city.lucknow,'Rajnath natak mantri; Paswan BJP's agent'
20010722,entertainment.hindi.bollywood,Fans pay tearful homage to Sivaji
20010722,india,1 killed; 16 injured in Agartala blast
20010722,business.india-business,MBT shelves IPO; plans Pvt placement
20010722,edit-page,US wants strategic ties with India: Rocca
20010722,city.chandigarh,Upgradation of Amritsar airport to begin soon
20010722,business.india-business,Digvijay reviews finance department's functioning
20010722,city.hyderabad,'Our man in WTO' arrested
20010722,india,Ajit Singh inducted with eye on UP polls
20010722,city.bengaluru,Junior doctors plan stir from today
20010722,city.bengaluru,Air Chief in Mysore
20010722,edit-page,Hippos Under an Eclipsed Sun
20010722,business.india-business,Boost demand to revive economy
20010722,city.hyderabad,Cong; Left may strike alliance
20010722,city.hyderabad,PJR demands revival of probe into Yeleru land scam
20010722,edit-page,Cosmic Vision
20010722,india,Bangladeshi infiltrator shot dead by BSF
20010722,city.lucknow,VHP delegation hands statement to riot commission
20010722,city.bengaluru,Bank honours merit students
20010722,city.bengaluru,Rock band scores at fete
20010722,india,Lack of co-ordination lead to Sheshnag incident
20010722,city.hyderabad,Stray incidents mar mandal chiefs' elections
20010722,city.kolkata,CMC to take action against restaurants flouting norms
20010722,city.mumbai,Jail has hacker Dr Neukar in tears
20010722,city.bengaluru,Borewell water in Davanagere; Haveri dists not potable
20010722,business.india-business,Will they smoke the pipe(line) of peace?
20010722,entertainment.hindi.bollywood,Zee Telefilm appeals to protect brand name
20010722,city.hyderabad,Global law mooted to check cyber crime
20010722,city.lucknow,Shastri accepts rotation of department headship
20010722,city.lucknow,LCP throws a spanner on retirement age
20010722,city.bengaluru,Killer pesticide claims two more lives
20010722,city.lucknow,Accused in priest attack case linked with terrorist outfits
20010722,unknown,Straight Answers
20010722,india,Musharraf hurdle to peace with India: PML
20010722,city.hyderabad,CPI; Bajrang Dal condemn Amarnath killings
20010722,edit-page,Concert to Remember
20010722,city.bengaluru,Pressure on KIOCL mounts
20010722,india,Judicial remand of Prabhakar extended till Aug. 3
20010722,india,Destroy ultra training camps in Pak: VHP
20010722,india,Hurriyat links attack on Amarnath yatris with Kashmir issue
20010722,city.delhi,Man stands still for 25 hours
20010722,city.bengaluru,Complainants turn out to be culprits
20010722,entertainment.hindi.bollywood,Films can bring India; Pak closer: Shatrughan Sinha
20010722,india,Shabir Shah's team leaves for Sheshnag
20010722,india,Police told to register FIR against former AIIMS chief
20010722,entertainment.hindi.bollywood,Jaya; Hrithik bag BFJA awards for 'Fiza'
20010722,city.hyderabad,Kannabiran writes to CM on teachers' 'harassment'
20010722,city.bengaluru,'Clash of ideas' shadows IFFI inauguration
20010722,city.kolkata,Dead Amarnath pilgrims arrive in city
20010722,india,Central team visits Sheshnag
20010722,city.hyderabad,All in the family
20010723,india,BSP focuses on Punjab; UP issues for polls
20010723,india,Cong workers killed in Amarnath cremated
20010723,city.chandigarh,Teachers accuse DEO of not preparing seniority list
20010723,business.india-business,SEBI will raise issue of brokers funding with RBI; says Mehta
20010723,india,PoWs issue not closed: India
20010723,business.india-business,Bollywood warms up to India Inc.
20010723,home.science,Chinese doctor sets world record in weight loss
20010723,city.bengaluru,AIR gets people-friendly
20010723,entertainment.hindi.bollywood,Zee TV chief gets 'Pride of the Nation' award
20010723,city.bengaluru,Raichur leaders join protest against project
20010723,india,India yet to receive formal invitation from Pak
20010723,removed,Kirit SomayiabrShould Sinha resign over UTI failure
20010723,removed,Soli J SorabjeebrUS Supreme Court East Timor
20010723,city.delhi,Adulterated oil seized; three arrested
20010723,unknown,If software becomes free
20010723,india,Curfew not clamped in Doda district: Spokesman
20010723,business.india-business,Exide in JV with Austrian firm
20010723,city.ahmedabad,Fracture treatment camp for women
20010723,city.ahmedabad,Bride price skyrockets in Panchmahals
20010723,home.science,India to introduce HBV vaccine: WHO
20010723,city.patna,Bihar govt to set up bomb disposal squads
20010723,unknown,Pondy leaders pay tributes to Sivaji
20010723,city.patna,VHP reiterates its stand on Ram Mandir
20010723,india,Two killed; 21 injured in Kashmir blasts
20010723,unknown,Sharif not to set base in London
20010723,business.india-business,Crude production dips 7.5% to 2.48 mt in June
20010723,business.india-business,Govt awaits HC ruling
20010723,india,Ram temple construction to begin in March
20010723,city.bengaluru,Patients affected as junior doctors strike work
20010723,city.bengaluru,No clash of ideas over film fest venue
20010723,city.hyderabad,SEC rejects Congress request
20010723,business.india-business,TELCO; M&M drive comm vehicles sales down in Q2
20010723,city.ahmedabad,Minister's son cleared of smuggling charges
20010723,edit-page,Clear Vision
20010723,city.chandigarh,Computer education in 5;000 schools; 42 colleges
20010723,business.india-business,Rupee opens slightly weak against $
20010723,city.bengaluru,New media centre for 'sensitive' budding journalists
20010723,edit-page,Message from Agra
20010723,entertainment.hindi.bollywood,Akshay Kumar signs for an Anil Sharma film!
20010723,city.lucknow,Six battered to death in Moradabad
20010723,edit-page,Matter of Honour
20010723,city.bengaluru,State will raise limit of piecemeal works
20010723,india,Paswan may go for tie-ups outside NDA
20010723,unknown,Sivaji cremated amid tearful scenes
20010723,home.science,Orissa govt sends medical teams to combat enteric disease
20010723,unknown,Sudhakaran gets bail for funeral
20010723,entertainment.hindi.bollywood,Sivaji Ganesan is no more
20010723,city.hyderabad,Vanomahotsav celebrated
20010723,india,2 Pak soldiers killed in border firing
20010723,city.bengaluru,Raichur power station in the red: CAG
20010723,business.india-business,Power grid corporation to invest Rs 1;100 crores in telecom
20010723,unknown,Atwal finishes 16th at Siouxland Open
20010723,city.ahmedabad,ASE brokers' peace march today
20010723,india,Doda killings have exposed Musharraf: BJP
20010723,city.pune,Hearing in water tax case posted to July 23
20010723,city.pune,CM tight-lipped on burning civic issues
20010723,city.bengaluru,Select forays into networking software
20010723,city.bengaluru,iAppliance to rewrite Net access
20010723,city.bengaluru,Drinking water crisis grips Hubli-Dharwad
20010723,city.ahmedabad,First ever paediatric-cardiac centre opened
20010723,city.bengaluru,iCMG releases world's first CORBA Server
20010723,city.chandigarh,Surinderpal Singh takes over as GNDU V-C
20010723,city.ahmedabad,Plaints against shopkeepers on bills
20010723,edit-page,Core Identity
20010723,india,Ajit Singh hints at subsidy cuts
20010723,city.pune,City pilot project to shape police e-network in state
20010723,unknown,India kick off English tour today
20010723,india,Uma Bharti scoffs at marriage rumours
20010723,city.patna,Unpaid BNMU staff on verge of starvation
20010723,india,CRPF involved in Sheshnag killings: Shah
20010723,removed,Jeffrey ArcherbrCant Babble
20010723,unknown,PAAA threatens to boycott National Games
20010723,city.bengaluru,Belgaum aims for Chandigarh-model revamp
20010723,city.bengaluru,MES refuses to bury border hatchet
20010723,india,Central team reviews security situation in Doda
20010723,city.patna,Bettiah zila parishad yet to convene meeting
20010723,edit-page,Climate of Discord
20010723,india,Amarnath yatra suspended along Baltal route
20010723,city.ahmedabad,Offer for assistance in biotechnology research
20010723,india,Sangh Parivar goes soft on NDA Govt
20010723,city.bengaluru,TNN supports anti-mining lobby
20010723,city.bengaluru,Venkaiah doing nothing for state despite RS ticket
20010723,entertainment.hindi.bollywood,Shah Rukh Khan: Quote unquote!
20010723,unknown,Mongolia keen to develop ties with India
20010723,india,Centre holds talks with NSCN (I-M) on Naga truce
20010723,city.pune,Three of a family killed in mishap
20010723,city.pune,Engg admissions begin from today
20010723,india,CBI says no action in submarine case till probe is completed
20010723,home.science,India moves to protect threatened marine species
20010723,unknown,Kidnap case: 'Punk' Kumar remanded
20010723,india,Panja still waiting in the wings for Cabinet berth
20010723,business.india-business,Brokers go on one-day strike
20010723,business.india-business,Dragon; Tiger of China eye India
20010723,removed,Pranab MukherjeebrShould Sinha resign over UTI failure
20010723,city.chandigarh,Monitor cases of atrocities against SCs; STs
20010723,home.science,Miracle pain killer finds no takers
20010723,city.patna,PMC's apathy hits Patna DM; others as well
20010723,city.bengaluru,Coconut growers' source of livelihood hit: KRRS
20010723,city.patna,Let us invite Mohajirs for talks
20010723,city.hyderabad,Many hold double passports against law
20010723,india,Krishnam Raju moves to defence ministry
20010723,city.chandigarh,Legal aid lawyers' panel to be reconstituted
20010723,business.india-business,Bharti-SingTel pulls out of VSNL bidding
20010723,business.india-business,If software becomes free
20010723,business.india-business,Rural credit likely to go up to Rs 86;000 crore: report
20010723,india,Attack on Amarnath yatris shocks armed forces
20010723,city.hyderabad,AP to draw 300 MW power from other states
20010723,unknown,Flyover case: Advance bail to Stalin aide
20010723,city.patna,MP's supporters thrash Gaya DCC president
20010723,india,SC upholds bail to Ahmedabad builders
20010723,home.science,Health care scheme in MP
20010723,india,Amarnath pilgrims stranded due to heavy rain
20010723,india,Statute review panel's report being prepared
20010723,city.bengaluru,UB coming up with new whisky
20010723,city.hyderabad,Junior colleges 'cash' in on hapless students
20010723,city.lucknow,Traders protest inhuman act of GRP
20010723,city.ahmedabad,New born undergoes rare surgery
20010723,city.bengaluru,Govt ignorant of ground realities: JD(S)
20010723,city.chandigarh,Jalandhar police launches website
20010723,city.kolkata,22 injured in blast at Indo-Bangla border
20010723,business.india-business,Centre to chart fresh norms for IA sell-off
20010723,business.india-business,UTI suspends officials under CBI investigation
20010723,city.bengaluru,Blame sticks on JD(U); BJP too
20010723,city.lucknow,2 day workshop onwater conservation
20010723,city.patna,Ban on new licences for manufacturing drugs soon
20010723,city.hyderabad,IT slowdown casts a shadow on BCA admissions
20010723,business.india-business,Multiple Zones to buy back Mail.com stake
20010723,india,SC asks six states to end starvation amidst plenty
20010723,business.india-business,Stock brokers embark on nationwide strike
20010723,business.india-business,India scores on size; loses on red tape for FDI
20010723,city.bengaluru,TechSpan to offer customised billing products for domestic market
20010723,city.lucknow,US grant to Indian agriculture scientist
20010723,city.bengaluru,4 ADA scientists get outstanding tag
20010723,unknown,UN begins probe into videotape affair
20010723,india,Parliament's real business yet to begin
20010723,city.bengaluru,Shrines everywhere
20010723,india,Hurriyat sings Musharraf's tune
20010723,india,Some NGOs helping pro-Pak elements; say security forces
20010723,india,Bhujbal cross-examined in defamation case
20010723,home.science,HC seeks details on drugs prices monitoring mechanism
20010723,entertainment.hindi.bollywood,Anil Kapoor is a man with a mission !
20010723,city.hyderabad,School children throw rules to wind
20010723,city.hyderabad,Powergrid-Transco tie-up on the cards
20010723,entertainment.hindi.bollywood,Film stars in Parliament; no more a rare sight
20010723,city.pune,After exam failure; its career choices that worry students
20010723,removed,Shobha DebrThe Roll of Medi
20010723,city.lucknow,10-year RI to two for abducting; raping minors
20010723,india,3 CRPF men killed in NSCN attack in Assam
20010723,india,Police disperse agitating students
20010723,unknown,Bharti-SingTel pulls out of VSNL bidding
20010723,city.chandigarh,Women constitute 60 per cent of AIDS cases in India
20010723,city.patna,Help available for poor patients of arthritis
20010723,india,SC stays Laloo's arrest in fodder case
20010723,edit-page,Universal Appeal Of an Ancient Myth
20010723,city.chandigarh,Tension continues between BKU; police
20010723,city.lucknow,Retirements may drain UP coffers
20010723,unknown,Multiple Zones to buy back Mail.com stake
20010723,entertainment.hindi.bollywood,Fardeen Khan's new philosophy!
20010723,business.india-business,Indian households ditch stock market for small savings
20010723,city.ahmedabad,Shravan month begins on sombre note in Kutch
20010723,city.bengaluru,A big leap forward: 'IT Zindabad' launched
20010723,business.india-business,RIL to invest Rs 1;500 cr in oil exploration
20010723,city.bengaluru,Compudyne notches up Rs 836 lakh net
20010723,unknown,CLTA gearing up for National Games
20010723,india,Tehelka panel's term extended
20010723,city.hyderabad,'Bribe amounts' put ACB in a quandary
20010724,city.bengaluru,Wrong timing: Hike in fee for medical; dental courses
20010724,business.india-business,SEBI suspends ace stock broker Nikhil Shah
20010724,city.mumbai,'Pearl Harbour' celebrations not on 'Vikrant'
20010724,city.delhi,3 held for stealing travellers' cheques worth Rs 1.3 crore
20010724,business.india-business,Action initiated against BPL; Videocon
20010724,city.thiruvananthapuram,2 killed as bus hits auto
20010724,city.hyderabad,BJP unit chief offers to resign
20010724,india,Cong demands Central rule in UP
20010724,india,VDC to counter militancy in Kashmir
20010724,edit-page,Grounded in Genoa
20010724,entertainment.hindi.bollywood,Aftab Shivdasani: His first lady love!
20010724,india,Protests plague Manipur; Assam
20010724,city.pune,Bulbule threatens legal action against PCB
20010724,city.mumbai,Maharashtra Assembly regularises irregular construction
20010724,entertainment.hindi.bollywood,Amitabh Bachchan: Carry on safely!
20010724,city.patna,Help available for poor patients of arthritis: Thakur
20010724,city.thiruvananthapuram,Kerala suggests Endosulfan spraying; activists shocked
20010724,edit-page,SACRED SPACEbrBody Soul
20010724,city.bengaluru,BU invites payment seats for PG courses
20010724,unknown,Aid workers flay delay in Orissa support
20010724,city.bengaluru,Airport talks to be over by August end
20010724,india,PAC slams defence ministry for shielding the corrupt
20010724,india,Rocca calls on Sonia
20010724,city.delhi,Number of poor in city to rise as govt widens scope
20010724,india,757 militants killed this year in Kashmir
20010724,city.ahmedabad,Surat company develops heart stent
20010724,city.kolkata,Software net to catch smugglers
20010724,city.bengaluru,There's a Ninja in Bangalore
20010724,city.ahmedabad,Stay on self-financing scheme till July 25
20010724,cricket,Barry; Foster to coach Sri Lanka
20010724,city.thiruvananthapuram,Decision soon on power tariff hike
20010724,city.mumbai,Inspector; constable dismissed for underworld links
20010724,city.bengaluru,Baby hippo on public display at Bannerghatta
20010724,city.bengaluru,Fodder shortage drives cattle to slaughterhouses
20010724,unknown,Generalspeak
20010724,city.delhi,All's well here
20010724,city.kolkata,No freedom from poverty
20010724,cricket,No more cricket for Cronje: SA Board
20010724,city.mumbai,City's population growth declines by 0.38%
20010724,city.bengaluru,Consensus eludes members on varsity report
20010724,business.india-business,3-member panel to probe UTI's investment decision
20010724,edit-page,MIDDLEbrSnore Signals
20010724,cricket,Cricket will go on in Sri Lanka
20010724,city.kolkata,Centre must clarify stand on greater Nagaland: Keishing
20010724,edit-page,MIDDLEbrThe Musharraf Effect
20010724,city.kolkata,Duty drawbacks spell doom for small leather units
20010724,business.india-business,Govt may mull more compensation to VSNL
20010724,unknown,10 ancient swords found
20010724,city.delhi,Death stalks the roads. Accidentally?
20010724,city.delhi,2 guards drive off with Rs 2 cr
20010724,entertainment.hindi.bollywood,Namrata is no more cagey about stages!
20010724,city.ahmedabad,Vittal outlines ways to combat corruption
20010724,unknown,Union minister heads firm that swindled Goans
20010724,unknown,DMK MP wants Bharat Ratna for Sivaji
20010724,city.bengaluru,Still have their ear to the ground
20010724,city.pune,Three of a family killed in mishap
20010724,city.ahmedabad,ST to ply 10 CNG buses soon
20010724,city.delhi,Time limit for VAT returns reduced
20010724,city.delhi,Man stands still for 25 hours
20010724,city.ahmedabad,One stabbed during anti-Pak demonstration
20010724,city.ahmedabad,ST to ply 10 CNG buses soon
20010724,city.lucknow,HC concerned overlitigation involving varsities
20010724,city.bengaluru,Ramayana impact on poets immense
20010724,unknown,Popat to lead 4-member team for National Games
20010724,city.thiruvananthapuram,Move to revive Silent Valley draws flak
20010724,city.kolkata,Coochbehar decks up to welcome tourists
20010724,unknown,Life convicts appear for PG exams
20010724,city.delhi,Lodge FIR against former AIIMS director; professor
20010724,city.bengaluru,45 vehicles burnt; hundreds hurt in Peenya riot
20010724,city.bengaluru,Spotting the fake: Cursors fly in war of the mice
20010724,india,PM's response to summit debate on Thursday
20010724,city.bengaluru,Kolar govt staff to stage dharna today
20010724,city.bengaluru,HC dismisses Dinakar's contempt plea against state
20010724,unknown,GPCC criticises state of law and order
20010724,city.ahmedabad,Chaudhary felicitated at Junagadh
20010724,india,11 killed in trekker-bus collision
20010724,city.bengaluru,Labourers migrate to Hubli; Goa in droves
20010724,city.patna,Bihar govt to set up bomb disposal squads in 15 districts
20010724,city.bengaluru,Sivaji: The curtain drops
20010724,city.mumbai,Rane takes exception to news regarding curtailing of session
20010724,unknown,Agra summit not a failure: BJP
20010724,city.ahmedabad,Surat company develops heart stent
20010724,city.bengaluru,Robbed of Rs 25 lakh; they didn't complain
20010724,india,Govt to continue to abide by cabinet decision of 1955
20010724,city.bengaluru,Elephant shot in futile bid for ivory
20010724,city.bengaluru,Shimoga shuts down in protest against mining
20010724,india,PM gives Sinha clean chit
20010724,business.india-business,Govt to file caveat in SC tomorrow on 4th cellular slot issue
20010724,city.bengaluru,First batch of women constables passes out
20010724,city.bengaluru,Junior doctors threaten to intensify stir
20010724,city.kolkata,Police rescue Sikh pilgrims at station
20010724,edit-page,Tamil Chevalier
20010724,city.bengaluru,Kudremukh gets nod to go ahead with mining
20010724,india,PM for consensus to resolve Naga issue
20010724,unknown,Gallant Hero
20010724,business.india-business,VSNL's participation in cellular bid dismissed
20010724,city.delhi,Viral fever on the rise; infants worst hit
20010724,unknown,Meet decides to revive student movement in Goa
20010724,india,Govt urges NSCN(I-M) to be flexible on ceasefire
20010724,business.india-business,Disinvestment commission reconstituted
20010724,business.india-business,A-I flights to Hong Kong; Singapore from Mumbai
20010724,city.delhi,ABVP; NSUI trade charges on shootout
20010724,city.ahmedabad,Plantation programme in Junagadh
20010724,india,Belligerent Katiyar gets warning from Liberhan
20010724,city.delhi,No special staff for mid-day meals
20010724,india,Police deny CRPF's involvement in Sheshnag massacre
20010724,city.bengaluru,Pensioners pose a nightmare to officials
20010724,city.mumbai,Thackeray criticises Centre for 'soft stance'
20010724,city.patna,Bihar badnam kyon hai; debate bigwigs
20010724,cricket,Cronje to take legal action against King panel
20010724,city.mumbai,Shiv Sena-BJP Oppn stage walkout over SIMI issue
20010724,unknown,IBM invests in Chrysalis Fund II
20010724,city.delhi,Conversion firms to contest clause in draft CNG norms
20010724,city.ahmedabad,Lok Darbar at Lalpur; Khambhalia held
20010724,edit-page,United We Fall
20010724,india,3 BSP leaders expelled from party
20010724,entertainment.hindi.bollywood,Hrithik identifies himself with his role in 'Yaadein'
20010724,city.bengaluru,BJP team to visit Delhi for aid
20010724,city.patna,Salary grant to LNMU comes with strings attached
20010724,city.ahmedabad,New Sanskrit Mahavidyalay building plans finalised
20010724,city.ahmedabad,Poet Akho's relevance recalled<
20010724,city.mumbai,Financial constraints compelled govt to take harsh steps
20010724,unknown,Gopi should do well in Jakarta
20010724,city.thiruvananthapuram,More women cops to be recruited
20010724,city.bengaluru,Rs 1.15 crore relief for Gadag district
20010724,unknown,Hurt Usha says she never took drugs
20010724,city.mumbai,MLAs join voices over 'compassionate' appointments
20010724,business.india-business,Modis to hive off tyre business
20010724,city.bengaluru,Housie-on-cable has these residents hooked
20010724,city.mumbai,Indian Navy may promote 'Pearl Harbour'
20010724,city.ahmedabad,Mobile courts to settle pre-litigation cases at door-step
20010724,city.delhi,Captured stray cattle return to roads
20010724,india,LS Question Hour disrupted over UTI fiasco
20010724,city.kolkata,Warning sounded on jute mills
20010724,unknown,HC rejects pleas to stay cases against Jaya
20010724,edit-page,Future Talks
20010724,city.bengaluru,Sindgi drinking water scheme taken up
20010724,unknown,Indonesia Open: Gopi starts against Roch
20010724,edit-page,In Write Ernest
20010724,india,SC reserves order in case against Jaya's minister
20010724,city.bengaluru,Retired KSRTC staffers to lay siege to minister's house
20010724,india,Don't be apologetic about summit: PM to partymen
20010724,india,Vajpayee rules out compromise on terrorism
20010724,city.delhi,CBI files report on Airbus deal in HC
20010724,city.thiruvananthapuram,Rally: HC notice to SNDP gen secy
20010724,city.patna,Ban on new licences for manufacturing drugs soon: Minister
20010724,city.bengaluru,These women can operate bank accounts now
20010724,city.bengaluru,Shun evil; says seer
20010724,city.bengaluru,Underpass trial run soon
20010724,city.bengaluru,They buy medicare for Bangalore's poor
20010724,city.patna,VHP reiterates its stand on Ram Mandir
20010724,city.bengaluru,Large dams needed in south India; says study
20010724,city.lucknow,SP Malaviya quits RLD
20010724,city.kolkata,Business looks up in Falta
20010724,india,Militants kill four kidnapped J&K villagers
20010724,city.bengaluru,JD(S) demands cleaning up of lakes in Mysore
20010724,city.bengaluru,Trade unions protest against govt policies
20010724,unknown,Jassal new Indian ambassador to Israel
20010724,unknown,Excise workers to join stir
20010724,city.delhi,Dengue-prone areas identified
20010724,city.thiruvananthapuram,Sand being taken out of 3 districts
20010724,business.india-business,Videocon withdraws IA bid; to decide shortly on VSNL
20010724,city.thiruvananthapuram,Exim policy woes: House seeks Central help
20010724,business.india-business,For top brass it's simply not peanuts
20010724,india,Resolve Dabhol dispute reasonably: Rocca
20010724,city.mumbai,Govt to conduct inquiry into hoisting of Pak flags
20010724,city.bengaluru,Postal strike tomorrow
20010724,unknown,Colombo-bound flights diverted
20010724,city.ahmedabad,Corporates find rebuilding Kutch not a cake-walk
20010724,city.patna,PMC's apathy hits Patna DM; others as well
20010724,city.bengaluru,August may stay dry too
20010724,unknown,Court directive for foolproof drug testing
20010724,india,Heavy exchange of fire along LoC
20010724,india,Continuity with change; is Rocca's message
20010724,city.bengaluru,Chief Secy censured for absence
20010724,city.thiruvananthapuram,Minister's absence irks House
20010724,india,7 policemen killed in car-rail engine collision
20010724,home.science,ISRO awaits Ariane-5 failure for Insat-3C launch
20010724,city.bengaluru,Students seek postponement of engg exams
20010724,city.ahmedabad,Special pension scheme disbursals
20010724,india,Nagas take out peace rallies in support of truce extension
20010724,city.bengaluru,Govt plans to handle jr doctors' stir
20010724,home.science,Country's first science satellite Astrosat
20010724,entertainment.hindi.bollywood,Dimple Kapadia: Fiery moods!
20010724,city.thiruvananthapuram,Info-tech a crucial weapon for armed forces
20010724,city.bengaluru,Kharge tells cops to wake up
20010724,city.ahmedabad,Lok Darbar at Lalpur; Khambhalia held
20010724,edit-page,SACRED SPACEbrPower of Yoga
20010724,india,Legalising prostitution: Will it help?
20010724,cricket,It won't be all fun when Lankans meet Kiwis
20010724,india,Oppn flays govt over 'failure' of summit
20010724,city.bengaluru,Kerala suggests Endosulfan spraying; activists shocked
20010724,city.bengaluru,MU teachers demand withdrawal of Varsity Bill
20010724,city.delhi,Raise; don't raze: Mayor Desai
20010724,city.ahmedabad,Theft at Gandhidham
20010724,city.bengaluru,Rubbermaid comes to town
20010724,city.ahmedabad,BUTA announces strike on July 25
20010724,edit-page,THE SPEAKING TREEbrYou are the Immortal Soul
20010724,city.bengaluru,ISRO awaiting Ariane-5 failure reports for Insat-3C launch
20010724,unknown,Russia finds Nilgiri tea bitter
20010724,city.bengaluru,5 women in flesh trade arrested
20010724,city.mumbai,State; Central govt employees to go on strike
20010724,city.bengaluru,State looks within: Fiscal plan aims at self-sufficiency
20010724,city.kolkata,Chinks in Iskcon widen with nod to rathayatra
20010724,india,Three ultras among four killed in J&K
20010724,city.kolkata,CPT berths for pvt bodies
20010724,city.delhi,SC asks six states to end starvation amidst plenty
20010724,business.india-business,BSE suspends trading in DSQ software from July 30
20010724,city.kolkata,Flood shelter scheme yet to begin
20010724,city.ahmedabad,BUTA announces strike on July 25
20010724,city.delhi,Pesticides may have killed fish
20010724,city.kolkata,Cultivating dreams from wasteland
20010724,city.ahmedabad,State receives light to moderate rains
20010724,city.bengaluru,Tourist guidance training camp organised
20010724,city.bengaluru,3 inter-state gang members held
20010724,edit-page,Dictator to DarlingbrMusharraf as King of Hearts
20010724,city.bengaluru,Making companies disabled-friendly
20010724,home.science,They buy medicare for Bangalore's poor
20010724,unknown,Panchayat ignores villagers' plea on buildings
20010724,cricket,Ganguly to bat lower down
20010724,edit-page,THE SPEAKING TREEbrBuddha Nature of The Silicon Chip
20010724,city.bengaluru,Mi-8 training chopper crashes; all safe
20010724,city.bengaluru,Govt releases Rs 20 crore for drought
20010724,city.kolkata,Contact lens programme by eye major
20010724,unknown,Moneylenders Bill powerful; but...
20010724,unknown,Amit wins gold; Mukti two silvers
20010724,city.bengaluru,High-rise structures: Dept gives fire alarm
20010724,city.ahmedabad,One stabbed during anti-Pak demonstration
20010724,entertainment.hindi.bollywood,Saif Ali Khan: Please do not disturb!
20010724,city.kolkata,Left lobs self-help mantra on youth
20010724,india,Manipur leaders' houses set afire
20010724,unknown,Modi wants referendum on Pak
20010724,city.kolkata,Bengal weavers shortlisted for Stockholm awards
20010724,city.bengaluru,2 held for theft in Gokul Industrial Estate
20010724,india,Chandra Shekhar loses 500-acre 'gift'
20010724,city.bengaluru,Lok Ayukta pulls up Victoria Hospital
20010724,city.delhi,Govt move on mobile telephony challenged
20010724,city.ahmedabad,SBI opens MICR cheque processing centre
20010724,city.ahmedabad,SBI opens MICR cheque processing centre
20010724,city.thiruvananthapuram,Power cut imposed on Kerala
20010724,india,Orissa flood situation grim; 86 dead
20010724,city.mumbai,Women constables of RPF lack in professionalism
20010724,edit-page,Crumbs of Discomfort
20010724,city.mumbai,More marine species to get protection
20010724,city.kolkata,A taxing problem this
20010724,city.bengaluru,Talks deadlocked; junior doctors to intensify stir
20010724,city.mumbai,TADA court extends bail of Yusuf Memon
20010724,city.delhi,Waiting in the wings for a mouthful of sky
20010724,india,SC upholds Mulayam's election from Sambal
20010724,city.pune,City pilot project to shape police e-network
20010724,city.mumbai,Govt directed to table report of inquiry into naxal death
20010724,city.ahmedabad,Mobile courts to settle pre-litigation cases at doorstep
20010724,unknown,Sick constable's son to be employed
20010724,city.delhi,Policemen's hand in robbery suspected
20010724,city.pune,Cash looted from milk van
20010724,unknown,Death of a good Samaritan
20010724,unknown,Grants to 40 students in Panaji
20010724,city.delhi,City becoming major centre for hawala deals
20010724,india,India rejects resolution on J&K adopted by OIC
20010724,city.bengaluru,Road work sub-standard; say corporators
20010724,city.delhi,Lack of CNG filling stations place burden on DTC
20010724,city.bengaluru,Corporators off on 'education' jaunts
20010724,city.bengaluru,JD(S) threatens govt on changing Yagachi canal plan
20010724,city.delhi,Lawyer rebuked for delaying maintenance payments
20010724,city.thiruvananthapuram,No change in liquor policy planned
20010724,city.delhi,Fire brigade ladder was very hot; say Uphaar survivors
20010725,city.bengaluru,Dataram signs up with Signet
20010725,unknown,70 pc govt staff join stir
20010725,entertainment.hindi.bollywood,Seagal seeks support for amendment to animals act
20010725,unknown,India beat Egypt in World Cup qualifier
20010725,city.bengaluru,Power cut in some city areas on Sunday
20010725,unknown,India as 'racist' as white western nations: Report
20010725,city.thiruvananthapuram,TU stir a near-failure in Kerala
20010725,unknown,IBM; Aptech announce global training alliance
20010725,unknown,Attack exposes Lankan security set-up
20010725,entertainment.hindi.bollywood,'Yaadein': High expectations!
20010725,unknown,Media projection as core diplomacy
20010725,india,First unit of Tehri project delayed
20010725,business.india-business,Indian tea exports hit by Iran ban
20010725,unknown,Bihar engineering exam scam case cracked
20010725,city.bengaluru,Computer Associates aims to secure the SME segment
20010725,city.bengaluru,Shun evil; says seer
20010725,city.bengaluru,Rs 250 for disposal of dead bodies
20010725,unknown,SPEEDKING
20010725,unknown,IT firms eye Europe for offshore services
20010725,city.bengaluru,Cops go hunting for necking couples at Lalbagh
20010725,city.bengaluru,Bhaskar to become next police chief
20010725,city.kolkata,Six policemen injured in brickbatting
20010725,city.bengaluru,Pak Rotary Club money for Kolar project
20010725,unknown,No remedy for past discrimination
20010725,business.india-business,Telco losses up
20010725,city.bengaluru,Govt staff stir partial in Mysore
20010725,city.patna,Destined to death; Arnit is deprived of jail facilities
20010725,city.bengaluru,Solutions ahead for BCC grant schemes
20010725,city.bengaluru,VTU V-C wants number of engg courses cut
20010725,business.india-business,Kawasaki to source parts from Bajaj
20010725,city.bengaluru,Roadshow leaves AIR listeners nostalgic
20010725,cricket,Tendulkar feeling better; bone scan on Aug 10
20010725,india,Justice Ahmadi cautions Muslims against turning into vote-bank
20010725,business.india-business,Tarapore mum on UTI;seeks stronger regulatory capability
20010725,india,Indian Army rebuts Israeli charges
20010725,city.lucknow,10-year RI to 2 for abducting; raping minors
20010725,india,Advani rejects J&K autonomy resolution
20010725,city.hyderabad,RTC will not be privatised: CM
20010725,business.india-business,VAT panels to probe revenue loss due to VAT and VAT on services
20010725,unknown,Striking similarities
20010725,city.thiruvananthapuram,Abandoned; he has fought to find his roots
20010725,unknown,IndianOil seeks tax break to keep Panipat alive
20010725,unknown,VRS: Goa govt gets help from EDC
20010725,city.ahmedabad,Attempt to loot bank foiled in Surat dist
20010725,business.india-business,SBI; ICICI Bank to outsmart others in 3 years
20010725,unknown,Award for 3 Ooty scientists
20010725,city.bengaluru,Repair old roads first; suggests forum
20010725,unknown,Protests in Phoolan's constituency
20010725,city.hyderabad,25 selected for Endowments Awards
20010725,city.bengaluru,IOC's new office keeps pace with IT strides
20010725,city.bengaluru,Seven Karnataka fencers in Indian team
20010725,cricket,India will have to get their act together
20010725,business.india-business,S Ramadorai appointed Tata Tech chief
20010725,business.india-business,Specialty; Ranbaxy to call it a day
20010725,unknown,Indians need to pull up socks to qualify
20010725,entertainment.hindi.bollywood,Hrithik: The price of stardom!
20010725,city.bengaluru,TOI's toy train report mentioned in House
20010725,city.lucknow,US grant to Indian agriculture scientist
20010725,city.bengaluru,BCC sees red over film units' damage to parks
20010725,city.bengaluru,Let's not forget the man behind Mekhri Circle
20010725,unknown,12 teams to take part in Asia Cup TT
20010725,unknown,Valuation row clouds AI sell-off
20010725,city.hyderabad,Traditional food; a cure to cataract
20010725,entertainment.hindi.bollywood,Exhibit to showcase rare Ray memorabilia
20010725,unknown,Israel awaits President K R Narayanan's visit
20010725,city.bengaluru,State govt employees stage dharna
20010725,city.thiruvananthapuram,Haj flights from Calicut this season
20010725,home.science,Leptospirosis deaths rise to 22
20010725,business.india-business,Hiten Dalal's arrest deferred
20010725,india,India; Russia agree on cost to set up Kudankulam plant
20010725,entertainment.hindi.bollywood,Seema Biswas shocked over Phoolan's death
20010725,city.bengaluru,4 buried alive at tankbed
20010725,city.bengaluru,65 held; Peenya riot to be probed
20010725,city.lucknow,Rajnath writes to PM on EWS housing schemes
20010725,city.bengaluru,Highland Distillers to enter India
20010725,business.india-business,Hindujas; Sterlite; CSFB issued show-cause notices
20010725,city.bengaluru,Uneasy calm in Peenya
20010725,business.india-business,Verdict on Ketan Parekh's bail plea tomorrow
20010725,city.bengaluru,3 MLAs stage dharna in House
20010725,business.india-business,HLL net rises; to pay 250%
20010725,city.bengaluru,Education loan hike draws aspirants to banks
20010725,city.lucknow,Jail officials found her tough
20010725,city.lucknow,Six battered to death in Moradabad
20010725,city.ahmedabad,Right wing activists held for stabbing youth
20010725,city.bengaluru,Laugh away your blues; also your ills
20010725,city.patna,Tourist complexes to come up in East Champaran
20010725,unknown,Treatment not up to standards: BIS officers
20010725,india,Phoolan Devi shot dead
20010725,unknown,WWF moots centre for conservation in Goa
20010725,business.india-business,SBI Q1 net rises 26% to Rs 580 cr
20010725,city.hyderabad,HC reserves orders on MCH polls
20010725,city.patna,Circus animals get caught up in legal cobweb
20010725,city.hyderabad,Govt to act tough against corrupt officers
20010725,unknown,Sesa Goa shuts 2 mines after staff unrest
20010725,business.india-business,Samsung India H1 sales up 38% at Rs 1;247cr
20010725,unknown,India has 5 years advantage over China in IT
20010725,city.ahmedabad,Man carrying revolver arrested
20010725,business.india-business,IBM invests $10m in Chrysalis
20010725,city.patna,Police patrol to be intensified along rly tracks
20010725,unknown,How babus switched from English to Hindi
20010725,unknown,PIB scores at Agra
20010725,city.bengaluru,Memorial service for Kargil heroes today
20010725,city.thiruvananthapuram,Mankolangal chosen for Locarno festival
20010725,business.india-business,IRDA warns LIC; GIC on UTI equity exposure
20010725,india,Govt concerned at rising inter-country adoptions
20010725,cricket,Sri Lanka pull off sensational victory
20010725,city.kolkata,Lifer for murdering woman
20010725,city.hyderabad,School students advocate cause of Hindi
20010725,city.hyderabad,Traders protest one-way traffic
20010725,city.lucknow,Rajnath denies SP's charges on Phoolan's murder
20010725,india,Protesters on rampage in Manipur
20010725,unknown,Raichur cricket stadium project in limbo
20010725,india,Floods ease; but public anger mounts in Orissa
20010725,city.lucknow,Retirements may drain UP coffers
20010725,home.science,CNG not the only clean fuel: Govt
20010725,business.india-business,States to pay Rs 18;000cr to NTPC
20010725,city.pune,Thackeray's name cleared in defamation case
20010725,city.bengaluru,'Insight into one's culture needed'
20010725,india,25 hurt as BJP; Congress activists clash
20010725,cricket,Board sees no panic in continuing tour: Muthiah
20010725,unknown,US revises military strategy
20010725,entertainment.hindi.bollywood,Amitabh Bachchan: Don't say 'Bollywood'; say 'Hollywood'!
20010725,city.ahmedabad,Task forces for environment protection soon
20010725,india,Congress stalls LS proceedings
20010725,city.bengaluru,CITU protests against govt's 'anti-labour' policies
20010725,city.bengaluru,Subba Reddy to contest Advocate Association polls
20010725,unknown,Ex-minister Zawarkar booked for fraud
20010725,city.kolkata,Trinamul stages walkout in assembly
20010725,india,Production of Agni missile begins: Govt
20010725,unknown,We'd like friendly ties with India: Sattar
20010725,city.bengaluru,Bellary sees a spate of workers' protests
20010725,home.science,Scientists develop new satellite monitoring software
20010725,unknown,Ministers; babus fight it out in court
20010725,unknown,Seven Karnataka fencers in Indian team
20010725,city.bengaluru,Automakers on right side of the green line
20010725,home.science,Chinese couples opt to store embryos for future use
20010725,city.bengaluru,Shimoga shuts down in protest against mining
20010725,unknown,China takes note of Indo-Israeli 'Phalcon' deal
20010725,india,PMK readmitted to NDA
20010725,city.bengaluru,Greater role awaits Mangalore Port Trust
20010725,city.lucknow,Who's going to be the next Chief Secretary?
20010725,business.india-business,Tatas sack five top executives
20010725,city.patna,Probe panels suffer govt apathy
20010725,edit-page,Well begun; but half done: A look back at liberalisation
20010725,india,Pro-active policy to be pursued in J&K: Swami
20010725,city.mumbai,Announcement on Enron PPA probe tomorrow
20010725,business.india-business,UTI in talks with private banks for US-64 package
20010725,unknown,Joe Ancheri to don East Bengal jersey
20010725,city.thiruvananthapuram,Non-veg canteen at legislature complex opposed
20010725,city.hyderabad,PCC president blames TRS for party debacle
20010725,home.science,National blood policy on anvil
20010725,city.ahmedabad,Govt revives autonomy plan for select colleges
20010725,city.bengaluru,Don't worry; Help is here
20010725,city.bengaluru,Nagara Panchami a curse for snakes?
20010725,city.lucknow,SP calls CM's ouster; UP bandh today
20010725,city.bengaluru,Dying lakes: Disaster waiting to happen
20010725,city.bengaluru,Raichur cricket stadium project in limbo
20010725,india,SPO killed; two injured in Doda
20010725,business.india-business,Global Tele arm plans techcompetency centres
20010725,india,MBC quota will not encourage casteism
20010725,city.mumbai,Strike paralyses work; essential services unaffected
20010725,city.bengaluru,Sathya Sai hospital touches another milestone
20010725,city.bengaluru,Cattle being slaughtered in inhuman way
20010725,city.lucknow,Erratic power supply hits Allahabad DD Kendra
20010725,city.bengaluru,Twist in tale for budding authors!
20010725,city.bengaluru,Graft: DSS tells taluk panchayat chief to act
20010725,city.bengaluru,Errors in question paper; yet results announced
20010725,city.bengaluru,Partial response to postal strike
20010725,city.bengaluru,No let-up in doctors' strike
20010725,unknown,Training on accidents on July 30
20010725,unknown,Water level in Mettur at 70 ft
20010725,city.lucknow,Traders warn govt against policy
20010725,city.bengaluru,BJP slur on Revanna irks JD(S) members
20010725,entertainment.hindi.bollywood,Lisa Ray: The rose among 'thorns'!
20010725,city.bengaluru,Kolar Milk Union sends SOS to NDDB
20010725,city.bengaluru,Revenue funds 'diversion' to be probed
20010725,business.india-business,RIL to acquire oil & gas blocks from Tullow
20010725,unknown,In infrastructure; you get what you pay for
20010725,unknown,Polluted Kushawati is no longer a lifeline
20010725,city.bengaluru,Panchayat poll reforms from Oct
20010725,unknown,NIIT launches fast-track career programme
20010725,city.lucknow,UP Govt's gift of grab to land votes
20010725,business.international-business,IMF; WB under pressure to simplify loan terms
20010725,city.kolkata,Anchorage facility for Diamond Harbour reactivated
20010725,city.bengaluru,Those were the days; for Victoria regulars
20010725,business.india-business,Purple Yogi plans makeover
20010725,unknown,Times expo in Chennai
20010725,unknown,Prohibitory orders promulgated in Mirzapur
20010725,india,US donates $25;000 to PM's relief fund
20010725,city.lucknow,Lucknow hit by power shortage
20010725,india,Moradabad killings shadow Parliament proceedings
20010725,india,Hizb leader Masood killed in encounter
20010725,city.bengaluru,17 girl babies were sold: Kharge
20010725,city.bengaluru,Junior doctors still on warpath
20010725,city.hyderabad,MCH confident of tackling another August 2K
20010725,unknown,Destiny's child
20010725,unknown,India begin England tour on losing note
20010725,city.mumbai,Sena-BJP to press for no-trust move against speaker
20010725,city.hyderabad,Oppn condemns convening session in August
20010725,city.ahmedabad,Artistes pour out quake pathos
20010725,india,Foreign militant killed; 3 held in J&K
20010725,unknown,Phoolan Devi shot dead
20010725,unknown,US NMD for friends; not just allies
20010725,city.hyderabad,Head constable dies in grenade explosion
20010725,city.thiruvananthapuram,No decision yet on Silent Valley: Antony
20010725,city.bengaluru,Job letters when you join this management institute
20010725,unknown,On strict vigil
20010725,city.patna,Camp employment exchange opened at Araria
20010725,unknown,Ronaldo happy with comeback effort
20010725,city.bengaluru,12 teams to take part in Asia Cup TT
20010725,unknown,Lombi strikes four against lacklusture India
20010725,home.science,Heart surgery device successfully tested
20010725,home.science,India; Russia agree on cost of Kudankulam nuke plant
20010725,unknown,Lata visits Sivaji Ganesan's family
20010725,business.india-business,Equities suffer setback on selling pressure
20010725,unknown,NSG takes over Karunanidhi security
20010725,entertainment.hindi.bollywood,India fashion week to feature 44 designers
20010725,city.bengaluru,Uproar in House over minister's remark on Speaker
20010725,india,PoK only issue to be solved through talks: Abdullah
20010725,unknown,India; Britain explore areas of co-operation in IT
20010725,business.india-business,4th round cellular bids stays on hold
20010725,entertainment.hindi.bollywood,Lata Mangeshkar visits Sivaji Ganesan's family
20010726,city.bengaluru,Karnatak varsity MA results announced
20010726,unknown,How to poach a partner
20010726,city.kolkata,LF threatens to pull down CMC board
20010726,city.ahmedabad,Attempt to loot bank foiled in Surat dist
20010726,unknown,We only had two years of reforms
20010726,cricket,CBI team in Monaco to probe telecast rights award
20010726,city.lucknow,SP activists court arrest; bandh a damp squib
20010726,city.thiruvananthapuram,No test of banned cancer drug
20010726,unknown,I-Day gift: Rice; wheat to cost less
20010726,unknown,I dropped Phoolan home in my car: Samajwadi MP
20010726,edit-page,Phoolan Phenomenon
20010726,unknown,2-day IT workshop begins in Panaji
20010726,cricket,Tendulkar's knocks not among top 100
20010726,business.india-business,Dunlop sees exodus of executives in last 7 months
20010726,unknown,The jaggery and neem nemesis
20010726,entertainment.hindi.bollywood,Bollywood: Place a bet!
20010726,unknown,UK Hindu youths' quest to find roots
20010726,india,One killed; 27 injured in UP bandh
20010726,business.india-business,US-64 should be separated from other schemes
20010726,entertainment.hindi.bollywood,Anchor your career but not in turbulent waters
20010726,city.ahmedabad,Promotion through CAS to begin from May
20010726,unknown,Mulayam blames Centre
20010726,city.kolkata,Anchorage facility for Diamond Harbour reactivated
20010726,edit-page,Just for a Laark
20010726,city.lucknow,I-T officers observe token strike
20010726,city.ahmedabad,Artistes pour out quake pathos
20010726,city.lucknow,UP to recruit 20;000 primary teachers
20010726,unknown,Ten minutes of exercise can do wonders
20010726,city.lucknow,Homage paid to Kargil martyrs
20010726,business.india-business,Court rejects Ketan Parekh's bail plea
20010726,city.lucknow,Ajit's induction in Union cabinet hailed
20010726,home.science,China hospital sets record for weight loss
20010726,city.lucknow,'Bandit Queen' lives on
20010726,city.mumbai,Strike paralyses work; essential services unaffected
20010726,city.lucknow,One killed in Varanasi as UP bandh turns violent
20010726,city.hyderabad,Congress workers stage dharna; disrupt traffic
20010726,city.lucknow,Rs 125 crore package for Bundelkhand
20010726,entertainment.hindi.bollywood,Preity Zinta: Losing all those calories!
20010726,business.india-business,Shares finish lower on sustained selling
20010726,city.delhi,Tribute paid to Kargil martyrs
20010726,city.bengaluru,Dengue buzzes into Dharwad; citizens warned
20010726,unknown,A decade in Gwalior Jail changed Phoolan
20010726,unknown,US to develop next generation nuclear technologies
20010726,unknown,Govt files caveat in SC on 4th celluar slot
20010726,unknown,NIIT among top 15 IT training providers
20010726,city.bengaluru,No change in the custom duty on aluminium ingots
20010726,unknown,Her surrender was an honest attempt: Arjun Singh
20010726,city.delhi,Branded fakes strip originals of 'image'
20010726,city.hyderabad,Convene all-party meet to discuss drought; says CPM
20010726,unknown,Bandh in UP to protest Phoolan's killing
20010726,city.ahmedabad,Bravery awards to be presented today
20010726,india,Centre; Delhi govt asked to clarify stand on Sainik Farms
20010726,city.chandigarh,India to participate in fencing championship
20010726,india,Bomb blast accused gets bail
20010726,city.delhi,Congress flays move to tax illegal colonies
20010726,city.ahmedabad,For quake compensation; one has to die under debris
20010726,city.lucknow,High-level team of officials inspect NR stations
20010726,home.science,RCC chief denies testing banned drugs
20010726,unknown,Pushy parents and gut feelings
20010726,business.india-business,ICICI Lombard may get IRDA nod tomorrow
20010726,city.mumbai,NGOs demand implementation of Srikrishna report
20010726,city.mumbai,24 die due to Leptospirosis in Maharashtra
20010726,city.delhi,Govt stepping on gas to boost CNG supply
20010726,cricket,Uncertainty looms over domestic format
20010726,city.lucknow,Opposition leaders feel insecure: Kalyan
20010726,city.patna,Shortage of officers hits AHD schemes
20010726,city.mumbai,HC serves contempt notices to labour minister
20010726,unknown,UN to send observer mission for Fiji election
20010726,edit-page,Weak Brew
20010726,city.bengaluru,IOC opens first multi-purpose retail outlet
20010726,city.ahmedabad,Central govt employees on strike in Gujarat
20010726,home.science,Workshop to use media for health promotion
20010726,city.lucknow,BJP leader sure of party's success
20010726,city.hyderabad,Krishna water for city in 3 years: Goud
20010726,city.lucknow,Bandh uncalled for; says Rajnath
20010726,city.bengaluru,Malaprabha project to be complete by next year
20010726,india,Bihar staff facing problems in Nepal
20010726,unknown,Tackling the Taxman
20010726,unknown,Calling Karachi
20010726,india,Opposition leaders feeling insecure: Kalyan
20010726,city.lucknow,Former BSP MLA seeks entry to SP
20010726,city.pune,Strike hits work at govt offices
20010726,unknown,She didn't trust anyone: Bobby Bedi
20010726,city.ahmedabad,Demand for gauge conversion from Palanpur to Samakhiali
20010726,city.bengaluru,Karnataka Bank in talks with insurance cos for distribution
20010726,city.lucknow,10 PCS officers transferred
20010726,city.delhi,Hospital lacked equipment for resuscitation
20010726,unknown,Thousands pay tribute to Phoolan
20010726,city.mumbai,DF govt yet to take decision on Enron probe
20010726,city.patna,Power continues to play truant in Patna
20010726,india,11 insurgents surrender in Tripura
20010726,edit-page,MIDDLEbrBon Voyeurism
20010726,india,Parliament adjourned for a day
20010726,city.ahmedabad,Right wing activists held for stabbing youth
20010726,unknown,Vedic city established in Iowa; US
20010726,city.mumbai,Maharashtra heading for financial crisis
20010726,unknown,Phoolan's death an electoral card
20010726,city.bengaluru,Stick to 3 engg branches; advises VTU V-C
20010726,business.india-business,Govt seeks SEBI's opinion on HZL delisting
20010726,india,Confused vibes from Congress
20010726,city.bengaluru,ABVP call for KU bandh a success
20010726,city.chandigarh,Tension continues between BKU; police
20010726,city.chandigarh,15 bodies recovered from SYL canal
20010726,unknown,I had to lock myself in to come to terms with the news: Shekhar Kapur
20010726,business.india-business,Govt should reduce stake in IDBI: Panel
20010726,city.chandigarh,Chamling seeks tips from Haryana on tourism
20010726,city.ahmedabad,Murder at Shaherkotda
20010726,city.lucknow,Junior doctors protest against fee hike
20010726,city.bengaluru,ISI fomenting trouble; says Bajrang Dal
20010726,india,India to go ahead with CBMs; awaits Pak response
20010726,unknown,Emotional farewell for Phoolan
20010726,city.lucknow,OPD; emergency services hit by KGMC employees strike
20010726,home.science,Doctors leave gauze in patient's body
20010726,india,Pankaj prime suspect in Phoolan murder
20010726,india,PM's reply to debate on Agra summit on Aug 1
20010726,city.lucknow,Phoolan Devi cremated
20010726,city.delhi,UNESCO recognises ancient theatre form
20010726,edit-page,SACRED SPACEbrLife and Death
20010726,city.delhi,Injured guard recovering under heavy security
20010726,city.thiruvananthapuram,HC sets 2-week deadline for toddy decision
20010726,city.delhi,Slum dwellers protest domestic help's death
20010726,city.delhi,Sops for minority communities
20010726,unknown,Phoolan Devi's journey: From Bandit Queen to lawmaker
20010726,entertainment.english.hollywood,Pavarotti chooses first Asian student
20010726,home.science,24 die of leptospirosis
20010726,city.bengaluru,Cultural progamme organised
20010726,unknown,How secure is Delhi's VIP area
20010726,unknown,Firm barred from using website similar to Indya.com
20010726,city.mumbai,SP activists burn effigies of Advani; Rajnath
20010726,city.pune,Police officer arrested for extortion bid
20010726,city.delhi,Threats started three weeks ago
20010726,city.ahmedabad,Martyr's family amply compensated
20010726,city.mumbai,Hiten Dalal gets two weeks to surrender
20010726,city.lucknow,27 lakh saplings planted in state
20010726,unknown,Phoolan's killing is a political conspiracy: SP
20010726,unknown,Pieces of peace
20010726,city.delhi,CM discharged from hospital
20010726,unknown,Security was in keeping with threat perception: Centre
20010726,city.ahmedabad,Umta residents seek custody of Jain temple
20010726,city.patna,Directive to Centre on circus animals
20010726,unknown,CR Park mourns its friendly Didi
20010726,unknown,She will always be known as the Bandit Queen
20010726,city.ahmedabad,Gujarat budget session begins on July 25
20010726,india,Prime accused in adoption racket surrenders
20010726,unknown,Assaulted Communidade official transferred
20010726,india,US not to involve itself in Indo-Pak talks
20010726,india,Security forces put on high alert in Srinagar
20010726,india,We want peace; but are ready for war: PM
20010726,city.delhi,Traders' strike call partially successful
20010726,city.lucknow,Barabanki encounter: SP; ASM transferred
20010726,city.chandigarh,Badal asks Amarinder to learn decency norms
20010726,india,CBI searches of UTI officials draws a blank
20010726,city.hyderabad,Prime accused in adoption racket surrenders
20010726,city.mumbai,Chaos in assembly over 'desecration' of shrine
20010726,city.ahmedabad,Quake; MMCB to dominate session
20010726,city.bengaluru,MUDA plans 4-lane road long Kankanady Bypass
20010726,city.kolkata,N Bengal; Indo-Bangla border cause for concern
20010726,city.mumbai,Bomb blast accused gets bail
20010726,city.lucknow,Mukhtar criticises Govt over his security
20010726,unknown,UN to monitor sanctions against Taliban
20010726,unknown,Karunanidhi yet to decide on pact with PMK
20010726,city.patna,HC concerned over functioning of govt depts
20010726,unknown,Modern School ready with Football Academy
20010726,india,PM objects to Musharraf's remarks
20010726,city.delhi,Triple murder
20010726,city.lucknow,Party workers go on rampage in Varanasi
20010726,unknown,The Chinmaya with positive 'chi'
20010726,business.india-business,GSPC stops gas supply to Essar Steel plant
20010726,city.patna,Life term to retired DSP for murder
20010726,city.lucknow,Last-ditch effort to revive Gorakhpur fertiliser mill
20010726,unknown,When she hugged me; the moment was endless: Seema Biswas
20010726,city.delhi,Phoolan's supporters attack Rajnath Singh's residence
20010726,city.lucknow,50 villages face danger from Varuna river
20010726,city.mumbai,Laxman's common man to spread message of cleanliness
20010726,city.ahmedabad,HC issues notices over Kher wood smuggling
20010726,unknown,Shooting in Lutyens' zone has MPs asking questions
20010726,city.bengaluru,Govt staff stage dharna
20010726,city.kolkata,Reservation not the only solution for Dalits: Buddhadev
20010726,city.patna,Supaul bandh partial
20010726,business.india-business,CII discusses IT JVs with British counterpart
20010726,city.kolkata,Woman qualifies as merchant navy officer
20010726,unknown,Car used by assailants registered in Indore
20010726,city.ahmedabad,Govt dole for quake repair finds few takers!
20010726,city.chandigarh,Centre invites private firms to build godowns
20010726,city.delhi,Eyewitness accounts of Phoolan Devi's murder
20010726,city.bengaluru,Youth power to protect green cover
20010726,india,Militants attack army camp in Kashmir
20010726,city.patna,Gangster gets death sentence
20010726,unknown,Govt wasn't in the know for over an hour
20010726,business.india-business,CBI interrogates Arvind Johari of Cyberspace
20010726,business.india-business,Former BSE president Damani is dead
20010726,india,Sondhi challenges his removal in high court
20010726,unknown,Success in the time of tech bust
20010726,city.lucknow,Health services continue to falter
20010726,city.bengaluru,Hinduism is firmly rooted in the present
20010726,city.bengaluru,Take a Big Leap with IT courses designed by IIT Kharagpur
20010726,edit-page,Illusion of Security
20010726,india,CVC asks Jindal for details of duty scam
20010726,india,Kidnapped Bihar officers released
20010726,city.delhi,Illegal colonies to be taxed on unit area
20010726,unknown,Phoolan an idol without a vision: Khushwant
20010726,city.bengaluru,Woman survives suicide bid
20010726,city.bengaluru,Computerised centre promises better pollution control
20010726,unknown,Guarding his secrets well
20010726,unknown,Behmai victims not involved
20010726,city.chandigarh,Cabinet minister involved in arms license racket
20010726,city.ahmedabad,Sharma continues to 'elude' police
20010726,unknown,PMK's return to NDA worries DMK front
20010726,city.patna,Kiul-Gaya rail services may be restored on Friday
20010726,unknown,We only had two years of reforms
20010726,unknown,Violent end to a dramatic life
20010726,city.thiruvananthapuram,Youth Congress worker attacked
20010726,unknown,TRAI enlarges hi-tech panel's scope
20010726,city.ahmedabad,Property market unable to recover from shocks
20010726,city.mumbai,Announcement on Enron PPA probe tomorrow
20010726,city.mumbai,Epidemic; says Haffkine
20010726,unknown,Voice of Moderation
20010726,city.ahmedabad,Academic council does flip-flop
20010726,city.pune,Wake up before it's too late
20010726,unknown,Probe begins into 'second income' of govt staff
20010726,city.delhi,Tight security ordered for exhibition of Nizam's jewels
20010726,city.lucknow,Varsity teachers boycott studies
20010726,city.bengaluru,Pvt guards to beef up Lalbagh security
20010726,city.ahmedabad,Task forces for environment protection soon
20010726,unknown,Actress accused of kidnapping 2 boys
20010726,unknown,Phoolan's supporters attack Rajnath Singh's residence
20010726,india,4 injured in rocket blasts in Rajouri
20010726,city.mumbai,Two Chhota Rajan aides held in murder case
20010726,india,Mild reaction to Bush word on Kashmir
20010726,india,Admn struggles to reach marooned
20010726,unknown,Free options may choke paid e-mail model
20010726,unknown,'Phoolan's was a death foreseen'
20010726,unknown,Cyanide killed Stalin's aide and family
20010726,business.india-business,4 states ready to buy DPC power
20010726,city.patna,Seven Gaya doctors suspended
20010726,india,Malik's return could spell trouble for Hurriyat
20010726,india,Infiltration bids foiled; 11 killed in Kashmir
20010726,unknown,Sudhakaran back in jail
20010726,city.ahmedabad,Constable held for taking bribe of 10 bucks
20010726,city.bengaluru,Mysore zoo gifted 2 male wallabies
20010726,home.science,Algae possible cause of fish deaths: Official
20010726,edit-page,Auto-suggestion
20010726,india,Red Cross move to hit two organisations
20010726,city.hyderabad,ICRISAT device to monitor soil loss
20010726,business.india-business,VSNL; IBP shareholders' nod likely by Sept
20010726,india,Dreaded criminal held after shootout in south Delhi
20010726,unknown,Plea to take part in varsity seminar
20010726,india,HC notice to CBI on Bhatnagar's plea
20010726,city.thiruvananthapuram,Youth Congress worker attacked; jeep torched
20010726,city.bengaluru,Karnataka; Andhra Pradesh confer on vehicle tax
20010726,city.lucknow,HC expresses concern over growing corruption
20010726,unknown,Mirzapur; a hotbed of politics and power
20010726,edit-page,SACRED SPACEbrCrime Forgiveness
20010726,unknown,BDR personnel involved in border skirmishes awarded
20010726,city.patna,17 given life term for murder
20010726,india,Arunachal students body joins anti-truce stir
20010726,city.lucknow,Demonstrators hold up train services
20010726,city.lucknow,SP accused of politicising Phoolan's murder
20010726,city.kolkata,CPM condemns Phoolan Devi's killing
20010726,city.pune,Students stageprotest against astrology courses in varsities
20010726,city.bengaluru,Drunk officer misbehaves at Kargil anniversary fete
20010726,unknown,It's a Dispute
20010726,city.mumbai,Leptospirosis deaths rise to 22
20010726,unknown,Remembering her surrender
20010726,city.pune,Parents dismayed at cut in grants to English schools
20010726,unknown,IBM launches initiative for Net firms
20010726,unknown,With the candid Khans
20010726,city.delhi,SP office wears deserted look
20010726,city.patna,Kalam appointed chief patron of JCST
20010726,city.ahmedabad,Another stay order slapped on MSU
20010726,city.ahmedabad,Admission on payment seat to restart on July 27
20010726,entertainment.hindi.bollywood,Tragic end to a very tragic life
20010726,unknown,Phoolan had strong views on jail reforms
20010726,city.patna,Janshakti party to launch jail bharo agitation
20010726,city.chandigarh,Chautala-BJP relations may be strained
20010726,cricket,Script remains same; India lose again
20010726,unknown,Phoolan wanted a gun to protect herself
20010726,city.delhi,Police reviews security cover of other VIPs
20010726,unknown,The rising son
20010726,india,SSB men to be deployed along Indo-Nepal border
20010726,india,Blackwill to start work tomorrow
20010726,city.ahmedabad,Anand students threaten hunger strike
20010726,business.india-business,Rupee weakens slightly against the dollar
20010726,unknown,Amitabh Bachchan: Confident? Positive? Sure?
20010726,india,BJP national executive begins tomorrow
20010726,city.patna,BSRTC yet to clear retirement benefits to its employees
20010726,india,Orissa relief workers struggle to reach the flood-hit
20010726,city.chandigarh,Chautala expresses grief over Phoolan's death
20010726,city.delhi,Local RWAs to maintain cremation grounds
20010726,city.ahmedabad,Gujarat's budget shows Rs.363 cr deficit
20010726,unknown,Sehba pledges support to South Asian girl child
20010726,unknown,Phoolan's missing security guard surfaces
20010726,city.delhi,Algae likely cause of fish deaths: Official
20010726,cricket,Coming back into the series difficult: Ganguly
20010726,city.kolkata,Trinamul stages walkout in Assembly
20010726,unknown,Murder leaves behind a host of questions
20010726,city.ahmedabad,Three held for black marketing
20010726,india,Supreme Court refuses bail for Pappu Yadav
20010726,city.chandigarh,Petition against Rao Man Singh dismissed
20010726,edit-page,Siege of Colombo
20010726,unknown,Call of the rebel
20010726,city.lucknow,Traffic chaos marks SP protests
20010726,india,794 pilgrims leave for Amarnath
20010726,city.patna,Alarming spread of malaria in Dumka block
20010726,city.bengaluru,Bajrang men arrested for disrupting HDMC meet
20010726,city.mumbai,Godbole submits report on good governance
20010726,india,Naga bandh paralyses life for 3rd day
20010726,city.bengaluru,Kargil war heroes remembered
20010726,city.bengaluru,Phoolan murder condemned
20010726,unknown,In NTR's backyard
20010726,india,Curfew relaxed in Imphal; protests continue
20010726,unknown,Phoolan's murder raises queries about VIP security
20010726,city.mumbai,Sena-BJP to press for no-trust move against speaker
20010726,city.ahmedabad,Attempt to loot bank foiled in Surat dist
20010726,india,Death toll rises to 28 in truck mishap
20010726,business.india-business,Apollo Tyres net profit drops by 30 per cent
20010726,unknown,The Smoothie
20010726,india,Jaya's deceit forced return to NDA: PMK
20010726,unknown,The little known face of Phoolan
20010726,home.science,Two child norm should be made a public debate
20010726,business.india-business,Carrier net plunges 75% to Rs 2.55 cr
20010726,edit-page,Agra Flawed from Start Pakistan is the Real Core Issue
20010726,city.kolkata,TC downplay dissension among party MLAs
20010726,home.science,Efforts needed to protect people from trips' harsher impacts
20010726,city.mumbai,Oppn refrains from no trust motion against speaker
20010726,city.thiruvananthapuram,Antony offers aid to Kargil martyrs' parents
20010726,city.delhi,Stamp duty rates revised
20010726,unknown,One killed in Varanasi as UP bandh turns violent
20010726,city.pune,PMC to requisition officer for land acquisition
20010726,india,Prior sanction for officials' trial not required: SC
20010726,home.science,Workshop to use media for health promotion
20010726,india,Speedy release of funds for J&K necessary
20010726,city.bengaluru,'Pacifist' king cobra found
20010726,entertainment.hindi.bollywood,'Aks': 13th not lucky!
20010726,india,Govt looks for consensus on Naga truce
20010726,unknown,Phoolan didn't seek additional security: Rajnath
20010726,edit-page,MIDDLEbrPrice of Protection
20010726,cricket,Selectors to pick Test squad on August 2
20010726,cricket,Laxman; Kumble in Wisden's top ten list
20010726,india,Russian academy honours Joshi
20010726,unknown,India's influence in Mongolia waning: Analysts
20010726,city.delhi,Dreaded criminal held after shootout in south Delhi
20010726,city.patna,SP activists ransack Ara post office
20010726,unknown,Murder stuns Parliament
20010726,unknown,Musharraf didn't harp on Kashmir: Pak
20010727,city.patna,SEC gears up for local bodies election
20010727,city.mumbai,Higher number of quacks detected in Nagpur
20010727,unknown,Straight Answers
20010727,unknown,Mirzapur loses its crowd-puller
20010727,city.bengaluru,Director Dinesh Babu slapped with 3-month ban
20010727,cricket,No end to Ganguly's woes
20010727,india,Officials to take possession of Bhondsi land on Monday
20010727,india,NSCN says it had not called for Naga exodus
20010727,city.bengaluru,Clause to help Kannadiga candidates misused
20010727,city.patna,103 Kishanganj schools have only one teacher each
20010727,india,Court can try person not named in FIR
20010727,city.delhi,Reza puts Delhi's belly on the telly
20010727,entertainment.hindi.bollywood,Chandrachur Singh: Handy man!
20010727,city.patna,Young woman waiting to be rescued from jail
20010727,unknown,998 degrees awarded at the Madras IIT
20010727,city.lucknow,UP to recruit 20;000 primary teachers
20010727,city.patna,Rabri for all-out effort to fight drought
20010727,business.india-business,Canada 3000 to begin Mumbai-Toronto flight
20010727,home.science,Missing vultures: A major health hazard
20010727,city.bengaluru,Health minister caught up in transfers
20010727,city.delhi,The numberplate's days are numbered!
20010727,unknown,Quota Reservations
20010727,business.india-business,Beer battle hots up
20010727,city.hyderabad,Reddamma consensus candidate for Chittoor ZP chief's post
20010727,city.bengaluru,Protest against move to demolish Ball Wall Park
20010727,city.lucknow,3 killed as jeep overturns
20010727,city.bengaluru,Meet discusses retail banking
20010727,india,Relief continues slowly in flood-hit Orissa
20010727,india,SC notices to Centre; EC on candidates' background
20010727,business.india-business,SEBI begins proceedings against broker Rahul Bajaj
20010727,city.mumbai,Vidarbha MLAs unitedly demand release of funds
20010727,unknown,Second suspect might be hiding in Meerut
20010727,city.bengaluru,CM to visit Bellary; Bijapur today
20010727,business.india-business,Business between India; UK exceeds target
20010727,unknown,I-Day gift: Rice; wheat to cost less
20010727,business.international-business,EC launches antitrust proceedings against De Beers
20010727,city.mumbai,Fardeen Khan exempted in narcotics case
20010727,city.delhi,Hearing on Manu's bail plea deferred in Jessica case
20010727,city.bengaluru,Man crushed under 16 tonnes of granite
20010727,city.bengaluru,JD (U) for transparent transfer policy
20010727,india,MP govt's award for wildlife and forest conservation
20010727,city.bengaluru,Show goes on...in rat-infested cinema halls
20010727,unknown,Ramesh advances to sole lead
20010727,city.bengaluru,Bangalore-Mysore project awaits 'green' signal
20010727,india,All-party panel makes cosmetic changes to information bill
20010727,unknown,Fearless to the End
20010727,city.mumbai,Maharashtra to promote adventure tourism
20010727,unknown,PMK's return to NDA worries DMK front
20010727,city.pune,Cummins targets fuel flexibility
20010727,city.thiruvananthapuram,NCC naval officers pass out
20010727,india,Govt eats its words on Naga ceasefire
20010727,city.kolkata,High level police team to investigate abduction case
20010727,city.delhi,Decide on engineering seats fast
20010727,business.india-business,Nandas enter entertainment
20010727,business.india-business,Devanhalli airport project hits roadblock
20010727,city.kolkata,CPM to invest only in bank deposits
20010727,india,BJP cautious on return of deserters
20010727,city.bengaluru,Ecosystem assessment to promote conservation
20010727,entertainment.hindi.bollywood,Hrithik releases grandmother's album
20010727,city.mumbai,States' offer totally unrealistic: DPC
20010727,city.bengaluru,Burglars take away Rs 90;000
20010727,business.india-business,Polaris picks up 25% stake in Eternet Inc
20010727,city.bengaluru,Plan to revive KFIDC: Minister
20010727,city.bengaluru,Medical students justify doctors' strike
20010727,india,SC notice to govt on polygamy among Muslims
20010727,city.chandigarh,Issuing of photo identity cards geared up in Punjab
20010727,unknown,Gopichand struggles into semis
20010727,city.bengaluru,How Bangalore can tide over dry spells
20010727,city.mumbai,Speaker directs govt to provide security cover to Sena MLA
20010727,city.delhi,Spurt in sale of Devi's biography
20010727,entertainment.hindi.bollywood,Dimple not to act with Rajesh Khanna
20010727,entertainment.hindi.bollywood,Fardeen: Good times ahead
20010727,city.bengaluru,It was anxiety finding outlet in Peenya
20010727,india,Rajya Sabha approves President's rule in Manipur
20010727,india,Amarnath yatris on the decline
20010727,unknown,A Failed Summit
20010727,india,Rejoicing in Manipur
20010727,business.india-business,UTI may hike redemption limit for small investors
20010727,city.bengaluru,Lok Ayukta finds lapses at Anekal hospital
20010727,city.delhi,Easy duplication cuts into software firms' profits
20010727,city.pune,Abduction drama ends; culprit surrenders
20010727,india,Centre should withdraw ceasefire extension
20010727,unknown,3 excise employees suspended for graft
20010727,unknown,Cyanide killed Stalin's aide and family
20010727,india,Courts can try without chargesheets: SC
20010727,city.mumbai,Abduction drama ends; culprit surrenders
20010727,unknown,Bandana brigade
20010727,city.patna,Law department says 'no' to pollution tax on petrol sales
20010727,city.bengaluru,Come home to the theatre
20010727,unknown,Probe begins into 'second income' of govt staff
20010727,city.bengaluru,'Outside forces blocking India's road to progress in N-energy'
20010727,city.hyderabad,Industries forced to bear the brunt of subsidised power
20010727,india,New US envoy Blackwill arrives in Delhi
20010727,edit-page,SACRED SPACEbrRage Control
20010727,india,BJP warns Jaya
20010727,city.bengaluru,Tourism project gets govt nod
20010727,city.kolkata,Naga bandh paralyses life for 4th day
20010727,cricket,BCCI's advisory committee to meet on August 1
20010727,unknown,3 ex-students steal computer from school
20010727,entertainment.english.hollywood,Traffic
20010727,business.india-business,Govt gives nod to investor protection fund
20010727,city.lucknow,SP accused of politicising Phoolan's murder
20010727,unknown,Assaulted Communidade official transferred
20010727,india,Protests continue in Manipur
20010727,city.lucknow,One killed in Varanasi as UP bandh turns violent
20010727,india,Abortive bid to blow up Srinagar police HQ
20010727,india,No talks till terrorism stops; RSS tells govt
20010727,business.india-business,Lots in 'store' for Hitachi in India
20010727,unknown,Who's who in the Phoolan case
20010727,unknown,N Korea's Kim dismisses US fears over missiles
20010727,unknown,'We won't rest till the truth is out'
20010727,unknown,Kumaratunga invites Oppn for talks
20010727,city.kolkata,Sunderbans should be declared national property: Minister
20010727,india,Hindujas oppose placing of more documents in Bofors case
20010727,india,CBI raids retired IAF officials' houses
20010727,unknown,Vellai Ravi held under Goonda Act
20010727,india,IAF espionage ring busted; 8 held
20010727,city.bengaluru,Villagers fence sacred area to keep off land sharks
20010727,unknown,Phoolan was fed up with Samajwadi Party
20010727,india,Congress open to alliance with secular parties
20010727,india,Govt suffers a set back on water cess issue
20010727,city.hyderabad,Agriculture facing severe crisis: Sharad Joshi
20010727,city.kolkata,Human skulls; bones trader arrested
20010727,india,Phoolan murder: Advani to make statement in LS
20010727,unknown,Tigers may have taken guise of Air Force men
20010727,city.lucknow,Mahakausal Express stoned; 2 TTE injured
20010727,home.science,Obesity directly proportional to TV watching
20010727,unknown,BJP behind Phoolan's murder: UP SP chief
20010727,unknown,KBA no more affiliated to BAI; says Mani
20010727,unknown,Only an alliteration: US on the K-word dispute
20010727,unknown,Phoolan: A tragic victim of circumstances
20010727,city.hyderabad,Govt's lack of vision killed NSF; allege employees
20010727,city.bengaluru,Drought: Central team to visit state next week
20010727,city.mumbai,Illicit liquor flows freely at Wardha
20010727,home.sunday-times.deep-focus,Juicy schemes; but who's biting?
20010727,edit-page,MIDDLEbrYellow Dirty Fellow
20010727,edit-page,Economy in Logjam Fallacies of Liberalisation Dogma
20010727,unknown,73 bodies discovered from China mine blast
20010727,india,Manipur MLAs; MPs issue ultimatum
20010727,unknown,I killed Phoolan to avenge Behmai
20010727,city.kolkata,BTTA to host Eastern Zonal National TT Championship
20010727,city.hyderabad,Church members object to commercial complex
20010727,city.kolkata,NJMC employees up in arms against management
20010727,india,Lok Sabha adjourned till 2 pm
20010727,city.bengaluru,Kannada film industry 'Bahala Chennagide'
20010727,business.india-business,Royal Philips to buy out CG Glass
20010727,city.bengaluru,Tank preservation amendment to be tabled
20010727,city.hyderabad,More than 3 crore diarrhoea cases per year in AP
20010727,city.delhi,Three held for Ghaziabad court killings
20010727,unknown,Profile of Sher Singh Rana
20010727,city.bengaluru,Doctors strike on; govt yet to respond
20010727,city.hyderabad,Fishermen demand probe into Phoolan's killing
20010727,unknown,Wipro in tie-up with Printronix
